-- phpMyAdmin SQL Dump
-- version 5.2.2
-- https://www.phpmyadmin.net/
--
-- Host: localhost:3306
-- Generation Time: Aug 26, 2025 at 07:09 AM
-- Server version: 8.0.42-cll-lve
-- PHP Version: 8.4.10

SET SQL_MODE = "NO_AUTO_VALUE_ON_ZERO";
START TRANSACTION;
SET time_zone = "+00:00";


/*!40101 SET @OLD_CHARACTER_SET_CLIENT=@@CHARACTER_SET_CLIENT */;
/*!40101 SET @OLD_CHARACTER_SET_RESULTS=@@CHARACTER_SET_RESULTS */;
/*!40101 SET @OLD_COLLATION_CONNECTION=@@COLLATION_CONNECTION */;
/*!40101 SET NAMES utf8mb4 */;

--
-- Database: `wabotweb_tsi`
--

-- --------------------------------------------------------

--
-- Table structure for table `log_pengiriman_wa_ipl`
--

CREATE TABLE `log_pengiriman_wa_ipl` (
  `id` int NOT NULL,
  `keluarga_id` int NOT NULL,
  `nama` varchar(255) DEFAULT NULL,
  `alamat` varchar(255) DEFAULT NULL,
  `no_hp` varchar(20) DEFAULT NULL,
  `status` enum('Berhasil','Gagal') NOT NULL,
  `pesan` text,
  `created_at` timestamp NULL DEFAULT CURRENT_TIMESTAMP
) ENGINE=InnoDB DEFAULT CHARSET=utf8mb4 COLLATE=utf8mb4_0900_ai_ci;

-- --------------------------------------------------------

--
-- Table structure for table `master_admin`
--

CREATE TABLE `master_admin` (
  `id` int NOT NULL,
  `nama` varchar(255) CHARACTER SET utf8mb4 COLLATE utf8mb4_general_ci DEFAULT NULL,
  `username` varchar(255) CHARACTER SET utf8mb4 COLLATE utf8mb4_general_ci DEFAULT NULL,
  `password` varchar(255) CHARACTER SET utf8mb4 COLLATE utf8mb4_general_ci DEFAULT NULL,
  `role` varchar(255) CHARACTER SET utf8mb4 COLLATE utf8mb4_general_ci DEFAULT NULL,
  `login_at` datetime DEFAULT NULL
) ENGINE=InnoDB DEFAULT CHARSET=utf8mb4 COLLATE=utf8mb4_general_ci ROW_FORMAT=DYNAMIC;

--
-- Dumping data for table `master_admin`
--

INSERT INTO `master_admin` (`id`, `nama`, `username`, `password`, `role`, `login_at`) VALUES
(1, 'Admin Perum TSI', 'admin', '13b3b14639990a4237af9a1489ad3f54', 'admin', '2025-08-26 05:47:04'),
(2, 'Bendahara Paguyuban', 'bendahara', 'ba778e16eb82e356bfc5726fdb82b78a', 'bendahara', '2025-08-25 22:34:40');

-- --------------------------------------------------------

--
-- Table structure for table `master_agenda`
--

CREATE TABLE `master_agenda` (
  `id` int NOT NULL,
  `judul` varchar(255) CHARACTER SET utf8mb4 COLLATE utf8mb4_general_ci NOT NULL,
  `tanggal` date NOT NULL,
  `jam_mulai` time NOT NULL,
  `jam_selesai` time NOT NULL,
  `lokasi` varchar(255) CHARACTER SET utf8mb4 COLLATE utf8mb4_general_ci DEFAULT NULL,
  `keterangan` text CHARACTER SET utf8mb4 COLLATE utf8mb4_general_ci,
  `dibuat_oleh` varchar(255) CHARACTER SET utf8mb4 COLLATE utf8mb4_general_ci DEFAULT NULL,
  `created_at` timestamp NOT NULL DEFAULT CURRENT_TIMESTAMP,
  `updated_at` timestamp NOT NULL DEFAULT CURRENT_TIMESTAMP ON UPDATE CURRENT_TIMESTAMP
) ENGINE=InnoDB DEFAULT CHARSET=utf8mb4 COLLATE=utf8mb4_general_ci ROW_FORMAT=DYNAMIC;

--
-- Dumping data for table `master_agenda`
--

INSERT INTO `master_agenda` (`id`, `judul`, `tanggal`, `jam_mulai`, `jam_selesai`, `lokasi`, `keterangan`, `dibuat_oleh`, `created_at`, `updated_at`) VALUES
(7, 'Sosialisasi AD/ART', '2025-05-18', '08:34:00', '09:33:00', 'Rumah pak mulyono', 'Pembahasan terkait ADART', 'sekertaris', '2025-05-18 00:34:15', '2025-05-18 00:34:15'),
(8, 'Rapat pembahasan pembangunan fasum di blok IX, XA, XII', '2025-06-08', '20:15:00', '23:15:00', 'Rumah depan pak handoyo', '1. Dibuatkan form untuk persetujuan warga, untuk pembahasan fasumnya\r\n2. Permintaan donatur tidak mau disebutkan namanya dan pembuatan RAB diakomodir oleh bidang pembangunan\r\n3. Paguyuban bisa membantu konsumsi dan air minum\r\n4. Terkait terguran akan di lakukan koordinator sebagai pihak pertama yang melakukan penagihan\r\n5. Tanda tangan surat teguran terdiri dari lingkungan, bendahara dan mengetahui ketua paguyuban \r\n6. ', 'Sekertaris', '2025-06-08 13:15:25', '2025-06-08 14:38:16'),
(9, 'Rapat dalam rangka menyambut Hari Ulang Tahun Kemerdekaan RI ke-80', '2025-06-21', '19:04:00', '23:59:00', 'Depan musholla Assallam Perum TSI', '<br> <ul>\r\n  <li><strong>Pembentukan Rukun Kematian (Rukem)</strong><br>\r\n      Sedang direncanakan pembentukan Rukem dana diambil dari iuran warga\r\n  </li>\r\n\r\n  <li><strong>Pembangunan Gudang Penyimpanan Barang (Blok 11)</strong>\r\n    <ul>\r\n      <li>Surat pernyataan telah disampaikan</li>\r\n      <li>Rencana Anggaran Biaya (RAB) sudah jelas</li>\r\n      <li>Progres pembangunan saat ini mencapai 60%</li>\r\n    </ul>\r\n  </li>\r\n\r\n  <li><strong>Pembangunan Gapura Pintu Masuk Taman Sukodono Indah</strong><br>\r\n      Masih dalam tahap perencanaan. Diperlukan perencanaan teknis dan sosialisasi yang baik kepada warga.\r\n  </li>\r\n\r\n  <li><strong>Terkait Surat Izin Hajatan Warga</strong><br>\r\n      Surat ini bersifat sensitif terutama terkait dana/iuran. Diharapkan koordinator blok dapat menyampaikan secara jelas bahwa dana tersebut tidak masuk ke dalam kas paguyuban, agar tidak menimbulkan asumsi negatif di kalangan warga.\r\n  </li>\r\n\r\n  <li><strong>Laporan Keuangan Paguyuban (per Juni 2025)</strong>\r\n    <ul>\r\n      <li>Total dana per Juni: Rp 22.950.000</li>\r\n      <li>Sudah terpakai untuk operasional sebesar Rp 4.500.000 (dari Pak Adit)</li>\r\n      <li>THR 2 bulan: Rp 1.400.000</li>\r\n      <li>Sisa saldo masih akan diperhitungkan dalam laporan bulan berjalan</li>\r\n      <li><em>Catatan:</em> Laporan keuangan disampaikan per bulan. Laporan bulan Juni akan dilaporkan pada 20 Juli 2025.</li>\r\n    </ul>\r\n  </li>\r\n\r\n  <li><strong>Iuran Warga</strong>\r\n    <ul>\r\n      <li>Sisa iuran ibu-ibu (Rp 10.000/bulan) untuk 2024: Rp 4.761.000</li>\r\n      <li>Total iuran 2025 (Januari hingga saat ini): Rp 5.620.000</li>\r\n      <li>Total iuran terkumpul: Rp 10.381.000</li>\r\n      <li>Pembagian penggunaan:\r\n        <ul>\r\n          <li>50% untuk kegiatan Agustusan</li>\r\n          <li>30% untuk Halalbihalal</li>\r\n          <li>20% untuk kegiatan Keagamaan</li>\r\n        </ul>\r\n      </li>\r\n    </ul>\r\n  </li>\r\n\r\n  <li><strong>Rencana Kegiatan Agustusan 2025</strong>\r\n    <ul>\r\n      <li>Modal awal kegiatan Agustusan: Rp 8.950.000</li>\r\n      <li>Tirakatan: 16 Agustus 2025 di Blok 6</li>\r\n      <li>Panggung hiburan: di Blok 9</li>\r\n      <li>Jalan Sehat dan Karnaval: Sabtu, 23 Agustus 2025</li>\r\n      <li>Lomba-lomba: akan dilaksanakan pertengahan Juli</li>\r\n    </ul>\r\n  </li>\r\n\r\n  <li><strong>Struktur Kepanitiaan Agustusan</strong>\r\n    <ul>\r\n      <li>Ketua: Pak Eric</li>\r\n      <li>Wakil Ketua: Pak Panca</li>\r\n      <li>Sekretaris: Pak Angger</li>\r\n      <li>Bendahara: Pak Adit</li>\r\n      <li>Sie Acara: Pak Adi dan pak Agave</li>\r\n    </ul>\r\n  </li>\r\n\r\n  <li><strong>Kegiatan Pendukung Agustusan</strong>\r\n    <ul>\r\n      <li>Pembersihan saluran air (selokan) akan dilakukan terlebih dahulu</li>\r\n      <li>Setelah itu, dilakukan pengecatan dan pemasangan umbul-umbul dalam kerja bakti bersama akhir Juli</li>\r\n      <li>Lampu hias akan menggunakan listrik dari PJU (gratis selama bulan Agustus)</li>\r\n      <li>Pemasangan MCB PJU untuk blok yang belum memiliki MCB dijadwalkan pada 13 Juli 2025</li>\r\n    </ul>\r\n  </li>\r\n</ul>', 'Sekertaris', '2025-06-21 13:05:29', '2025-06-22 10:50:38'),
(10, 'Rapat Koordinasi Paguyuban TSI ', '2025-08-10', '19:00:00', '22:30:00', 'Rumah pak handoyo lantai 2', '1. Akan dilakukan sosialisasi ulang untuk koordinator terkait web aplikasi\r\n2. Koordinator blok diharapkan bisa menyampaikan informasi secara menyeluruh terkait isu fasum dan tarif untuk bagi warga yang mengadakan tasyakuran', 'sekertaris', '2025-08-09 04:40:24', '2025-08-11 06:19:57');

-- --------------------------------------------------------

--
-- Table structure for table `master_anggota_keluarga`
--

CREATE TABLE `master_anggota_keluarga` (
  `id` int NOT NULL,
  `keluarga_id` int NOT NULL,
  `nama` varchar(255) NOT NULL,
  `nik` varchar(20) NOT NULL,
  `agama` enum('Islam','Kristen Protestan','Katolik','Hindu','Buddha','Konghucu','Lainnya') NOT NULL,
  `status_perkawinan` enum('Belum Kawin','Kawin','Cerai Hidup','Cerai Mati') NOT NULL,
  `hubungan` enum('Kepala Keluarga','Istri','Anak','Orang Tua','Lainnya') NOT NULL,
  `tgl_lahir` date NOT NULL,
  `jenis_kelamin` varchar(100) NOT NULL,
  `pekerjaan` varchar(100) NOT NULL,
  `golongan_darah` varchar(100) NOT NULL,
  `tempat_bekerja` text CHARACTER SET utf8mb4 COLLATE utf8mb4_0900_ai_ci
) ENGINE=InnoDB DEFAULT CHARSET=utf8mb4 COLLATE=utf8mb4_0900_ai_ci;

--
-- Dumping data for table `master_anggota_keluarga`
--

INSERT INTO `master_anggota_keluarga` (`id`, `keluarga_id`, `nama`, `nik`, `agama`, `status_perkawinan`, `hubungan`, `tgl_lahir`, `jenis_kelamin`, `pekerjaan`, `golongan_darah`, `tempat_bekerja`) VALUES
(13, 6, 'M. Arief Noor Putra', '351414050490002', 'Islam', 'Kawin', 'Kepala Keluarga', '1990-04-05', 'Laki-laki', 'Lainnya', '', ''),
(14, 6, 'Rizki Amalia Firdausy', '3517096809910008', 'Islam', 'Kawin', 'Istri', '1991-09-01', 'Perempuan', 'Pegawai Swasta', '', ''),
(15, 6, 'Maiza Shanum Noor El-RIfky', '3514144905180001', 'Islam', 'Belum Kawin', 'Anak', '2018-05-09', 'Perempuan', 'Pelajar/Mahasiswa', '', ''),
(16, 7, 'AYU VICTORIA BUDI', '3327105207940081', 'Islam', 'Kawin', 'Istri', '1994-07-12', 'Perempuan', 'Dokter', 'Tidak Tahu', '-'),
(17, 7, 'FAY JAZLYN NAVEEZA', '3327106607220002', 'Islam', 'Belum Kawin', 'Anak', '2022-07-26', 'Perempuan', 'Belum Bekerja', 'Tidak Tahu', '-'),
(19, 10, 'Agung wahyu adi', '3515130705830006', 'Islam', 'Kawin', 'Kepala Keluarga', '1983-05-07', 'Laki-laki', 'Pegawai Swasta', '', ''),
(20, 10, 'Krisnawati handini', '3578046808860004', 'Islam', 'Kawin', 'Istri', '1986-08-28', 'Perempuan', 'Ibu Rumah Tangga', '', ''),
(21, 10, 'Ardhi firmansyah putra', '3515132908130003', 'Islam', 'Belum Kawin', 'Anak', '2013-08-29', 'Laki-laki', 'Pelajar/Mahasiswa', '', ''),
(26, 13, 'sulistiawan', '3578222402870003', 'Islam', 'Kawin', 'Kepala Keluarga', '1987-02-24', 'Laki-laki', 'Pegawai BUMN', 'B', 'pertamina training & counsulting'),
(27, 14, 'Dedy Triwibowo', '3515160402770001', 'Islam', 'Kawin', 'Kepala Keluarga', '1977-02-04', 'Laki-laki', 'Karyawan Swasta', 'B', 'pt jaya bahari sentosa'),
(28, 14, 'Ira suryaningtyas', '3515164702810003', 'Islam', 'Kawin', 'Istri', '1981-02-07', 'Perempuan', 'Karyawan Swasta', 'B', 'Pt Rapid plast'),
(29, 14, 'Amanda Rizky Putri Wibowo', '3515166705040001', 'Islam', 'Belum Kawin', 'Anak', '2004-05-27', 'Perempuan', 'Pelajar/Mahasiswa', 'B', 'UNESA'),
(30, 14, 'Claresta Dwi Nadira Putri', '3515165710090004', 'Islam', 'Belum Kawin', 'Anak', '2009-10-17', 'Perempuan', 'Pelajar/Mahasiswa', 'B', 'MAN 1Sidoarjo'),
(31, 13, 'PUTRI YUSIANTI', '3578046809960004', 'Islam', 'Kawin', 'Istri', '1996-09-28', 'Perempuan', 'Ibu Rumah Tangga', 'Tidak Tahu', '-'),
(32, 15, 'Alpan irpandi', '5203071912900001', 'Islam', 'Kawin', 'Kepala Keluarga', '1990-12-19', 'Laki-laki', 'Pegawai Swasta', 'O', 'PT. SYSTEM INDONESIA'),
(33, 15, 'Anita rini astuti', '3505154311940003', 'Islam', 'Kawin', 'Istri', '1994-11-03', 'Perempuan', 'Pegawai Swasta', 'B', 'PT. SYSTEM INDONESIA'),
(34, 15, 'Sibumi Inges Xaviera Alani', '3515146202220004', 'Islam', 'Belum Kawin', 'Anak', '2022-02-22', 'Perempuan', 'Belum Bekerja', 'Tidak Tahu', '-'),
(45, 13, 'AGHNIA SYIFA SULISTIAWAN ', '3525141204100007', 'Islam', 'Belum Kawin', 'Anak', '2020-06-09', 'Perempuan', 'Lainnya', 'Tidak Tahu', NULL),
(46, 13, 'MUHAMMAD GAFFI AMIR SULISTIAWAN', '3578042706240003', 'Islam', 'Belum Kawin', 'Anak', '2024-06-27', 'Laki-laki', 'Lainnya', 'Tidak Tahu', NULL),
(47, 7, 'RIZA ARMANSYAH', '3327102310930001', 'Islam', 'Kawin', 'Kepala Keluarga', '1993-10-23', 'Laki-laki', 'Pegawai Swasta', 'Tidak Tahu', NULL),
(48, 23, 'ANDI BUDI SETIAWAN', '3578041012850002', 'Islam', 'Kawin', 'Kepala Keluarga', '1985-12-10', 'Laki-laki', 'Karyawan Swasta', 'B', 'PT. KARYA SENTOSA TEKNIK'),
(49, 23, 'CLEOPATRA DIAN EKA ABDYNA', '3515146206870001', 'Islam', 'Kawin', 'Istri', '1987-06-22', 'Perempuan', 'Ibu Rumah Tangga', '', 'RUMAH TANGGA'),
(50, 23, 'ANDHEENA KHAYLA ANORA MARITZA', '3578044110140004', 'Islam', 'Belum Kawin', 'Anak', '2014-10-01', 'Perempuan', 'Belum Bekerja', '', 'SD'),
(51, 23, 'DIATRA ANUNG FAYYADH ALKHALIFI', '3578040205160004', 'Islam', 'Belum Kawin', 'Anak', '2016-05-02', 'Laki-laki', 'Belum Bekerja', '', 'SD'),
(52, 23, 'ALEEYA DYLAN PUTRI ANDHEENA', '3578044603190001', 'Islam', 'Belum Kawin', 'Anak', '2019-03-06', 'Perempuan', 'Belum Bekerja', '', 'TK A'),
(53, 24, 'Mulyono', '3517021507770004', 'Islam', 'Kawin', 'Kepala Keluarga', '1977-07-15', 'Laki-laki', 'Karyawan Swasta', 'Tidak Tahu', 'Pt.Alim'),
(60, 26, 'Mindo Yanti Aritonang', '1271185709870003', 'Kristen Protestan', 'Kawin', 'Istri', '1987-09-19', 'Perempuan', 'Ibu Rumah Tangga', 'Tidak Tahu', '-'),
(61, 26, 'Yedija Ryuchi Nathanael', '3571031911200001', 'Kristen Protestan', 'Belum Kawin', 'Anak', '2020-09-19', 'Laki-laki', 'Belum Bekerja', 'Tidak Tahu', '-'),
(62, 27, 'NINDYA ALFRIDA', '3515146110930001', 'Islam', 'Kawin', 'Istri', '1993-10-21', 'Perempuan', 'Pegawai Swasta', 'Tidak Tahu', 'PT ISH'),
(63, 28, 'FERNANDO SUFRIADI SITOHANG', '3302266407950001', 'Kristen Protestan', 'Kawin', 'Kepala Keluarga', '1995-05-30', 'Laki-laki', 'Pegawai Swasta', 'A', 'PT. TELKOM AKSES'),
(64, 28, 'ISNAENI SETIYOWATI', '3302266407950001', 'Kristen Protestan', 'Kawin', 'Istri', '1995-07-24', 'Perempuan', 'Ibu Rumah Tangga', 'A', '-'),
(65, 28, 'DAFHIN GABRIEL SITOHANG', '3302262405190001', 'Kristen Protestan', 'Belum Kawin', 'Anak', '2019-05-24', 'Laki-laki', 'Belum Bekerja', 'Tidak Tahu', '-'),
(66, 28, 'FELICIA SHAFA SITOHANG', '3302267005230001', 'Kristen Protestan', 'Belum Kawin', 'Anak', '2023-05-30', 'Perempuan', 'Belum Bekerja', 'Tidak Tahu', '-'),
(67, 29, 'Cahya Nugroho', '3471022312820002', 'Kristen Protestan', 'Kawin', 'Kepala Keluarga', '1982-12-23', 'Laki-laki', 'Pegawai Swasta', 'AB', 'PT Santos Premium Krimer'),
(68, 30, 'Arta Dian Wicaksana', '3507300410930002', 'Kristen Protestan', 'Kawin', 'Kepala Keluarga', '1993-10-04', 'Laki-laki', 'Pegawai Swasta', 'O', 'Universitas Ciputra'),
(69, 30, 'Lydia Putri Aprilawati', '3515184304950005', 'Kristen Protestan', 'Kawin', 'Istri', '1995-04-03', 'Perempuan', 'Pegawai Swasta', 'B', 'SMP Dapena Surabaya'),
(74, 32, 'Sonny Tjandrawan', '3515082908760005', 'Kristen Protestan', 'Kawin', 'Kepala Keluarga', '1976-08-29', 'Laki-laki', 'Wiraswasta', 'O', 'Chandra Legalitas'),
(75, 32, 'Pujiati', '3507024901780001', 'Kristen Protestan', 'Kawin', 'Istri', '1978-05-09', 'Perempuan', 'Ibu Rumah Tangga', 'Tidak Tahu', '-'),
(76, 32, 'Stevan Yosua Renaldi Chistanto', '3515082909000009', 'Kristen Protestan', 'Belum Kawin', 'Anak', '2000-09-29', 'Laki-laki', 'Karyawan Swasta', 'Tidak Tahu', '-'),
(77, 32, 'Eunike Olivia Chandrawati', '3515084506070006', 'Kristen Protestan', 'Belum Kawin', 'Anak', '2007-06-05', 'Perempuan', 'Pelajar/Mahasiswa', 'Tidak Tahu', '-'),
(78, 33, 'DESI PURNAMA WULANDARI', '3515175412950001 ', 'Islam', 'Kawin', 'Istri', '1995-12-14', 'Perempuan', 'Ibu Rumah Tangga', 'A', 'NN'),
(79, 33, 'ZAINA DZAKIRA MAWARDHANI', '3515134402220001 ', 'Islam', 'Belum Kawin', 'Anak', '2022-02-04', 'Perempuan', 'Belum Bekerja', 'O', 'NN'),
(80, 24, 'Yuliati', '3517025003800001', 'Islam', 'Kawin', 'Istri', '1980-03-10', 'Perempuan', 'Pegawai Swasta', 'O', 'Isco'),
(81, 24, 'Mutia nasywa maharani', '3517026809080003', 'Islam', 'Kawin', 'Anak', '2008-09-28', 'Perempuan', 'Pelajar/Mahasiswa', 'Tidak Tahu', 'Wachid hasyim'),
(82, 34, 'DHANI KISPANANTO', '3578231007820002', 'Islam', 'Kawin', 'Kepala Keluarga', '1982-07-10', 'Laki-laki', 'Pegawai BUMN', 'O', '-'),
(83, 34, ' DEVITA NELA ANDRILA', '3502104208900001', 'Islam', 'Kawin', 'Istri', '1990-08-02', 'Perempuan', 'Ibu Rumah Tangga', 'B', '-'),
(84, 34, 'KHAIDAH ALISHABHUVI RAMADHANI', '3578236510160001 ', 'Islam', 'Belum Kawin', 'Anak', '2016-10-25', 'Perempuan', 'Belum Bekerja', 'O', '-'),
(85, 35, 'Kingkin angga firman. S', '3404102308890002', 'Islam', 'Kawin', 'Kepala Keluarga', '1989-08-23', 'Laki-laki', 'Pegawai BUMN', 'O', 'PT. KAI'),
(86, 36, 'Budiyono', '3515140501720001', 'Islam', 'Kawin', 'Kepala Keluarga', '1972-01-05', 'Laki-laki', 'Wiraswasta', 'B', 'Bengkel BUDI ban.'),
(87, 36, 'Kholifah', '3515146303820002', 'Islam', 'Kawin', 'Istri', '1982-03-23', 'Perempuan', 'Pegawai Swasta', 'Tidak Tahu', 'Perusahaan distributor'),
(88, 36, 'Billy space rainwater', '3515141210030004', 'Islam', 'Belum Kawin', 'Anak', '2003-10-12', 'Laki-laki', 'Pelajar/Mahasiswa', 'Tidak Tahu', '-------'),
(89, 36, 'Virgy fresh rainwater', '3515145602110001', 'Islam', 'Belum Kawin', 'Anak', '2011-02-16', 'Perempuan', 'Pelajar/Mahasiswa', 'Tidak Tahu', '---- '),
(90, 37, 'DIAN SUJIATI, SE', '3578026407850002', 'Islam', 'Kawin', 'Istri', '1985-07-24', 'Perempuan', 'Karyawan Swasta', 'Tidak Tahu', 'PT SAPTA SUMBER LANCAR'),
(91, 38, 'Ferdi putra pangestu', '3671081007950003', 'Islam', 'Belum Kawin', 'Anak', '1995-07-10', 'Laki-laki', 'Pegawai Swasta', 'Tidak Tahu', 'Pt. Pakarti riken indonesia'),
(92, 39, 'Alfandi coirul anwar', '3578101808930001', 'Islam', 'Kawin', 'Kepala Keluarga', '1993-08-18', 'Laki-laki', 'Pegawai Swasta', 'O', 'PT Wings Surya'),
(93, 39, 'Yuli Setyawati ', '3578106707940009', 'Islam', 'Kawin', 'Istri', '1994-07-25', 'Perempuan', 'Pegawai Swasta', 'AB', 'PT SURYA PRIMA NATURA'),
(94, 39, 'Seria cendikiana anwar', '3578104901210006', 'Islam', 'Belum Kawin', 'Anak', '2021-01-09', 'Perempuan', 'Belum Bekerja', 'O', '-'),
(96, 41, 'GALUH FANDY ASMORO', '3515181508940001', 'Kristen Protestan', 'Kawin', 'Kepala Keluarga', '1994-08-15', 'Laki-laki', 'Wiraswasta', 'Tidak Tahu', 'Toko Bunga'),
(97, 41, 'VERONIKA WIDYASTUTI', '3515187110950007', 'Kristen Protestan', 'Kawin', 'Istri', '1995-10-31', 'Perempuan', 'Ibu Rumah Tangga', 'Tidak Tahu', '-'),
(98, 42, 'Suhartono ', '3522190502750003', 'Islam', 'Kawin', 'Kepala Keluarga', '1975-02-05', 'Laki-laki', 'Karyawan Swasta', 'Tidak Tahu', 'PT.Karya Alfa Omega'),
(99, 42, 'Sugi Rahayu ', '3506174107840052', 'Islam', 'Kawin', 'Istri', '1985-11-04', 'Perempuan', 'Karyawan Swasta', 'O', 'PT . Indosari Mandiri '),
(100, 42, 'Aqila Gresya Putri Yuharaya', '3522195712120004', 'Islam', 'Belum Kawin', 'Anak', '2012-12-17', 'Perempuan', 'Pelajar/Mahasiswa', 'Tidak Tahu', 'SD'),
(101, 42, 'Naufal Alfaro Putra Yuharaya ', '3522190501190001', 'Islam', 'Belum Kawin', 'Anak', '2019-01-05', 'Laki-laki', 'Pelajar/Mahasiswa', 'Tidak Tahu', 'TK'),
(107, 44, 'Yuli susanti', '3521045102850004', 'Islam', 'Kawin', 'Istri', '1985-02-11', 'Perempuan', 'Ibu Rumah Tangga', 'Tidak Tahu', 'Tidak ada'),
(108, 44, 'Aulia permanasari', '3521045710110001', 'Islam', 'Belum Kawin', 'Anak', '2011-10-17', 'Perempuan', 'Pelajar/Mahasiswa', '', 'Tidak ada'),
(109, 44, 'Arvino nazriel rasffat', '3521041008160002', 'Islam', 'Belum Kawin', 'Anak', '2016-08-10', 'Laki-laki', 'Belum Bekerja', 'Tidak Tahu', 'Tidak ada'),
(110, 45, 'DAVID ANGGARA', '3578032305930002', 'Islam', 'Kawin', 'Kepala Keluarga', '1993-05-23', 'Laki-laki', 'Pegawai Swasta', 'Tidak Tahu', 'PT. Sarimelati Kencana. Tbk'),
(111, 45, 'HANI FADILAH LISTORO', '3514126201960005', 'Islam', 'Kawin', 'Istri', '1996-01-22', 'Perempuan', 'Ibu Rumah Tangga', 'Tidak Tahu', 'N/A'),
(112, 45, 'MUHAMMAD HAIKAL ANKA ERLANGGA', '3578031509200002', 'Islam', 'Belum Kawin', 'Anak', '2020-09-15', 'Laki-laki', 'Belum Bekerja', 'Tidak Tahu', 'N/A'),
(113, 45, 'DAVINA ANATASHA', '3578035105230003', 'Islam', 'Belum Kawin', 'Anak', '2023-05-11', 'Perempuan', 'Belum Bekerja', 'Tidak Tahu', 'N/A'),
(116, 47, 'Kiki Dody Prasetiono', '3515080902880002', 'Islam', 'Kawin', 'Kepala Keluarga', '1988-02-09', 'Laki-laki', 'Karyawan Swasta', 'O', 'Bank Jatim'),
(117, 48, 'Evi Yusnita', '3578074505690001', 'Islam', 'Cerai Hidup', 'Orang Tua', '1969-05-05', 'Perempuan', 'Ibu Rumah Tangga', 'Tidak Tahu', 'Usaha'),
(118, 49, 'Feny Nurul Khoiriya', '3578246504880002', 'Islam', 'Kawin', 'Istri', '1988-04-25', 'Perempuan', 'Pegawai Swasta', 'B', '-'),
(119, 49, 'Arfey  Kalila Syarifah Putri', '-', 'Islam', 'Belum Kawin', 'Anak', '2011-03-24', 'Perempuan', 'Pelajar/Mahasiswa', 'Tidak Tahu', '-'),
(120, 49, 'Darrel Al Farezzy Sachio', '-', 'Islam', 'Belum Kawin', 'Anak', '2016-10-24', 'Laki-laki', 'Pelajar/Mahasiswa', 'Tidak Tahu', '-'),
(121, 49, 'Arshaka Savio Altair Pamungkas', '-', 'Islam', 'Belum Kawin', 'Anak', '2025-03-03', 'Laki-laki', 'Belum Bekerja', 'Tidak Tahu', '-'),
(122, 50, 'Ariyana kusbawati', '3509116001950007', 'Islam', 'Kawin', 'Istri', '1995-01-20', 'Perempuan', 'Ibu Rumah Tangga', 'A', '-'),
(123, 50, 'Salwa fatiha risqi', '3509114404230002', 'Islam', 'Belum Kawin', 'Anak', '2023-11-04', 'Perempuan', 'Belum Bekerja', 'AB', '-'),
(127, 52, 'Ratna Puspita Sari', '3517085010940004', 'Islam', 'Kawin', 'Istri', '1994-10-10', 'Perempuan', 'Pegawai BUMN', 'Tidak Tahu', 'Garuda Indonesia'),
(130, 54, 'RAGITA JATI PURBO KUSUMO', '3503112510890003', 'Islam', 'Kawin', 'Kepala Keluarga', '1989-10-25', 'Laki-laki', 'Pegawai Swasta', 'A', 'DOWA ECO SYSTEM'),
(131, 54, 'ZYARINA RAKHMA SAFRIANI', '3507224804960001', 'Islam', 'Kawin', 'Istri', '1996-04-08', 'Perempuan', 'Pegawai Swasta', 'O', 'ANEKA PLASTIK SEJAHTERA'),
(132, 54, 'KINANTHI RAZYANA KESHWARI', '3503026108220001', 'Islam', 'Belum Kawin', 'Anak', '2022-08-21', 'Perempuan', 'Belum Bekerja', 'Tidak Tahu', '-'),
(133, 55, 'Rizal priambodo', '3578062912950001', 'Islam', 'Kawin', 'Kepala Keluarga', '1995-12-29', 'Laki-laki', 'Karyawan Swasta', 'B', 'Pt bina san prima'),
(134, 55, 'Septhiani putri fisabilillah', '3578084509980002', 'Islam', 'Kawin', 'Istri', '1998-09-05', 'Perempuan', 'Pegawai Swasta', 'Tidak Tahu', 'Klinik mitra medicare');

-- --------------------------------------------------------

--
-- Table structure for table `master_cicilan_pelunasan_bulan`
--

CREATE TABLE `master_cicilan_pelunasan_bulan` (
  `id` int NOT NULL,
  `cicilan_id` int NOT NULL,
  `bulan_tunggakan` date NOT NULL
) ENGINE=InnoDB DEFAULT CHARSET=utf8mb4 COLLATE=utf8mb4_0900_ai_ci;

-- --------------------------------------------------------

--
-- Table structure for table `master_code`
--

CREATE TABLE `master_code` (
  `app_code` varchar(20) COLLATE utf8mb4_general_ci DEFAULT NULL,
  `code` varchar(20) COLLATE utf8mb4_general_ci DEFAULT NULL,
  `deskripsi` varchar(100) COLLATE utf8mb4_general_ci DEFAULT NULL,
  `order_no` int DEFAULT NULL,
  `active_status` tinyint(1) DEFAULT '1'
) ENGINE=InnoDB DEFAULT CHARSET=utf8mb4 COLLATE=utf8mb4_general_ci;

--
-- Dumping data for table `master_code`
--

INSERT INTO `master_code` (`app_code`, `code`, `deskripsi`, `order_no`, `active_status`) VALUES
('pengeluaran', 'GG', 'Gaji Gardener', 1, 1),
('pengeluaran', 'GS', 'Gaji Satpam', 2, 1),
('pengeluaran', 'SA', 'Servis Alat', 3, 1),
('pengeluaran', 'BO', 'Biaya Obat', 4, 1),
('pengeluaran', 'PB', 'Pembelian', 4, 1);

-- --------------------------------------------------------

--
-- Table structure for table `master_detail_cicilan`
--

CREATE TABLE `master_detail_cicilan` (
  `id` int NOT NULL,
  `pembayaran_id` int NOT NULL,
  `lama_cicilan` int NOT NULL,
  `total_cicilan` int NOT NULL
) ENGINE=InnoDB DEFAULT CHARSET=utf8mb4 COLLATE=utf8mb4_0900_ai_ci;

-- --------------------------------------------------------

--
-- Table structure for table `master_detail_pembayaran_bulanan`
--

CREATE TABLE `master_detail_pembayaran_bulanan` (
  `id` int NOT NULL,
  `pembayaran_id` int NOT NULL,
  `bulan` date NOT NULL
) ENGINE=InnoDB DEFAULT CHARSET=utf8mb4 COLLATE=utf8mb4_0900_ai_ci;

-- --------------------------------------------------------

--
-- Table structure for table `master_keluarga`
--

CREATE TABLE `master_keluarga` (
  `id` int NOT NULL,
  `nomor_rumah` varchar(255) NOT NULL,
  `no_kk` varchar(20) NOT NULL,
  `status_rumah` enum('Rumah Sendiri','Sewa/Kontrak','Musiman') NOT NULL,
  `alamat` text NOT NULL,
  `provinsi` varchar(50) NOT NULL,
  `kota` varchar(50) NOT NULL,
  `kecamatan` varchar(50) NOT NULL,
  `kelurahan` varchar(50) NOT NULL,
  `file_kk` varchar(255) NOT NULL,
  `no_hp` varchar(15) NOT NULL,
  `created_at` timestamp NOT NULL DEFAULT CURRENT_TIMESTAMP
) ENGINE=InnoDB DEFAULT CHARSET=utf8mb4 COLLATE=utf8mb4_0900_ai_ci;

--
-- Dumping data for table `master_keluarga`
--

INSERT INTO `master_keluarga` (`id`, `nomor_rumah`, `no_kk`, `status_rumah`, `alamat`, `provinsi`, `kota`, `kecamatan`, `kelurahan`, `file_kk`, `no_hp`, `created_at`) VALUES
(5, 'TSI Raya 23A', '', 'Rumah Sendiri', 'Pacarkembang VB2 No. 7 ', 'JAWA TIMUR', 'KOTA SURABAYA', 'TAMBAKSARI', 'PACAR KEMBANG', '', '085649118411', '2025-05-20 00:22:56'),
(6, 'TSI Raya 25', '3514141701180007', 'Rumah Sendiri', 'JL Musing 653 C', 'JAWA TIMUR', 'KABUPATEN PASURUAN', 'BANGIL', 'KAUMAN', '3514141701180007.jpg', '085203613924', '2025-05-20 01:31:14'),
(7, 'TSI Blok VI‐3B', '3327100807220001', 'Rumah Sendiri', 'TEMUIRENG, RT038/RW006', 'JAWA TENGAH', 'KABUPATEN PEMALANG', 'PETARUKAN', 'TEMUIRENG', '3327100807220001.jpeg', '085741833773', '2025-05-20 01:55:44'),
(10, 'TSI Raya 30', '3515130212130003', 'Rumah Sendiri', 'Jl. Puyuh 19 rt 07 rw 06', 'JAWA TIMUR', 'KABUPATEN SIDOARJO', 'TAMAN', 'SEPANJANG', '3515130212130003.jpg', '081292811311', '2025-05-20 03:47:45'),
(11, 'TSI Raya 39', '', 'Rumah Sendiri', 'GAYUNGAN PTT 65', 'JAWA TIMUR', 'KOTA SURABAYA', 'GAYUNGAN', 'GAYUNGAN', '', '085748496135', '2025-05-20 13:09:58'),
(13, 'TSI Blok VI‐2', '3578042101200011', 'Rumah Sendiri', 'lumumba dalam 1 no 28 ngagel ', 'JAWA TIMUR', 'KOTA SURABAYA', 'WONOKROMO', 'NGAGEL', '3578042101200011.pdf', '085655305581', '2025-05-21 07:02:47'),
(14, 'TSI Blok VII‐6', '3515162501099542', 'Rumah Sendiri', 'punggul rt 01 rw 01', 'JAWA TIMUR', 'KABUPATEN SIDOARJO', 'GEDANGAN', 'GEDANGAN', '3515162501099542.jpg', '081334748385', '2025-05-21 07:08:00'),
(15, 'TSI Raya 26', '3515142409220001', 'Rumah Sendiri', 'Perumahan Taman Sukodono Indah Blok Raya 26', 'JAWA TIMUR', 'KABUPATEN SIDOARJO', 'SUKODONO', 'JUMPUTREJO', '3515142409220001.jpg', '085859180820', '2025-05-21 08:34:02'),
(16, 'TSI Blok IX‐3', '', 'Rumah Sendiri', 'Keputran 4 no 9 surabaya', 'JAWA TIMUR', 'KOTA SURABAYA', 'TEGALSARI', 'KEPUTRAN', '', '081259490500', '2025-05-21 08:34:10'),
(23, 'TSI Raya 61', '3578040505140006', 'Rumah Sendiri', 'NGAGEL DADI 3-B/14', 'JAWA TIMUR', 'KOTA SURABAYA', 'WONOKROMO', 'NGAGELREJO', '3578040505140006.jpg', '082144522103', '2025-05-21 13:59:28'),
(24, 'TSI Blok VIII‐5', '3515142407230001', 'Rumah Sendiri', 'Taman sukodono indah blok 8 no 5', 'JAWA TIMUR', 'KAB. SIDOARJO', 'SUKODONO', 'JUMPUTREJO', '3515142407230001.jpg', '081515771177', '2025-05-21 14:35:09'),
(25, 'TSI Blok VIII‐6', '', 'Rumah Sendiri', 'Perumahan Taman Sukodono Indah blok VIII no 6 ', 'JAWA TIMUR', 'KAB. SIDOARJO', 'SUKODONO', 'JUMPUTREJO', '', '085731336836', '2025-05-22 04:14:51'),
(26, 'TSI Blok VIII‐17', '3571032202160011', 'Rumah Sendiri', 'JL Let Jen Sutoyo III No.36 Kediri', 'JAWA TIMUR', 'KOTA KEDIRI', 'PESANTREN', 'BURENGAN', '3571032202160011.jpg', '081330018123', '2025-05-22 07:56:05'),
(27, 'TSI Blok VIII‐7', '3515142104210001', 'Sewa/Kontrak', 'JL PETERONGAN 013/005 MASANGAN KULON', 'JAWA TIMUR', 'KABUPATEN SIDOARJO', 'SUKODONO', 'MASANGAN KULON', '3515142104210001.pdf', '08113044333', '2025-05-22 08:03:16'),
(28, 'TSI Blok VIII‐2', '3302260401220004', 'Rumah Sendiri', 'JL. BALAI KELURAHAN II. ARCAWINANGUN RT.001/011 KODE POS 53113', 'JAWA TENGAH', 'KABUPATEN BANYUMAS', 'PURWOKERTO TIMUR', 'ARCAWINANGUN', '3302260401220004.pdf', '081218867060', '2025-05-22 08:09:02'),
(29, 'TSI Blok VIII‐9', '3471022403110008', 'Rumah Sendiri', 'Badran JT 1 / 585 RT47 RW11', 'DI YOGYAKARTA', 'KOTA YOGYAKARTA', 'JETIS', 'BUMIJO', '3471022403110008.jpeg', '08122760502', '2025-05-22 08:14:27'),
(30, 'TSI Raya 38', '3515180803220003', 'Rumah Sendiri', 'JL P DIPONEGORO NO 4 RT/RW. 008/003 Medaeng, Waru, Sidoarjo', 'JAWA TIMUR', 'KABUPATEN SIDOARJO', 'WARU', 'MEDAENG', '3515180803220003.jpeg', '085755981817', '2025-05-22 08:25:53'),
(31, 'TSI Blok VI‐3A', '', 'Rumah Sendiri', 'Kedurus Dukuh I/57 RT 04 RW 04', 'JAWA TIMUR', 'KOTA SURABAYA', 'KARANGPILANG', 'KEDURUS', '', '081231311393', '2025-05-22 08:43:12'),
(32, 'TSI Blok VIII‐11', '351514160620017', 'Rumah Sendiri', 'TAMAN SUKODONO INDAH TSI VIII NO. 11', 'JAWA TIMUR', 'KABUPATEN SIDOARJO', 'SUKODONO', 'JUMPUTREJO', '351514160620017.jpg', '081252226539', '2025-05-22 08:46:25'),
(33, 'TSI Raya 11A', '3515130904210017', 'Rumah Sendiri', 'Taman Pondok Jati Y2 Geluran-Taman- Sidoarjo', 'JAWA TIMUR', 'KABUPATEN SIDOARJO', 'TAMAN', 'GELURAN', '3515130904210017.pdf', '085732723022', '2025-05-22 09:07:34'),
(34, 'TSI Blok VIII‐8', '3578233105160001', 'Rumah Sendiri', 'KEBONSARI TENGAH GG BUNTU NO 5', 'JAWA TIMUR', 'KOTA SURABAYA', 'JAMBANGAN', 'KEBONSARI', '3578233105160001.pdf', '085733824343', '2025-05-22 09:18:22'),
(35, 'TSI Blok VIII‐12A', '3578171809180004', 'Rumah Sendiri', 'Jl randu barat 1a no 19,Sidotopo wetan', 'JAWA TIMUR', 'KOTA SURABAYA', 'KENJERAN', 'SIDOTOPO WETAN', '3578171809180004.pdf', '085607122237', '2025-05-22 09:29:12'),
(36, 'TSI Blok VIII‐1', '3515142601094995', 'Rumah Sendiri', 'Jl.RAYA SUKODONO, #7, RT2. RW1', 'JAWA TIMUR', 'KABUPATEN SIDOARJO', 'SUKODONO', 'SUKODONO', '3515142601094995-250522.jpg', '081231170185', '2025-05-22 09:40:14'),
(37, 'TSI Raya 37', '3578022009160011', 'Rumah Sendiri', 'SIWALANKERTO SELATAN 19', 'JAWA TIMUR', 'KOTA SURABAYA', 'WONOCOLO', 'SIWALANKERTO', '3578022009160011.pdf', '081234019345', '2025-05-22 09:59:42'),
(38, 'TSI Blok VIII‐16', '3671082908180009', 'Rumah Sendiri', 'Perumahan pondok makmur, jlan subur VIII blok a14 no.8', 'BANTEN', 'KOTA TANGERANG', 'PERIUK', 'GEBANG RAYA', '3671082908180009.jpg', '085288216436', '2025-05-22 10:15:52'),
(39, 'TSI Blok VIII‐12', '3578102706200015', 'Rumah Sendiri', 'Jl Lebak Arum 1 no 4', 'JAWA TIMUR', 'KOTA SURABAYA', 'TAMBAKSARI', 'GADING', '3578102706200015.jpeg', '081515417725', '2025-05-22 11:32:57'),
(41, 'TSI Blok III‐3', '3515182411220006', 'Rumah Sendiri', 'JL. IMAM BONJOL 22', 'JAWA TIMUR', 'KABUPATEN SIDOARJO', 'WARU', 'MEDAENG', '3515182411220006.jpeg', '08887777550', '2025-05-22 12:54:01'),
(42, 'TSI Blok VII‐20', '3515141409230001', 'Rumah Sendiri', 'Taman Sukodono Indah Blok VII No 20 ', 'JAWA TIMUR', 'KABUPATEN SIDOARJO', 'SUKODONO', 'JUMPUTREJO', '3515141409230001.jpg', '081259752702', '2025-05-22 13:05:08'),
(43, 'TSI Blok VII‐5', '', 'Rumah Sendiri', 'Puri Indah Lestari blok EG.03 ', 'JAWA TIMUR', 'KAB. SIDOARJO', 'SIDOARJO', 'SUKO', '', '085655660030', '2025-05-22 13:18:58'),
(44, 'TSI Raya 15', '3521042410110003', 'Rumah Sendiri', 'Dusun tegalasari rt 04 RW 02', 'JAWA TIMUR', 'KABUPATEN NGAWI', 'KENDAL', 'MAJASEM', '3521042410110003.jpg', '085731659684', '2025-05-22 13:43:23'),
(45, 'TSI Blok VII‐17', '3578031212200005', 'Rumah Sendiri', 'MEDAYU UTARA 5 No.27', 'JAWA TIMUR', 'KOTA SURABAYA', 'RUNGKUT', 'MEDOKAN AYU', '3578031212200005.jpg', '085785666229', '2025-05-22 14:16:15'),
(47, 'TSI Raya 57', '3515081805170015', 'Rumah Sendiri', 'Pondok Sidokare Indah Blok W No.11', 'JAWA TIMUR', 'KABUPATEN SIDOARJO', 'SIDOARJO', 'SIDOKARE', '3515081805170015.jpg', '628113059949', '2025-05-22 14:58:53'),
(48, 'TSI Blok XI‐3', '3578070101082843', 'Rumah Sendiri', 'Keputran Panjunan 3/47 RT/RW 008/013 Embong Kaliasin, Genteng, Surabaya, Jawa Timur.', 'JAWA TIMUR', 'KOTA SURABAYA', 'GENTENG', 'EMBONG KALIASIN', '3578070101082843.pdf', '628383113740', '2025-05-22 15:10:40'),
(49, 'TSI Blok IX‐3A', '3578242704110008', 'Rumah Sendiri', 'Kutisari Utara IA / 24 Surabaya', 'JAWA TIMUR', 'KOTA SURABAYA', 'TENGGILIS MEJOYO', 'KUTISARI', '3578242704110008.pdf', '082331843588', '2025-05-22 15:42:10'),
(50, 'TSI Raya 58', '3509110909200012', 'Rumah Sendiri', 'Dusun Gondosari RT/RW 003/021', 'JAWA TIMUR', 'KABUPATEN JEMBER', 'WULUHAN', 'TAMANSARI', '3509110909200012.pdf', '08815007791', '2025-05-22 15:51:37'),
(51, 'TSI Blok X‐3A', '', 'Rumah Sendiri', 'Pagesangan 4/64 B,Jambangan,Surabaya', 'JAWA TIMUR', 'KOTA SURABAYA', 'JAMBANGAN', 'PAGESANGAN', '', '085852343402', '2025-05-22 15:52:53'),
(52, 'TSI Blok X‐3B', '3518050212110005', 'Rumah Sendiri', 'DUSUN SENTONO 01/03, DESA PACEKULON, KECAMATAN PACE, KABUPATEN NGANJUK', 'JAWA TIMUR', 'KABUPATEN NGANJUK', 'PACE', 'PACEKULON', '3518050212110005.pdf', '089658711435', '2025-05-23 03:37:46'),
(53, 'TSI Blok VIII‐11A', '', 'Rumah Sendiri', 'Taman Sukodono Indah VIII No. 11A', 'JAWA TIMUR', 'KAB. SIDOARJO', 'SUKODONO', 'JUMPUTREJO', '', '081327251395', '2025-05-23 06:49:18'),
(54, 'TSI Blok VII‐18', '3515142202240003', 'Rumah Sendiri', 'Taman Sukodono Indah Blok VII/18 Dusun Kedung', 'JAWA TIMUR', 'KABUPATEN SIDOARJO', 'SUKODONO', 'JUMPUTREJO', '3515142202240003.pdf', '085175088921', '2025-05-23 13:04:04'),
(55, 'TSI Blok VIII‐10', '3578081110220007', 'Rumah Sendiri', 'Jl karang menjangan I/36', 'JAWA TIMUR', 'KOTA SURABAYA', 'GUBENG', 'MOJO', '3578081110220007.jpg', '087869830246', '2025-05-23 15:15:37'),
(57, 'TSI Blok X‐2B', '', 'Rumah Sendiri', 'JL.Bentul VIII /48', 'JAWA TIMUR', 'KOTA SURABAYA', 'WONOKROMO', 'JAGIR', '', '081332158557', '2025-05-23 16:34:52'),
(58, 'TSI Blok VI‐6', '', 'Rumah Sendiri', 'Panjunan ', 'JAWA TIMUR', 'KAB. SIDOARJO', 'SUKODONO', 'PANJUNAN', '', '081331699253', '2025-05-24 01:04:07'),
(59, 'TSI Blok V‐8', '', 'Rumah Sendiri', 'Dsn Kepundungan RT 03/RW 03', 'JAWA TIMUR', 'KABUPATEN BANYUWANGI', 'SRONO', 'KEPUNDUNGAN', '', '081216879804', '2025-05-24 01:23:48'),
(60, 'TSI Blok VI‐12A', '', 'Rumah Sendiri', 'Perum Putri Juanda Blok A6 No 2 ', 'JAWA TIMUR', 'KABUPATEN SIDOARJO', 'SEDATI', 'PEPE', '', '085843696509', '2025-05-24 02:08:35'),
(61, 'TSI Blok VII‐3', '', 'Rumah Sendiri', 'Jl. Pagesangan 1A no. 23 Rt.01 Rw.01, Surabaya', 'JAWA TIMUR', 'KOTA SURABAYA', 'JAMBANGAN', 'PAGESANGAN', '', '085731693358', '2025-05-24 02:34:21'),
(62, 'TSI Blok IV‐3A', '', 'Rumah Sendiri', 'Taman Sukodono Indah IV no 3A', 'JAWA TIMUR', 'KABUPATEN SIDOARJO', 'SUKODONO', 'JUMPUTREJO', '', '082338191945', '2025-05-24 03:33:56'),
(63, 'TSI Blok XI‐1', '', 'Rumah Sendiri', 'Wisma Medokan Utara II Blok C 14', 'JAWA TIMUR', 'KOTA SURABAYA', 'RUNGKUT', 'MEDOKAN AYU', '', '085850987598', '2025-05-24 08:05:50'),
(64, 'TSI Raya 28', '', 'Rumah Sendiri', 'Perum. Taman sukodono indah, Blok Raya No. 28, Jumputrejo, Sukodono, Sidoarjo', 'JAWA TIMUR', 'KAB. SIDOARJO', 'SUKODONO', 'JUMPUTREJO', '', '081226941502', '2025-05-24 08:46:19'),
(65, 'TSI Blok VII‐8', '', 'Rumah Sendiri', 'medayu utara gg.30-c/ 16-c', 'JAWA TIMUR', 'KOTA SURABAYA', 'RUNGKUT', 'MEDOKAN AYU', '', '081285039822', '2025-05-24 08:50:23'),
(66, 'TSI Blok III‐6', '', 'Rumah Sendiri', 'Perumahan Taman Suko Asri , Suko, Sukodono', 'JAWA TIMUR', 'KAB. SIDOARJO', 'SUKODONO', 'SUKO', '', '085732402093', '2025-05-24 09:02:07'),
(67, 'TSI Blok VII‐19', '', 'Rumah Sendiri', 'PANGGREMAN GG LAP 27 A DUSUN PANGGREMAN', 'JAWA TIMUR', 'KOTA MOJOKERTO', 'KRANGGAN', 'KRANGGAN', '', '083122163343', '2025-05-24 10:23:06'),
(69, 'TSI Blok VI‐12', '', 'Rumah Sendiri', 'Simo Magerejo Tengah V', 'JAWA TIMUR', 'KOTA SURABAYA', 'SUKOMANUNGGAL', 'SIMOMULYO', '', '081336859485', '2025-05-24 12:58:59'),
(70, 'TSI Blok VI‐10', '', 'Rumah Sendiri', 'Desa Cungkup, Kec. Pucuk, Lamongan', 'JAWA TIMUR', 'KAB. LAMONGAN', 'PUCUK', 'CUNGKUP', '', '085648137993', '2025-05-24 13:21:23'),
(71, 'TSI Blok VI‐8', '', 'Rumah Sendiri', 'Desa Watulimo Kecamatan Watulimo ', 'JAWA TIMUR', 'KAB. TRENGGALEK', 'WATULIMO', 'WATULIMO', '', '081575875465', '2025-05-24 14:04:05'),
(72, 'TSI Blok VI‐3', '', 'Rumah Sendiri', 'Taman Sukodono Indah Blok VI no 3 Sukodono Sidaorjo', 'JAWA TIMUR', 'KAB. SIDOARJO', 'SUKODONO', 'JUMPUTREJO', '', '081217051232', '2025-05-24 15:11:42'),
(73, 'TSI Blok VI‐16', '', 'Rumah Sendiri', 'Jalan semangka 30 magersari indah', 'JAWA TIMUR', 'KOTA MOJOKERTO', 'MAGERSARI', 'MAGERSARI', '', '08563396757', '2025-05-24 23:10:27'),
(74, 'TSI Blok VIII‐18', '', 'Rumah Sendiri', 'Desa likasan RT 8 RW 3', 'JAWA TIMUR', 'KAB. MAGETAN', 'TAKERAN', 'MADIGONDO', '', '081230762404', '2025-05-25 02:25:26'),
(75, 'TSI Blok VIII‐3A', '', 'Rumah Sendiri', 'Jalan Aru No 5', 'JAWA TIMUR', 'KOTA BLITAR', 'SANANWETAN', 'KARANG TENGAH', '', '085646461313', '2025-05-25 02:31:01'),
(76, 'TSI Blok IX‐10', '', 'Rumah Sendiri', 'Jalan Sidomakmur Ponorogo', 'JAWA TIMUR', 'KAB. PONOROGO', 'BABADAN', 'BABADAN', '', '085736713803', '2025-05-25 02:34:53'),
(77, 'TSI Raya 29', '', 'Rumah Sendiri', 'Jln mochamad hatta 417 ', 'JAWA TIMUR', 'KAB. NGANJUK', 'PATIANROWO', 'PISANG', '', '085745672227', '2025-05-25 02:44:05'),
(78, 'TSI Blok VII‐2', '', 'Rumah Sendiri', 'Taman Sukodono Indah Blok VII/02 RT.045 RW.006 Kel.Jumputrejo Kec.Sukodono Kab.Sidoarjo', 'JAWA TIMUR', 'KAB. SIDOARJO', 'SUKODONO', 'JUMPUTREJO', '', '081230841354', '2025-05-25 03:25:38'),
(79, 'TSI Raya 27', '', 'Sewa/Kontrak', 'Jl. Trunojoyo 2 no 29 Rt. 09 Rw. 03', 'JAWA TIMUR', 'KAB. SIDOARJO', 'SIDOARJO', 'SIDOKLUMPUK', '', '081935000973', '2025-05-25 03:33:13'),
(80, 'TSI Raya 12A', '', 'Rumah Sendiri', 'Dusun beciro rt 003 rw 001 kel jumput rejo kec sukodono sidoarjo', 'JAWA TIMUR', 'KAB. SIDOARJO', 'SUKODONO', 'JUMPUTREJO', '', '081217996044', '2025-05-25 03:58:07'),
(81, 'TSI Blok IX‐2', '', 'Rumah Sendiri', 'Brangkal ', 'JAWA TIMUR', 'KAB. MOJOKERTO', 'SOOKO', 'BRANGKAL', '', '087752984059', '2025-05-25 04:11:23'),
(82, 'TSI Blok II‐7', '', 'Rumah Sendiri', 'Jln. Mawar Ds. Popoh RW 1 RW 2', 'JAWA TIMUR', 'KAB. BLITAR', 'SELOPURO', 'POPOH', '', '08125298533', '2025-05-25 05:14:49'),
(83, 'TSI Blok V‐5', '', 'Rumah Sendiri', 'PERUM PT PP NO.1 RT.004 RW.001 ', 'JAWA TIMUR', 'KAB. SIDOARJO', 'WARU', 'WEDORO', '', '08113002485', '2025-05-25 05:52:53'),
(84, 'TSI Raya 8', '', 'Rumah Sendiri', 'Ketintang baru XVIII', 'JAWA TIMUR', 'KOTA SURABAYA', 'GAYUNGAN', 'KETINTANG', '', '081235634470', '2025-05-25 07:17:35'),
(85, 'TSI Blok V‐3A', '', 'Rumah Sendiri', 'Ngasri rt 02/07 giriwarno girimarto', 'JAWA TENGAH', 'KAB. WONOGIRI', 'GIRIMARTO', 'GIRIWARNO', '', '081295295000', '2025-05-25 07:50:01'),
(86, 'TSI Blok II‐5', '', 'Rumah Sendiri', 'Taman Sukodono Indah blok 2 no. 05, RT/RW 000/000, kel. Jumputrejo, kec. Sukodono', 'JAWA TIMUR', 'KAB. SIDOARJO', 'SUKODONO', 'JUMPUTREJO', '', '082232127469', '2025-05-25 09:38:42'),
(87, 'TSI Blok II‐12A', '', 'Rumah Sendiri', 'Jl. Simo Pomahan Baru Barat No.56', 'JAWA TIMUR', 'KOTA SURABAYA', 'SUKOMANUNGGAL', 'SIMOMULYO BARU', '', '085334575758', '2025-05-25 11:46:12'),
(88, 'TSI Blok X‐1B', '', 'Rumah Sendiri', 'Ds. Gogorante kediri ', 'JAWA TIMUR', 'KAB. KEDIRI', 'NGASEM', 'GOGORANTE', '', '087853391818', '2025-05-25 15:51:42'),
(89, 'TSI Raya 32', '', 'Rumah Sendiri', 'RT 2/RW 3 Mutersari', 'JAWA TIMUR', 'KAB. JOMBANG', 'BARENG', 'NGRIMBI', '', '08563519555', '2025-05-25 22:17:17'),
(90, 'TSI Blok VI‐11', '', 'Rumah Sendiri', 'Tosadu RT 17 RW 7 Towangsan Gantiwarno', 'JAWA TENGAH', 'KAB. KLATEN', 'GANTIWARNO', 'TOWANGSAN', '', '085328553392', '2025-05-26 00:44:29'),
(91, 'TSI Blok VII‐12A', '', 'Rumah Sendiri', 'Jl. Rungkut Lor Gg.VI No.38', 'JAWA TIMUR', 'KOTA SURABAYA', 'RUNGKUT', 'KALIRUNGKUT', '', '082228731036', '2025-05-26 00:45:26'),
(92, 'TSI Raya 3', '', 'Rumah Sendiri', 'Tambak Segaran 1/73', 'JAWA TIMUR', 'KOTA SURABAYA', 'SIMOKERTO', 'TAMBAKREJO', '', '081335541645', '2025-05-26 03:03:08'),
(93, 'TSI Blok XI‐7', '', 'Rumah Sendiri', 'Jalan Pemuda Gg. Yakup Mlaten RT/RW 026/003 Desa Campurejo Kec. Bojonegoro Kab. Bojonegoro', 'JAWA TIMUR', 'KAB. BOJONEGORO', 'BOJONEGORO', 'CAMPUREJO', '', '081335131960', '2025-05-26 04:30:58'),
(94, 'TSI Raya 55', '', 'Rumah Sendiri', 'JL. KACA PIRING 16 LINGK GEBANG DARWO BARAT', 'JAWA TIMUR', 'KAB. JEMBER', 'PATRANG', 'GEBANG', '', '089605703089', '2025-05-26 04:34:39'),
(95, 'TSI Blok IX‐9', '', 'Rumah Sendiri', 'RT/RW 06/04 DS. Banyukambang Kec. Wonoasri Kab. Madiun', 'JAWA TIMUR', 'KAB. MADIUN', 'WONOASRI', 'BANYUKAMBANG', '', '082292734292', '2025-05-26 09:37:25'),
(96, 'TSI Raya 56', '', 'Rumah Sendiri', 'Dsn Bogem RT. 002 / RW. 001 Kode Pos. 61258', 'JAWA TIMUR', 'KAB. SIDOARJO', 'SUKODONO', 'KEBONAGUNG', '', '083831248420', '2025-05-26 11:28:41'),
(97, 'TSI Blok VI‐15', '', 'Rumah Sendiri', 'Bibis 1/5 RT. 2 RW. 1', 'JAWA TIMUR', 'KOTA SURABAYA', 'PABEAN CANTIAN', 'BONGKARAN', '', '081333609939', '2025-05-26 16:46:41'),
(98, 'TSI Raya 59', '', '', 'Gunung anyar tenggah 7B Surabaya', 'JAWA TIMUR', 'KOTA SURABAYA', 'GUNUNG ANYAR', 'GUNUNG ANYAR', '', '081331804466', '2025-05-27 00:27:42'),
(99, 'TSI Blok VIII‐3', '', 'Rumah Sendiri', 'Perumahan Taman Sukodono Indah blok VIII no3', 'JAWA TIMUR', 'KAB. SIDOARJO', 'SUKODONO', 'JUMPUTREJO', '', '085790825674', '2025-05-27 00:51:26'),
(100, 'TSI Blok IV‐1', '', 'Sewa/Kontrak', 'Jl sukorejo, buduran, sidoarjo', 'JAWA TIMUR', 'KAB. SIDOARJO', 'BUDURAN', 'BUDURAN', '', '085850541880', '2025-05-27 01:16:30'),
(101, 'TSI Blok V‐15', '', 'Rumah Sendiri', 'Jl. Balai desa selatan no 23 RT 09 RW 04', 'JAWA TIMUR', 'KAB. SIDOARJO', 'BUDURAN', 'BUDURAN', '', '081331219820', '2025-05-27 01:35:23'),
(102, 'TSI Blok V‐3B', '', 'Rumah Sendiri', 'JL. KH. ABD KARIM GG III/11', 'JAWA TIMUR', 'KOTA KEDIRI', 'MOJOROTO', 'LIRBOYO', '', '085258269088', '2025-05-27 01:49:38'),
(103, 'TSI Blok X‐5B', '', 'Rumah Sendiri', 'Jl Kedung Asem I/ No 22-B', 'JAWA TIMUR', 'KOTA SURABAYA', 'RUNGKUT', 'KEDUNG BARUK', '', '085646111308', '2025-05-27 04:16:02'),
(104, 'TSI Raya 9', '', 'Rumah Sendiri', 'JL BENTUL 7 NO 6', 'JAWA TIMUR', 'KOTA SURABAYA', 'WONOKROMO', 'JAGIR', '', '082334034808', '2025-05-27 04:58:41'),
(105, 'TSI Raya 6| TSI Blok VI‐9', '', 'Rumah Sendiri', 'Ploso 8 Tengah nomer 2C, Surabaya', 'JAWA TIMUR', 'KOTA SURABAYA', 'TAMBAKSARI', 'PLOSO', '', '082141085827', '2025-05-27 05:20:08'),
(106, 'TSI Raya 53', '', 'Rumah Sendiri', 'Jalan Pagu Indah No.5 Manisrejo Madiun', 'JAWA TIMUR', 'KOTA MADIUN', 'TAMAN', 'MANISREJO', '', '085238859990', '2025-05-27 07:48:44'),
(107, 'TSI Blok IX‐1', '', 'Rumah Sendiri', 'JL. JEND.S PARMAN 3/10.     RT/RW. 002/003', 'JAWA TIMUR', 'KAB. SIDOARJO', 'WARU', 'WARU', '', '087702727700', '2025-05-27 07:56:28'),
(108, 'TSI Blok IX‐5', '', 'Rumah Sendiri', 'NGAGEL DADI 1-A/7   RT/RW. 002/010', 'JAWA TIMUR', 'KOTA SURABAYA', 'WONOKROMO', 'NGAGEL REJO', '', '089688887616', '2025-05-27 09:08:32'),
(109, 'TSI Blok VI‐7', '', 'Rumah Sendiri', 'Taman sukodono indah VI no 7 ', 'JAWA TIMUR', 'KAB. SIDOARJO', 'SUKODONO', 'JUMPUTREJO', '', '081334162524', '2025-05-27 10:32:32'),
(110, 'TSI Raya 33', '', 'Sewa/Kontrak', 'Jl Mayjen Panjaitan XVII-C / 77', 'JAWA TIMUR', 'KOTA MALANG', 'KLOJEN', 'PENANGGUNGAN', '', '081249089999', '2025-05-27 10:41:36'),
(111, 'TSI Blok VI‐5', '', 'Rumah Sendiri', 'Jl teluk tomini no 38 Surabaya ', 'JAWA TIMUR', 'KOTA SURABAYA', 'PABEAN CANTIAN', 'PERAK UTARA', '', '081216977543', '2025-05-27 10:55:13'),
(112, 'TSI Blok VII‐7', '', 'Rumah Sendiri', 'Taman sukodono Indah 7 no 7 Jumputrejo', 'JAWA TIMUR', 'KAB. SIDOARJO', 'SUKODONO', 'JUMPUTREJO', '', '085732501756', '2025-05-27 11:01:14'),
(113, 'TSI Raya 33A', '', 'Rumah Sendiri', 'Rt 34 rw 008 Dsn miri desa mlinjon kecamatan suruh kabupaten trenggalek', 'JAWA TIMUR', 'KAB. TRENGGALEK', 'SURUH', 'MLINJON', '', '082392679173', '2025-05-27 12:06:50'),
(114, 'TSI Raya 16B', '', 'Rumah Sendiri', 'Pulo Wonokromo 200', 'JAWA TIMUR', 'KOTA SURABAYA', 'WONOKROMO', 'WONOKROMO', '', '081233115542', '2025-05-27 12:19:20'),
(115, 'Ruha 1', '', '', 'Kahuripan Nirwana Blok BA IX no. 02', 'JAWA TIMUR', 'KAB. SIDOARJO', 'BUDURAN', 'ENTALSEWU', '', '081907726661', '2025-05-27 12:23:34'),
(116, 'TSI Raya 10', '', 'Rumah Sendiri', 'Jl ki suryo jati rt 18 rw 07 kedungturi taman sidoarjo', 'JAWA TIMUR', 'KAB. SIDOARJO', 'TAMAN', 'KEDUNGTURI', '', '081252897644', '2025-05-27 12:37:24'),
(117, 'TSI Blok VII‐1', '', 'Rumah Sendiri', 'Deltasari Blok  BG 25', 'JAWA TIMUR', 'KAB. SIDOARJO', 'WARU', 'KUREKSARI', '', '08113522999', '2025-05-27 12:41:35'),
(118, 'TSI Blok VII‐11A', '', 'Rumah Sendiri', 'Semampir Tengah 7 No.9', 'JAWA TIMUR', 'KOTA SURABAYA', 'SUKOLILO', 'MEDOKAN SEMAMPIR', '', '085648480025', '2025-05-27 13:00:45'),
(119, 'TSI Blok X‐1', '', 'Rumah Sendiri', 'KUTISARI UTARA IA/24  RT/RW. 007/002', 'JAWA TIMUR', 'KOTA SURABAYA', 'TENGGILIS MEJOYO', 'KUTISARI', '', '085257980891', '2025-05-27 13:28:23'),
(120, 'TSI Raya 51', '', 'Rumah Sendiri', 'BRATANG WETAN 2/31-B RT.005/RW.008', 'JAWA TIMUR', 'KOTA SURABAYA', 'WONOKROMO', 'NGAGEL REJO', '', '081326024905', '2025-05-27 13:44:50'),
(121, 'TSI Blok X‐2', '', 'Rumah Sendiri', 'Petemon sidomulyo 4 no 39', 'JAWA TIMUR', 'KOTA SURABAYA', 'SAWAHAN', 'PETEMON', '', '081217283198', '2025-05-27 13:59:26'),
(122, 'TSI Blok IIIB‐7', '', 'Sewa/Kontrak', 'Wonocolo 5 no 95 RT 3 RW 1', 'JAWA TIMUR', 'KAB. SIDOARJO', 'TAMAN', 'WONOCOLO', '', '082233380144', '2025-05-27 14:05:05'),
(123, 'TSI Blok VIII‐15', '', 'Rumah Sendiri', 'Jl Bohar Selatan RT 08 RW 05 Sidoarjo', 'JAWA TIMUR', 'KAB. SIDOARJO', 'SUKODONO', 'JUMPUTREJO', '', '081212924995', '2025-05-27 16:57:26'),
(124, 'TSI Blok VII‐10', '', 'Sewa/Kontrak', 'Jl senayan rt 70 no 26 BALIKPAPAN', 'KALIMANTAN TIMUR', 'KOTA BALIKPAPAN', 'BALIKPAPAN TENGAH', 'KARANG REJO', '', '087887200348', '2025-05-28 02:11:02'),
(125, 'TSI Blok VII‐11', '', 'Rumah Sendiri', 'Jl. Anggrek Gg. Bunga No. 5, Pilang', 'JAWA TIMUR', 'KOTA PROBOLINGGO', 'KADEMANGAN', 'PILANG', '', '081357817110', '2025-05-28 02:13:45'),
(126, 'TSI Raya 15B', '', 'Rumah Sendiri', 'Jl. Sepanjang Tani no. 17', 'JAWA TIMUR', 'KAB. SIDOARJO', 'TAMAN', 'SEPANJANG', '', '08983231686', '2025-05-28 02:28:13'),
(127, 'TSI Blok VII‐16', '', 'Rumah Sendiri', 'Plampitan gang 1 no 23', 'JAWA TIMUR', 'KOTA SURABAYA', 'GENTENG', 'PENELEH', '', '083854112806', '2025-05-28 02:48:40'),
(128, 'TSI Blok VII‐3A', '', 'Rumah Sendiri', 'Jl wisma permai tengah 5/CC 43', 'JAWA TIMUR', 'KOTA SURABAYA', 'MULYOREJO', 'MULYOREJO', '', '089502372266', '2025-05-28 02:52:14'),
(129, 'TSI Raya 35', '', 'Rumah Sendiri', 'NGAGELREJO5/4', 'JAWA TIMUR', 'KOTA SURABAYA', 'WONOKROMO', 'NGAGEL REJO', '', '085234119576', '2025-05-28 03:08:03'),
(130, 'TSI Raya 52', '', 'Rumah Sendiri', 'GRIYA TAMAN ASRI BLOK EA-12  RT/RW. 033/008', 'JAWA TIMUR', 'KAB. SIDOARJO', 'TAMAN', 'TAWANGSARI', '', '081330568866', '2025-05-28 03:55:08'),
(131, 'TSI Raya 36', '', 'Rumah Sendiri', 'Dan Tanjungrejo lor', 'JAWA TIMUR', 'KAB. LUMAJANG', 'YOSOWILANGUN', 'TUNJUNGREJO', '', '082332517226', '2025-05-28 04:51:11'),
(132, 'TSI Blok IV‐9', '', 'Sewa/Kontrak', 'Griya babatan mukti blok O-12', 'JAWA TIMUR', 'KOTA SURABAYA', 'WIYUNG', 'BABATAN', '', '081230859811', '2025-05-28 07:12:28'),
(133, 'TSI Blok IV‐8', '', 'Rumah Sendiri', 'GIRILAYA 9/32-B', 'JAWA TIMUR', 'KOTA SURABAYA', 'SAWAHAN', 'BANYU URIP', '', '085735185869', '2025-05-28 07:24:05'),
(134, 'TSI Raya 50', '', 'Rumah Sendiri', 'Desa Tejo,Kecamatan Mojoagung, kabupaten jombang', 'JAWA TIMUR', 'KAB. JOMBANG', 'MOJOAGUNG', 'TEJO', '', '083144484068', '2025-05-28 09:19:26'),
(135, 'TSI Raya 1', '', 'Rumah Sendiri', 'Kwadengan timur 43, lemahputro, sidoarjo, sidoarjo', 'JAWA TIMUR', 'KAB. SIDOARJO', 'SIDOARJO', 'LEMAHPUTRO', '', '081312166119', '2025-05-28 09:39:04'),
(136, 'TSI Raya 23', '', 'Rumah Sendiri', 'PERUMAHAN TAMAN SUKODONO RAYA BLOK RAYA NO.23', 'JAWA TIMUR', 'KAB. SIDOARJO', 'SUKODONO', 'JUMPUTREJO', '', '081331649784', '2025-05-28 10:23:13'),
(137, 'TSI Blok IIIB‐1', '', 'Rumah Sendiri', 'Taman Sukodono Indah blok 3B No 01 RT45 RW06', 'JAWA TIMUR', 'KAB. SIDOARJO', 'SUKODONO', 'JUMPUTREJO', '', '085230306310', '2025-05-28 12:11:53'),
(138, 'TSI Blok XI‐2', '', 'Rumah Sendiri', 'POGUNG BARU E 42.  RT/RW. 014/052', 'DAERAH ISTIMEWA YOGYAKARTA', 'KAB. SLEMAN', 'MLATI', 'SINDUADI', '', '085255180006', '2025-05-28 12:30:05'),
(139, 'TSI Blok XI‐8', '', 'Rumah Sendiri', 'Dsn. Jatirejo Ds. Tenggur Kec. Rejotangan Kab. Tulungagung', 'JAWA TIMUR', 'KAB. TULUNGAGUNG', 'REJOTANGAN', 'TENGGUR', '', '081330257583', '2025-05-28 14:06:33'),
(140, 'TSI Raya 53A', '', 'Rumah Sendiri', 'Dsn. Jatirejo Ds. Tenggur Kec. Rejotangan Kab. Tulungagung', 'JAWA TIMUR', 'KAB. TULUNGAGUNG', 'REJOTANGAN', 'TENGGUR', '', '081247989168', '2025-05-28 14:08:09'),
(141, 'TSI Blok II‐3A', '', 'Rumah Sendiri', 'Taman sukodono indah 2 no 3', 'JAWA TIMUR', 'KAB. SIDOARJO', 'SUKODONO', 'JUMPUTREJO', '', '082231197352', '2025-05-29 01:09:50'),
(143, 'TSI Blok XI‐3A', '', 'Rumah Sendiri', 'TANJUNG LAYAR 7  RT/RW. 005/008', 'JAWA TIMUR', 'KOTA SURABAYA', 'KREMBANGAN', 'PERAK BARAT', '', '081232736612', '2025-05-29 05:14:44'),
(144, 'TSI Raya 31', '', 'Sewa/Kontrak', 'Beciro Rt 01 RW 01 jumputrejo sukodono sidoarjo', 'JAWA TIMUR', 'KAB. SIDOARJO', 'SUKODONO', 'JUMPUTREJO', '', '087881802110', '2025-05-29 09:20:18'),
(145, 'TSI Raya 2', '', 'Rumah Sendiri', 'Taman sukodono indah blok raya no 2', 'JAWA TIMUR', 'KAB. SIDOARJO', 'SUKODONO', 'JUMPUTREJO', '', '081234444569', '2025-05-29 11:55:13'),
(146, 'TSI Blok IX‐7', '', 'Rumah Sendiri', 'TURI  RT/RW. 010/03', 'JAWA TIMUR', 'KAB. MOJOKERTO', 'MOJOSARI', 'LEMINGGIR', '', '085791074614', '2025-05-29 12:25:14'),
(147, 'TSI Blok V‐2', '', 'Rumah Sendiri', 'R. Tengah GG Sekolahan 15-A RT.004 RW.01', 'JAWA TIMUR', 'KOTA SURABAYA', 'GUNUNG ANYAR', 'RUNGKUT TENGAH', '', '089679881951', '2025-05-29 12:58:23'),
(148, 'TSI Blok V‐3', '', 'Rumah Sendiri', 'Jl Teuku Umar RT.005 RW.02 Medaeng', 'JAWA TIMUR', 'KAB. SIDOARJO', 'WARU', 'MEDAENG', '', '089612342518', '2025-05-29 13:01:55'),
(149, 'TSI Blok V‐6', '', 'Rumah Sendiri', 'Wonocolo 5/86 RT.003 RW.01', 'JAWA TIMUR', 'KAB. SIDOARJO', 'TAMAN', 'WONOCOLO', '', '08983696749', '2025-05-29 13:09:39'),
(150, 'TSI Blok V‐7', '', 'Rumah Sendiri', 'Taman Sukodono Indah Blok V-7', 'JAWA TIMUR', 'KAB. SIDOARJO', 'SUKODONO', 'JUMPUTREJO', '', '081246785081', '2025-05-29 13:11:15'),
(151, 'TSI Blok V‐11A', '', 'Rumah Sendiri', 'Dukuh menanggal 6 no 65 B RT 001 RW 002 Gayungan Surabaya', 'JAWA TIMUR', 'KOTA SURABAYA', 'GAYUNGAN', 'DUKUH MENANGGAL', '', '0895800264780', '2025-05-29 13:11:50'),
(152, 'TSI Blok V‐9', '', 'Rumah Sendiri', 'JL Lurah Surodarmo 71 RT.001 RW.01, Cangkringan', 'JAWA TIMUR', 'KAB. NGANJUK', 'NGANJUK', 'CANGKRIMAN', '', '081364242919', '2025-05-29 13:13:21'),
(153, 'TSI Blok V‐10', '', 'Rumah Sendiri', 'Jagir RT.007 RW.05, Jagir', 'JAWA TIMUR', 'KOTA SURABAYA', 'WONOKROMO', 'JAGIR', '', '089655798484', '2025-05-29 13:15:35'),
(154, 'TSI Blok V‐11', '', 'Rumah Sendiri', 'JL Taruna Baru 09 RT.001 RW.07, Wage', 'JAWA TIMUR', 'KAB. SIDOARJO', 'TAMAN', 'WAGE', '', '085733300061', '2025-05-29 13:17:10'),
(155, 'TSI Raya 11B', '', 'Rumah Sendiri', 'Keputih Utara No 85', 'JAWA TIMUR', 'KOTA SURABAYA', 'SUKOLILO', 'KEPUTIH', '', '082142465886', '2025-05-29 14:12:48'),
(156, 'TSI Blok VI‐11a', '', 'Rumah Sendiri', 'Jl. Purwodadi 2 no.47, Surabaya', 'JAWA TIMUR', 'KOTA SURABAYA', 'BUBUTAN', 'JEPARA', '', '085655446646', '2025-05-29 14:52:04'),
(157, 'TSI Blok II‐9', '', 'Rumah Sendiri', 'Perum. Taman Sukodono Indah blok II no 9', 'JAWA TIMUR', 'KAB. SIDOARJO', 'SUKODONO', 'JUMPUTREJO', '', '08113104988', '2025-05-29 15:10:20'),
(158, 'TSI Blok VI‐1', '', 'Rumah Sendiri', 'Park Royal Regency Q2 no 26', 'JAWA TIMUR', 'KAB. SIDOARJO', 'BUDURAN', 'SIDOKERTO', '', '082143338792', '2025-05-29 23:43:59'),
(159, 'TSI Blok IV‐3', '', 'Rumah Sendiri', 'Siwalankerto Tengah no 108', 'JAWA TIMUR', 'KOTA SURABAYA', 'WONOCOLO', 'SIWALANKERTO', '', '089695276480', '2025-05-30 01:19:44'),
(160, 'TSI Blok IX‐6', '', 'Rumah Sendiri', 'TAMAN SUKODONO INDAH IX/6', 'JAWA TIMUR', 'KAB. SIDOARJO', 'SUKODONO', 'JUMPUTREJO', '', '081330931822', '2025-05-30 01:38:15'),
(161, 'TSI Raya 7', '', 'Rumah Sendiri', 'Jl.buyut khori 1 rt.1 rw.1 buduran', 'JAWA TIMUR', 'KAB. SIDOARJO', 'BUDURAN', 'BUDURAN', '', '083851500016', '2025-05-30 01:44:03'),
(162, 'TSI Blok IV‐2', '', 'Rumah Sendiri', 'Medayu Selatan XI K49', 'JAWA TIMUR', 'KOTA SURABAYA', 'RUNGKUT', 'MEDOKAN AYU', '', '082143332340', '2025-05-30 03:55:27'),
(163, 'TSI Blok IIIB‐8', '', 'Rumah Sendiri', 'Tuwowo 3 no 1 surabaya', 'JAWA TIMUR', 'KOTA SURABAYA', 'TAMBAKSARI', 'KAPAS MADYA BARU', '', '08174756008', '2025-05-30 04:26:15'),
(164, 'TSI Raya 16', '', 'Rumah Sendiri', 'M. Nugrah', 'JAWA TIMUR', 'KAB. SIDOARJO', 'TAMAN', 'BRINGINBENDO', '', '083854493558', '2025-05-30 04:33:57'),
(165, 'TSI Blok IIIB‐3A', '', 'Rumah Sendiri', 'Tambak Wedi Tengah 8/66', 'JAWA TIMUR', 'KOTA SURABAYA', 'KENJERAN', 'TAMBAK WEDI', '', '087852228992', '2025-05-30 04:45:57'),
(166, 'TSI Raya 18', '', 'Rumah Sendiri', 'Jl.anusapati 108a sawotratap gedangan sidoarjo', 'JAWA TIMUR', 'KAB. SIDOARJO', 'GEDANGAN', 'SAWOTRATAP', '', '08121735355', '2025-05-30 05:58:48'),
(167, 'TSI Blok II‐15', '', 'Rumah Sendiri', 'Perum Citra Fajar Golf ATS Blok F No.22 ', 'JAWA TIMUR', 'KAB. SIDOARJO', 'SIDOARJO', 'GEBANG', '', '087882456285', '2025-05-30 06:17:36'),
(168, 'TSI Blok III‐7', '', 'Rumah Sendiri', 'Tunjungrejo Kidul', 'JAWA TIMUR', 'KAB. LUMAJANG', 'YOSOWILANGUN', 'TUNJUNGREJO', '', '089680874770', '2025-05-30 06:59:11'),
(169, 'TSI Blok II‐11A', '', 'Rumah Sendiri', 'RT 032 RW 12 dusun Mantren desa Bader kecamatan Dolopo kabupaten Madiun', 'JAWA TIMUR', 'KAB. MADIUN', 'DOLOPO', 'BADER', '', '082244050193', '2025-05-30 09:40:52'),
(170, 'TSI Blok III‐3A', '', 'Rumah Sendiri', 'banjar pertapan rt 02 rw 01 kec taman ', 'JAWA TIMUR', 'KAB. SIDOARJO', 'TAMAN', 'PERTAPANMADURETNO', '', '082260629187', '2025-05-30 10:02:35'),
(171, 'TSI Blok III‐8', '', 'Rumah Sendiri', 'JL Nyi Cempo Barat No. 64', 'JAWA TIMUR', 'KAB. SIDOARJO', 'TAMAN', 'KEDUNGTURI', '', '081913116595', '2025-05-30 10:51:47'),
(172, 'TSI Blok III‐9', '', 'Rumah Sendiri', 'Jl.Oro Oro III No.8 ', 'JAWA TIMUR', 'KOTA SURABAYA', 'TAMBAKSARI', 'PACARKELING', '', '085236011041', '2025-05-30 10:56:26'),
(173, 'TSI Blok V‐12', '', 'Rumah Sendiri', 'Kapas Madya I-A/86 RT.002 RW.03, Kapasmadya Baru', 'JAWA TIMUR', 'KOTA SURABAYA', 'TAMBAKSARI', 'KAPAS MADYA BARU', '', '081331020475', '2025-05-30 11:20:13'),
(174, 'TSI Blok V‐1', '', 'Rumah Sendiri', 'Jl Kesatrian 41-R/2 RT.007 RW.10 Sawunggaling', 'JAWA TIMUR', 'KOTA SURABAYA', 'WONOKROMO', 'SAWUNGGALING', '', '081332284422', '2025-05-30 11:38:18'),
(175, 'Ruha 6| Ruha 7| TSI Blok I‐1| TSI Blok II‐8', '', 'Rumah Sendiri', 'Jambangan 1A No 7 RT 02 RW 05 Surabaya', 'JAWA TIMUR', 'KOTA SURABAYA', 'JAMBANGAN', 'JAMBANGAN', '', '085102771289', '2025-05-30 11:46:21'),
(176, 'TSI Blok V‐12a', '', 'Musiman', 'PANJUNAN KULON RT.05 RW.02', 'JAWA TENGAH', 'KAB. KUDUS', 'KOTA KUDUS', 'PANJUNAN', '', '081333082667', '2025-05-30 12:31:02'),
(177, 'TSI Blok IV‐6', '', 'Rumah Sendiri', 'Bulak Banteng Lor 1 No 59 Surabaya ', 'JAWA TIMUR', 'KOTA SURABAYA', 'KENJERAN', 'BULAK BANTENG', '', '082139399843', '2025-05-30 12:39:32'),
(178, 'TSI Blok IX‐8', '', 'Rumah Sendiri', 'KEBONSARI 4 A/3   RT/RW. 003/002', 'JAWA TIMUR', 'KOTA SURABAYA', 'JAMBANGAN', 'KEBONSARI', '', '081336773030', '2025-05-30 12:53:01'),
(179, 'TSI Blok VII‐9', '', 'Rumah Sendiri', 'Perumahan Taman Sukodono Indah Blok VII No 9', 'JAWA TIMUR', 'KAB. SIDOARJO', 'SUKODONO', 'JUMPUTREJO', '', '081334182734', '2025-05-30 14:38:26'),
(180, 'TSI Blok VII‐12', '', 'Rumah Sendiri', 'Gubeng masjid 1/27 B Rt 001 RW 07 ', 'JAWA TIMUR', 'KOTA SURABAYA', 'GUBENG', 'GUBENG', '', '085604346721', '2025-05-30 15:16:45'),
(181, 'TSI Blok II‐2', '', 'Rumah Sendiri', 'Perumahan Taman Sukodono Indah Blok 2 No 2', 'JAWA TIMUR', 'KAB. SIDOARJO', 'SUKODONO', 'JUMPUTREJO', '', '082234221666', '2025-05-30 15:39:35'),
(182, 'TSI Blok IIIB‐6', '', 'Rumah Sendiri', 'Sedati gede no 37  rt 8 RW 4', 'JAWA TIMUR', 'KAB. SIDOARJO', 'SEDATI', 'SEDATIGEDE', '', '085645058319', '2025-05-31 06:06:42'),
(183, 'TSI Blok III‐2', '', 'Rumah Sendiri', 'Puri indah blok CO -13', 'JAWA TIMUR', 'KAB. SIDOARJO', 'CANDI', 'SIDODADI', '', '085334325825', '2025-05-31 07:11:34'),
(184, 'TSI Blok IIIB‐5', '', 'Rumah Sendiri', 'Jl.Tembok Dukuh ', 'JAWA TIMUR', 'KOTA SURABAYA', 'BUBUTAN', 'TEMBOK DUKUH', '', '082140820354', '2025-05-31 09:49:38'),
(185, 'TSI Blok IIIB‐2', '', 'Rumah Sendiri', 'Duaun kedung', 'JAWA TIMUR', 'KAB. SIDOARJO', 'SUKODONO', 'JUMPUTREJO', '', '081233290435', '2025-05-31 09:57:33'),
(186, 'TSI Blok IV‐7', '', 'Rumah Sendiri', 'Jl gajah magersari', 'JAWA TIMUR', 'KAB. SIDOARJO', 'SIDOARJO', 'MAGERSARI', '', '085707136253', '2025-05-31 10:05:13'),
(187, 'TSI Raya 17', '', 'Rumah Sendiri', 'Jl RY kedung asem', 'JAWA TIMUR', 'KOTA SURABAYA', 'RUNGKUT', 'KEDUNG BARUK', '', '087830521375', '2025-05-31 10:13:09'),
(188, 'TSI Blok VIII‐20', '', 'Rumah Sendiri', 'Jl karan gayam 3/4 B Rt 02 rw 09', 'JAWA TIMUR', 'KOTA SURABAYA', 'TAMBAKSARI', 'TAMBAKSARI', '', '082245850684', '2025-06-02 13:18:56');

-- --------------------------------------------------------

--
-- Table structure for table `master_koordinator_blok`
--

CREATE TABLE `master_koordinator_blok` (
  `id` int NOT NULL,
  `nama` varchar(255) CHARACTER SET utf8mb4 COLLATE utf8mb4_0900_ai_ci DEFAULT NULL,
  `username` varchar(255) CHARACTER SET utf8mb4 COLLATE utf8mb4_0900_ai_ci DEFAULT NULL,
  `password` varchar(255) CHARACTER SET utf8mb4 COLLATE utf8mb4_0900_ai_ci DEFAULT NULL,
  `login_at` text NOT NULL
) ENGINE=InnoDB DEFAULT CHARSET=utf8mb4 COLLATE=utf8mb4_0900_ai_ci ROW_FORMAT=DYNAMIC;

--
-- Dumping data for table `master_koordinator_blok`
--

INSERT INTO `master_koordinator_blok` (`id`, `nama`, `username`, `password`, `login_at`) VALUES
(1, 'PAK DENNY (Raya 1‐8, Blok I‐II)', 'denny', 'ba778e16eb82e356bfc5726fdb82b78a', '2025-05-31 12:50:13'),
(2, 'PAK GALUH (Blok III‐IIIB)', 'galuh', 'ba778e16eb82e356bfc5726fdb82b78a', ''),
(3, 'PAK ARIS TEMON (Raya 9‐20, Blok IV)', 'aris', 'ba778e16eb82e356bfc5726fdb82b78a', '2025-05-31 16:47:49'),
(4, 'PAK AGUS PRI (Raya 21‐23, Blok V)', 'agus_pri', 'ba778e16eb82e356bfc5726fdb82b78a', '2025-08-22 09:04:10'),
(5, 'PAK YOYOK (Raya 23A‐30, Blok VI)', 'yoyok', 'ba778e16eb82e356bfc5726fdb82b78a', '2025-08-26 07:00:05'),
(6, 'PAK ZAINAL (Raya 31‐36, Blok VII)', 'zainal', 'ba778e16eb82e356bfc5726fdb82b78a', '2025-08-25 20:02:27'),
(7, 'PAK JULAIKAN (Raya 37‐50, Blok VIII)', 'julaikan', 'ba778e16eb82e356bfc5726fdb82b78a', '2025-08-21 08:08:03'),
(8, 'PAK ANDIEX / PAK ARYA (Raya 51‐61, Blok IX‐XI)', 'andi', 'ba778e16eb82e356bfc5726fdb82b78a', '2025-08-25 19:31:00'),
(9, 'PAK ERIC (Blok XB)', 'eric', 'ba778e16eb82e356bfc5726fdb82b78a', '2025-08-10 14:17:45');

-- --------------------------------------------------------

--
-- Table structure for table `master_partisipant`
--

CREATE TABLE `master_partisipant` (
  `id` int NOT NULL,
  `agenda_id` int NOT NULL,
  `nama` varchar(255) CHARACTER SET utf8mb4 COLLATE utf8mb4_general_ci NOT NULL,
  `ttd_base64` longtext CHARACTER SET utf8mb4 COLLATE utf8mb4_general_ci NOT NULL,
  `hadir_pada` datetime DEFAULT CURRENT_TIMESTAMP,
  `created_at` timestamp NOT NULL DEFAULT CURRENT_TIMESTAMP,
  `updated_at` timestamp NOT NULL DEFAULT CURRENT_TIMESTAMP ON UPDATE CURRENT_TIMESTAMP
) ENGINE=InnoDB DEFAULT CHARSET=utf8mb4 COLLATE=utf8mb4_general_ci ROW_FORMAT=DYNAMIC;

--
-- Dumping data for table `master_partisipant`
--

INSERT INTO `master_partisipant` (`id`, `agenda_id`, `nama`, `ttd_base64`, `hadir_pada`, `created_at`, `updated_at`) VALUES
(30, 8, 'MIFTAHUL HUDA', 'data:image/png;base64,iVBORw0KGgoAAAANSUhEUgAAAR4AAAByCAYAAACFiL5DAAAQAElEQVR4Aezdy440y1UF4PKxuQokM4ARE8Qc3gDbcyb4CXgALPMG8AhY5jlgwhybGUPElIEHjAAJSyBhbrbz61PrKP48WdWZWRlZmV37qFZHZMSOfVmx9+6q7tb5P7vUf3sy8H+DseCnw7zFz4bnvdDa5c9gul7FwH4MVOPpw7VihrbANZWvDuaCrwzzFsPj24tc8P/DStDKZp69dszZqXFQ9/bKeSN/yLa+mr8J1pdioAcD1Xi2YVWTAQULihkUdhBLijxoG0bk3EnwteFQMEy/9MpeO+bs1Bgb7MYHI8XZy2hdLAGZQjGwCQOScxNFL6akbTIKVJOBFC06rIMih+zhPGgbhjN7gd34YOQbH/kb8MV6YD1NyGi/C0rpx2dA0n38KB+LUJMBxQYKcE6TwS0ocnjMi/6n+cjfQMNpmxEPrAW4sFYoBhYzIMkWHzrRAQ0DFAloGp7vhWCfLJDXZCAF56x1UJjW8QiKF8h8BIhFXCBO8YpbbJ7N8eS5UAzMZkBCzRY+kWCah4YBigSE0MZMDhQPKKSxvDVQdEAPHaAw6XwViFfcOMCJuDPHn+dCMfAuA5LoXaEjCdzxJQ1EQaR5EPcMmgYokIAcKB6YkscRKDogU7hccIJP3OLjK8MXvA5DvYqB+wxInvsSx95Ns5HwaSA8VgyKoi0G+4F1iGwrjxPQZIBMYZoB/OAKfyRw6i7MC8XATQYkzc3NA2+k4Wgkkh0kv2YDkl9s1iIjHM9ABpwjB4qITGE5A/jDq5M4xb95oRiYZEDCTG4ccDHNRoKPm4kmItnFYw8UgDDI2wf7oMmA/cI2DOAV17SFe/OPj4pwMQOSZfGhHQ+812yS6BoNJOGtazSexajJwI6uv6QpXL9k4BX0MgaOmihpOFPNRFPRULJnLmrr42ZjvVAMFAMHY+CIjcdHpjQVdGkooMFMrVezwVKhGDgRA0dqPHmXo8GgULMxegZzaxoN8B2O/RGK14VioBj4hAGF+8nCkx7adzmaCzduNRuNBsgUioFi4IQMPLvxjN/loHDccPio0YD9wnEZ8A3kuN6VZ4dhQFE/yxlJmp/Z5F0OX8zzUaqaDUbOAd9E2m8a5/D6Jb18ftDPajyazjhJNRtrfKqG8/zcWOKBpuObiDO+cbhD80IxMMnA3gkiQdumo9nwAarZTF7R4RfdaTWdw1/TsRxU8Ht5lAT1rsZ3RWM1m73Y72enmk4/bj+s5r0aj3c5laCnSKNFTrpXB3wj2SuX2Ct8mYF/GZYC93IL/zTIjTEs7fvaI1kQ4N2NyCpBsfAxkHutO93nPv99MAN4b4F/+M1hP1Bvt/C7g9wYztP5v8PeLq/ejUcwCBBMfp5jXjg3A7lXCds7h87N1GPe/8dwHNd4/vowB/XUYlh+e5FZCwro9KMPzQesdUPPpEGYYDiPEEGZF87NQHuvPfPn3Cyt975tNr82qGlrSB3Bj4f1f73CPriLtXDez2AHlRd1Cl2bD0cZm4nZYm1yIqqXndkOleDDDEjM9l69g31YaSn4hAH8jpvNfw4SGoMaCn5jWPutK4Zhk9cvDFrYcc/D9K0BdWs+AmFkSyBPAHRW08HC+eFO/XIg96rp+K54/siOGYG6wbX6/PWdXdSAYtK9Z77pKLAtFXIUYXQib2v99Bb2Y8B9usf2Tqvp7Mf/Myz9V2P0l5r5ptOtG0OboFvr3jTwUnaXgVsNx50e7Z3O3UBOtvmTq7+po+vjU4b40sW4RNpKsWSly3fILfXSWdiHAXfo/pL45t7huM9qOP3v4FcHEzgfhou7MO4JNn/5avBXrmOXQUJtoZjDSdatdG7hV+mYx4D7k/C5Q/NqOPO421rqf64K3YV76frO42rrr4bRnbNp/OvhuetrqybBYY5y2lg4BwMS252191cN57l35x2H+8i9+DlLz+bjjxL/6Boym3rCt6/P3QZGHlUueaNjC33RtcVYOqYZ8CtTSSbBSZhXw8HEcaCW3AuPNJ+2zqxtAU3HHyXS5W+D2DTvji0Mtcnb3eEysJoBzUbySma/GqfIvBoOJo4J9emOeKfO3J/5o/j+oIDetun426BheZ+XwB6xJJlz/lFd0VPjdgy4H8kqyTQbyUu752o4mDg+1JX74qn7c5/ma6Dh+KPAP7kelh9/Ocx3bTqDvbd//9q4FkhxNsSYF7ZjQGIEEu4eImck506mmo3kdW/1W6rt7mmRphXC7st9Our+3K/5XHx3EPT3ORqOe5cjGo4/FvzOsLf7S0C7Gy2DXzAgAQLJFEgy0DgCCXcPkTOS+8JIM3HfsWFku9mu6YEZcHdygovuN7/98nwPfzts/sUAP7QehsuPLpfL0xrOYPvt9dnb18e/SOLHtXxsDYocT4Ek0iQCyRSECTItfDyCdi2yGbOX54zR3Y5sRz5+GfmaczUehwH16r54pHncaz4aDtlvEh7gh8d/Ooy/M+DpL4E84oQkdt7bN2PhUwYUsEKWAIocXwFJ6y00lYCc+2nR8mwf6AF6nI28vRb2ArKBs9DK8jX7/A/EQ7bwPAbcr7vhwbj5fGNY9LHK/rjh+DnO94b9Q7wEcQhHPogTChMUqstXwApaeJ4hxW8d/y2+NghqLjBMv3jd00lfdI3PfaFgmNgLWpvOAj38C4Yjby97gXjsiy94E6ovuzLg/twDo5qP/PAO5wfDgo9Vw3DJO5xDNZzL9T8BXKerhgQv8FUKPsAhsacIFSYoVKHhR0EDriHFb/8eopeOKZ1sRN89PXP3+EVfQD+/2Q+iy15gL/Fnv8b+DHyrMSE/8g5H8/GR6pANJz5LssxrnM/AVFNQiDQoRAXrGb8KGuy9hym9zkzptN4b/BZDICYQH5+AD9bAc5qQWOwVtmXAx6m8u2k1494daEiH+UjVOtjOJVT7vHa+lZ619vc8p7B8h3HJ7LpwUIzWcKFg7c2BAqWTjrHetTrn2H1ERnziBDHzHej0DGKxJjawV9iGAe9uvLMBOUIrzv2Njvm26KBN4jyi9pUSSqwKyQXjzNyl4xAUo/U5OGOzuReX+AE3eIHIWwP8QdZrXMfAD4djGo93NiDvwrdmP2wf/yVZju/lcz1ULC5W8fDEPA3HpVt7D2k00SVBxvo8u4+5Ot+z+ax9MYB48IQvvngGHIC1wjoGNJ/2JL49h1/zQyMOr3VSkUis0wS8IFDFkdgcM1dIOBO3tXtom00aDZ6ciS7Pc/U5dzbgSXziFDP/zQG/YK3wOAPyjRbcGg8NSfGog0keASf4R3U+87wYFIl4+GE+p+E4B/hwpm02noEeevGuKOk/N+Z7L2ax48Epc8CX58JjDPi1erg9PKeS4bFwL2//N/oErNgU36M6n3Ge3y5MDOyLSaP4bHiYahLkwRlwDhTTcOSS89FxSw/ZVwIecIQfcWeOS8+F9QzIw/WndzwpCbYwR08SyXwLnXvqcGFpGuJIs0jDURRADsiQB4UD/LXurGc8OA/2Cp8ygB884cwOLnFsXljHgFzDJ14PzaXLXxfil0/RlaAV55clHlvxq0L6b4FNWGLF5TjjopyjWxzm2bOvKIAc2CcbjJuN/cI8BvCNR9I4xrt5YR0D8tVJvBoPia2diz7F+dPLdiH/w6BKNx+Gmy82QRKH/JvC1w2J7sz18W1w1jrYAxv0QttkxAvv+eZ84TYDOMQtCbyfrfnwN5A/Y4hrLyQX5S2f9rK7yI4LX3RghrDCJCZwF2D+KH7vqgCR9E4hiUvU/nu26SLbwjmwRp9YwBquIBdLprAdA7jFOY2az3v3R+6ZkD985DN/A7kyBjnYy18+sYVT4+HQwzGFmcBdAMJhbfA5S6ef3N/SIxb2yJExz1nPY/CTjMYyhnX6yMD4bD33YQDnc++vjwf3tY6bjTxxgs9jyClr9smBfARrPbGHjYf8d9EPKbhxmN4tSPdzHRdGF503zH2yTI78J4t3HjSWMe6I11ZnBpbe30J3VokrZPCuRj5SIsc0F898HkNOWbNP1hlzoMtzL7BNN1vGwwExvZyiW+Bj0j3PIf6/B8dC4D8O8yUvdpfIl2wxcIsBuSqfQO5qNiC/k5+3zmadbM5bM6fXvBf4Srd3acZDASG9HWID0SGCvTzfIz97/i9rv+/QTOQccbaNhXMxID+O4LFc4ovcbZvN3IYzjkE+Rp+R/rHMSzwjYq9A2UK2S4zNPE9dgH9LiNzf+zIT9NBJ3P/c2lg4FwPuMB7Lmcz3Hvkhl+QrP9Y2mym/6bZOf+aee4DvPfQ+pPMZTrGJcBca5/PsEsC6NeMf+DIDzuWMpuPfoZ5xrBWp+YEYaPNjb7faXJKvW9vXxLyDolfOsme+JXro3My/HqTOdY5tpEswcM4z5Nnoo5a9W/jJsEHOuWF6qaaDhfMi9yg/nhGFgo0PaQ49/NB85C3d7LFr/hJ41uW25PIBkO8iIPvW/ArdmosZw3o+kpn7gXS90wl75xvdL6/dpXFvsC/n2NV0NAfzXpD3z4q1V0yz9Ap8luBOQvyBXIYRmJcQY1i3D87l3w6yXjgfA+73mV7H/h5NJ3HKW/nL9tRvoCK3dEzTpHfp2e7ygu5uZIWBkMU/8OxvelxQ4CMY2IcVZurIgRjwboM77te4N1r7Kdq9fdjSXhvPlno30XXEgv27a2TjBPzFYZ2/gY9YMCzX6+QMtN/pfZN5RjixK7+eYZ/NZ9pmfze8TKC7MVqGljCg4fjO3P5F8JLz78nS7xsYG/dks0/2nlyvvdjvob+n7tX+HrHx/NvqaF7v4Bkj1gwUgyK/1XC2ysvo8W6GzVt82bcXefM9kY928WML29EV3Vvo3EzHs4jeLIBSNMmA4gbFFkwK7rgYf9pmo/lA68b4ud17ZK4Q+TDWgR9rvezSPQexP+XjnPOtzFFian36ZF6N5xM6Tv0gYSWcBFbcoNjgWYGNfYovfPSbI35lzdz6njmJr9jf065YXxpF9vmvP8WdRiMiBWwMFFjme4y3fNJsFLq88xHAPP7w2Xqetxzppu+W/uyT+QgIr7fi7RrjHOWHdWyO8y8sk8JWMOOGo7hbasgo8natxzw+aXJTPsm11g9y8YOP9vO899j6srft2EuzaDnK3pIxseB0ybldZZ952bcC/fZ1IxdxfaxhYCDFPVXY+HKfEtd8EH/7ly6smffC2Ce2Jb0GaM4+n8b27VkjS8b8VYFDsePC+AjC6yM6up999QvvTvBGBiSm72RTDccdtoVNjllJbM+8B5b4NLa/l4+xc6sYs97yN/Z1j+et7inx9r77hznZKuCHHSkFkwzcKm4F4+7GBUPeHmX2jVuCfsktsdMEzcE7HDbHPn1if3hwPj4Oj11f7/nS1fjOylte3cPO5peZO7yDy8L5MNIp8HFxK9h7d5Y9jWBLMsb+0M1Gmg27c4q8LQ46nDP2BD976t9Ct3ulBz/GNYiOM8R72ePi15Ao0Z37vi8vAjFLPInTNpy2uO9R4WySb4t7nfKHff7FpznNrMKBtQAACRZJREFUxhlo/fNMj7E32J2yIT7re/nB1hRa/5bw2epqdWxx963uLvNTONkl8uMoVQASJ82GZ4phTXHnrHEt7vmjscmZpQUiPmfFtdavLc7xfQs9PXSs5cZ94ZZPa3U4uysOdRFN5P98nf/hdfxog2RRjBJli4ZDV5JvzZ1u7U97X/FNrObZW+Nnzi4Z2yYpziVne8vi49F7kz/8xO9enLL3EI7q6N9co/rt6/hRBokv2SRLEk7CeHfj2X20hTI3bmfJ0mWci17+xL5Y45u5+Owt9dOZtRDj1NnwHP+mZPZaW8OHuOQRH50Pt54Pj1M5e3g2px2UIIoOJEoSXbJoOO4gRTCt4f4qvZGgK/OpsfWF/R7+xC6/Eqs42xjtRa732HLSztnFgREvxr0RfsZ+vecH/twdOTEsPe/cU3FUh79zZaVN1uvSaQbJnASRYCBJFKE57reMj+6WHPaBD2BfsrINZK318Ie92KA/cWYtz3zYE+zjJDb5ae4ujF9Gv5XYdgdLrDgnDmecfYbvbD+EIzvtf+IuuO/6chJIapAcKXKuSxAFiO+tiy5JyGZsm7MP9iF+xBdrPfxhm272xLx1vPQuQXwRt3NiNgLfrJPBnbW9wCZbrT+e76Hllt9Lzt7Tu/vekR1P4/nz3VlZblDSSgqFDpJKYoA5niX5cs23T8RmJNgF9sA6+6ABWOMHbO0LW4ADdszZbO3w1zp/jHugtcm3ezbxcm9/y734soQLZ1pu9/R3y9jfdB3Z+TScr795erwvkloyQAqel5JJ0eEWrD0KtoAtYKO1Sb81YBskKfvQNgCyPcAvNulmfw+bbN2D2LPPH/zwEZdZ57e5dWNvsBdbrX+37PI1Z/h/FG5v+TtrfU7gsxR1EPreoPPHA7yO9HErifDVy+UigSAJYY5TSX554D82QMKBJgP0Q6s6ttkFtqGV6T3nI7/iy5R9vvX2Y6yfT+M1z60vfOW3dXEYe4H++KSB3LOT+8+985Hf/L137hR7Ajmyo3nXk/FZviYJXH4SgS+eJRAe1yYE3SApgU42QJJCbNljL2vWYa1tZx8Bv/nEH+MjPDzix9RZXFqPX+b888zf7FvPfLxubyuwQT99fLh3Z2Rz/+TdOd/NPwTOEsyzPm4prHESSBqJIInwdy+BxklCH9AJdEkwoA+csQ7sgHW2gD06ImfNfG/wgd/s8nWuH+J2pjdwNmUj9u2LgQxO8WxuPTKetwA79NJ1jyty9ltZc/45+2EwN1meFbCPWz+6Gv+z69h7cPkSTwIoLBfPpmfJibM5iUAP0AXO0wd0QvTaoxusswHsALkW9trnvefiEge7fF/izxJZ+tcA385N+YZP6/ZbX6zj37o7iA7PjwBXscNu5q1OMuy1nPJlSrY9NzE/x9IZAvvjK5W9P261ly/xmJUoEsAzriSn9TGcBckDzkkicBacsQ50gnV6gW4gd2SIT1x8FAvfzd+Dc+/JbLWP13u64gs59xZZ/FsTlzFy2V860o0ruuhsubJHv/VWRl6Q48tSe6eRF+DRnf3h4OAPBnh9w5eNMb586iXDrQSQMOAckJU4IMEgOuzRA9bxDZIKyJ0J4hUHn8UmFvMjgY/8uecf7u2Tc2/u0zwQl32xGumEsVzkp0bydNujg07nrXu2R3/25QgZvln70BDoGQLMu52MW/gsCSTA+PI940UCkAHJAuQlDJADvlgHyQPW6QB6gNyZIX5xiUGsYjOfi3AQHXPPLZFrfXzPP/vioN99OmsetPt8BnLOkIXItmPyhbx18hmdb9flCrAVfsh+eAj4DEHmXc83B2cffdeTxJAEg7q3/y+xy08iGUHCkAHJApG35wxYxyNIHiB3QKx2CR/ipEDsYjVfC3ew9uy9c62P9+SyJw7xeHZWnOaBfetkIOvWwBo4Z4Tky1jWs305A3TLFbD3UhD8WQLOu52Ma/yWIOPEoMdaIKHAukQBiQLWcQYSBsh9VGgQOBO3GHEgdvM1wOWac3PO8JMcG0t8JOuMs+KMHs8BGbAP5CH71jI32muBN6BDzgC5lwUizhK8dz1rfZVMEmGcIPRlzT5IELCOH5AoQP5IEFcvfzQdzRgPeDFuxQFOt/QbD/yjc41uZ9y58/SIV/yep0AecqaVcdZeC7xBK/fSc+SciQBJ8a0VDkvM9pjkAIkD9OICJAi08ked87eHb/jSdOjG01Z26KUT38atEH18XavTndMTHeLn7z2QiT3n5NJWXEXvhxwbkj5kfAlKUkkKiQXiBusQubOMiqGXr3TjiH7FhCfzLYBrOum6947C/lzwlyy9W/hKB1104uEeyJCVW86Jz1rhHQaQ9Y7Ih9mupHj/KhWxQiOpoHrkBxv0b6Gbrvi7hT5+AV30aiiAiynYI1u5hbUFQNoC8RI9CANJdMWxhUvefbRFnILaQvdYR+s7u+P9uc/OJn5NYe65JXJ8BXUyBXtL9JXslQFkXqc1nIyBFJsCfMR1DcfPKhQxnZpO74Jih8/v5R+ZW+CzPboe0UNHYWcG6sJ2JryDubV3qGEpWg2HW+Z09W46bGl2Rrb5Yb4EOR+fl5wt2QMwINEO4Ea5sIIBd6fwFG8KcY4ahU6+fcfgXQ59c85vIaO58Z2upXb5LuY1Z50pHICBpZd+AJfLhYaB3J9CVJDN1uSUjIZDnkAajkbgeU/wXfPhC7/es52GSZ4s342FEzLg8k/o9pvL9eVzBlKAClIhK+IWChaskXGKnPkzGg77AZ/M+ZK55zH4n4bJdzE/2/exj/W8gIFqPAvIOqioAlSIcU8Rt1CwYC1Fe5R75zuf+B7/NCCNBsyB/2TI8t05z4WTMuAST+p6ud0woBAVLmhCCnQK7ptsc/TpUz7xm7+cMddowBys2ydrXjg5A3WRJ7/ACfc1Fvc6hQnxwyzxV3MZQyMF+4dx9pYjtT6PgbrMeTyV1D4MyMcxNFLYx4OysgsDLnkXQ2WkGCgGioEwUI0nTNRYDBQDuzFQjWc3qi+XMlUMFAOfM1CN53Me6msxUAzsyEA1nh3JLlPFQDHwOQPVeD7nob4WA6/JwJOirsbzJOLLbDHwygxU43nl26/Yi4EnMVCN50nEl9li4JUZ+DkAAAD//4h3+B0AAAAGSURBVAMAL2wrP8/oNhYAAAAASUVORK5CYII=', '2025-06-08 20:47:43', '2025-06-08 13:47:43', '2025-06-08 13:47:43'),
(31, 8, 'Adi Purnomo', 'data:image/png;base64,iVBORw0KGgoAAAANSUhEUgAAAT8AAAB/CAYAAACZicVzAAAIX0lEQVR4AezbXa7kNBCG4cPPBQKJFbEJdsSS2AMr4gIkBAJSmsmMJ+qcjtOJ43Ie1CZ/drnq/Trf+HS6v37z38gE/puKm9u0u+s1j4/trgAGIVBJIN5r0f6oHFfVnflV4UrV+d8i26+K/ZrdeAPO/ffGmMfbIlBL4IfaATX9mV8NrVx9mVUuvWT7gUD5D+6HMyf9n/l9BDvwZq8Jlm/CvTEGxqq07ASYX3YFH+dfGtfjHs4i0DeBP89Oj/mdTfja+HtXbKV57o1xbeVmz07g1M/7Ag7zCwpjtdK46iszAoHrCZy+6osSmV9Q0EoCpXla9ZVk7LcgEO+501d9UQjzCwrjNMY1jpYqOZkA8zsZcLLwzPOTYHZGJ8D8xlH4iC81j0NDJQg8IcD8ngBKdDk+K3klXau+V+gZm44A80snmYQRaEpg2MmY33jS7lkBWvWN9z5Q0RMCzO8JoCSXS/OqTbn8rLB2rP4IpCXA/NJKd1ji5Uqx3D9sAoEQ6JFArfn1WIOcPhOoNa9yxVg79vOs9hBISID5JRRtkXJpYItLDhFAYI0A81sjM/750jSt+sbXW4ULAsxvAWTrYYf9agyM8XUooJTaEmB+bXkfPVtpYkfHFg+BoQkwv6HlfVhcaZg1q8WHwZxEICsB5pdVuS/z3mpixxvfl3k4QiANAeaXRiqJIoDAkQSY35E028aq/WWGVV9bfczWOQHm17lA76S39U/dCMH4gsKpTfBsBJhfNsXq8y2Nr9yvj2QEAgMRYH4DibmhFHpvgKTLPQi4GfLr/N5qrrxW82dyfioquIpAmnmZXxqpVhNd05DxrSJzAYG3t7UbB5vcBGqfBOeuVvYI7CDA/HZA62DIM3P7qsix3C9O20Xg3gTONr97072men/uXsPdrMkIML9kgn1Md201x/g+ArJB4BkB5veMUJ7rpfHlyVqmCFxEgPk1An/SNGuGt7YyPCkNYRHIR4D55dPsUcalCTK+R4ScQ2BBgPktgCQ7DP0YXzLRpNsHgbh5+shEFnsIlMZX7u+J1WaMWRDohADz60SIA9Kg5QEQhbgPATfMGFr7nG8MHVXRkADzawj7oKmWv+5gfAeBbRvGbFcTYH5XK2B+BBC4hADzuwT7S5OWK71yf0/QWEXGg5Jl+2dPMGMQyESA+WVS65hcS8NbM89vpqnCEP+etl4InEngstjM7zL0uyYOQ9oz8JnhRdzoE62M/+10ENemjRcCYxFgfmPpWVYTRhbGFe3RCm8+H9fifRCrvWhxHK2MFX3LY/sIpCcQb/r0RSjgE4EwvGhhVksDi07z+bj2TPvoE2PmFmPnfVsE0hN4dgO0LtB8dQTC6KKFMUULw4pWRinP1+odsaLN8SLWvG+LQGoCtTdD6mIHSH5pPmFM0ZalRb84H+0IjSPOPEfEnvdtEUhL4IgbI23xCRNf0ysMKVqYVLS1fq+UHHHn8THXvG+LQEoCZ9wkKUH0lvSGfMKM5hY6Rtsw7KUufxWjGWABw24+Ai1umHxUZLxG4LvFhT8Wxw4RSEOA+aWRqptEY7U5J/P9tPP71LwQSEeA+eWSLJ7s9pBxaYA/TgmdZ4BTcC8EziDA/M6geo+YSwP0GeA9dB+mSuY3jJSXFFIaYCQQBhgt9tfab9OF6BMtVrKxXWu/TH29EDiFAPM7BetpQZdmc9pEFYEf5bRmZnH+pyL2o7HFZbufCdg7mgDzO5roPeOFiUXbWn18ZebXqXO0GLfWrPwmSF7nEGB+53C9a9Q1E1uej6/M/DxBijZtvBBoT4D5tWduRgQQ2E/gsJHM7zCUTQPFZ2dNJzQZAqMRYH6jKaoeBBDYRID5bcKkEwIIjEYgu/mNpsfWeui2lZR+CKwQcBOtgHEaAQTGJsD8xtZXdQggsEKA+a2A6fB0/BRsNS0XEECgjgDzq+OlNwIIDEKA+eURMn4lkSdbmSLQOQHm17lA0qskoDsCGwkwv42gdEMAgbEIML98evppWz7NZNwhAebXoShSQuB1AiI8I8D8nhHq7zrN+tNERgkJuJESiiZlBBB4nQDze51hiwi+4NyCsjlGJLBaE/NbReMCAgiMTID55VDXF5xz6CTLRASYXyKxpIoAAscRuJv5HUfumki+43cNd7MOSID55RKVXrn0km3HBNxMHYsjNQQQOI8A8zuP7VGRT/may1HJiYNAVgLMr3/lPOntXyMZJiTA/BKKJmUEEHidAPN7nWGrCJ70nkFazNsSYH55pKdVHq1kmoCAG6pvkTzs6Fsf2SUmwPz6Fs/Djr71GSi7+5XC/O6nuYoRQGAiwPwmCF4IIHA/Aswvh+ae9ObQSZaJCKyYX6IK7pEqne6hsyobEnBTNYRdOZUnvZXAdEeghgDzq6HVtq8nvW15m+1mBJjf+4K7igACgxJgfv0L62FH/xrJMCEB5te/aDTqXyMZJiTgxkoo2hUpmxOB0Qgwvz4V9aS3T11kNRAB5jeQmEpBAIHtBJjfdlZ6IvD2hsEwBJjfMFIqBAEEaggwvxpa+iKAwDAEmN8wUioEgZYE8s/F/PrUcNbFF5z71EdWAxCYb7IBShmuhPhtL32Gk1VBvRBwc/WihDwQQKApgYPMr2nOJkMAAQReJsD8XkYoAAIIZCTA/DKqJmcEEHiZAPN7GeEXARwggEASAswviVDSRACBYwkwv2N5ioYAAkkIML8kQmVLU74I9E6A+fWukPwQQOAUAszvFKyCIoBA7wSYX+8KyS83Adl3S4D5dSuNxBBA4EwCzO9MumIjgEC3BJhft9JIDIGRCPRXC/PrTxMZIYBAAwLMrwFkUyCAQH8EmF9/msgIAQQaELjI/BpUZgoEEEDgHQLM7x04LiGAwLgE/gcAAP//uefEYQAAAAZJREFUAwDVU4r/JXwtYAAAAABJRU5ErkJggg==', '2025-06-08 20:59:25', '2025-06-08 13:59:25', '2025-06-08 13:59:25'),
(32, 8, 'Arsha', 'data:image/png;base64,iVBORw0KGgoAAAANSUhEUgAAAT8AAAB/CAYAAACZicVzAAAQAElEQVR4AeydO65tRxGGN29EwEN2YicgHGMmAAIyQhgBA4AARmB7BBBAzgwgJQILBoAgxoLETmzxkCyBzas/e9f1f9u91t5rr1c/fmvV7eru6uqqv6t/r33uued89OL/jIARMAIDImDyG/DQnbIRMAKXi8nPVWAEjMCQCJj8rsfuxggYgbEQMPmNdd7O1ggYgSsCJr8rEG6MgBEYCwGT31jnfTtbWxiBQRAw+Q1y0E7TCBiBpxEw+T2Nh3tGwAgMgoDJb5CDdppLEbB97wiY/Ho/YednBIxAEQGTXxEWDxoBI9A7Aia/3k/Y+RmBdQh0u9rk1+3ROjEjYATmEDD5zaHjOSNgBLpFwOTX7dE6MSNgBOYQWEp+c748ZwSMgBFoBgGTXzNH5UCNgBHYEgGT35Zo2pcRMALNIGDye/CovMwIGIG2ETD5tX1+jt4IGIEHETD5PQhcZ8v+m/L53x2STPwYgT4QMPn1cY6PZKGE95E7HQRBfmBuzQg0ioDJr9GDWxF2kF5OeEFstMyp5Nthk4+5bwSaQsDk19RxrQoWwkIgNXUUY9RCiM6jswZBtxiBLhCg2LtIxElMIhBvemoQhAehLakB7NWP9ScIWGkNgSWF31puo8cbpKeEFaTncx+9Opz/xZegvyLYk/Qgz/4Qc0aPIPByWoSkps3H5NfmuZWi3pP08v1GJMGfJhD+nOTnSUZ/IL2XEgjfSJI/zfRNfs0c1WSgJdLDmI+7W56vEt6Wfom1ZvlbCo7cv5/aLyb5XpJfJxn1CeIj/1f4o1UZqYhbPaO5uLmUkJza0Ed0zPpyBH6bloDv51LLw/9kfpUULjyS1OEe3np54yPxb6U/fpOk2cfk1+bRcSkRjR7CQ3RsK1332muPrWLdws+/k5OvJYnnl0n5WJJvJ+HNp+lLn3J45PlrWsRbb2ouzRMfSexNfuxh2Q4B3j6UiNQz44iOWV+OwH/SEoguNRd0yP67dAaVH6a8qavPp5bnR+mPLsjf5JdOsoEnSI+LGOFSkEj0o2UMif7aVn3p/mv91rgenONOQHwfrzHIA2OC5H583Y+vfXL+P7n2m2/ioJtPpOMEIB+KTlOkz9kh6DoXOuuQ6LudRwDiCyz/mExHJ753Ewbxt7mvJv0LSbp6uDxdJVRrMg/ExWXMyYvLieTuSmNhgw8k+ktaXTe3xxKfNdqSZ+T3WgrwxSSjPnxLD3gE+fMx95s9gmHyq+9Ug/TiMhIhxah9xnLBJh/T/q15tUUnDtqe5fWUnOLyRuq/kGTUh7c9vqWH/PlLn58lpZuPuSmXpx6T31NwnNqBbLiISnLRv+ecsMFek1BfjDOPoN8SXav6rXWtzL+ZAn0uSTzk+Hx0Bmvzt72/pPw/keQHSbp9uDDdJtdIYmtJT9PkPJXc0LnUiNoxzr46pjrz0c/XxvhjbR2ryO8ZCaXHHCW9WbX0tvel2RWdTHJZOkmluTQgHy5hfvHorzkX1uI3AAkdvzFGSz/m6I8iec7gMErumucvUgcs4mt7Q7ztpZyfPFyUJx0rhyFA0eWXjj6yRRCcK3uEL4gWHf8Iegh2Mc8YfVokt2WsVfl7Clxzeyv1e8ovpXPXA+lx3t+5WvMtPXxtb4i3vWvO7zVckvcU/3EIAhSdXkA2pb/HJdSzxT97sx9Cn33RkejnY8z1IBDfZyURiO9Z6Z+gnrIl36sH6XHeBMC/XOHNr+uv7ZFoSfSClOY9th0CEEsUHV6jv+cZ6H6qsz/75mOM9ybgrMRHzqMRX7ztxb9TBhNwGPlfrvjn+R1w03njoth0KwoP8tGxvXT2Ct95HIzrPH2kNMZ4a5Ln20teS85B3/bAg7e9o2pvSZyH2xqEfSGH+PTCUXza33f3D7yzb/SIKfSpVu2nbGofz3M4A/czMcrf9vjoz32v7W3vNIwA47TNO9+Yy6cXDv0svHVf4lDop8iQ+KfmdH2NOrFrXHnOOtej/s+UVHxtDyx424sfTJCm/ICAXgr6lvUIQBgUnHqq4fJpDMRIfLQ6jo4wh6Bjg96KvJ0FSg7ZULfd+BmEn7pm6Le9KxClxuRXQuXxMYhCLxskqP3HPW+zknjwFDFFq2MlPdYxV7PwxvMZCVDzk+EuVXLXn0H4u5Sl3/YSCFNPbeQ3FWcL4xCEXjb02vDVeIg3cCXW0KPNx9Q+bGpqufzxxkNcefyM9Sj5296/UpLk/vXU+plBQC/DjJmnZhDgbS8nBopvZsmpU0tizfPI156aSLb5qMSXv+19OsPF3QkETH4TwNw5DPEpQUAO2p9yw0/HnZrbezyPjxzm9sztyXHO/ow5jSmP94x4jtiTN10lPvL2294C5E1+C8DKTLlwFFwMo9+DZ/x0XNpY+6F2pwFizl0TN+NTgn3YoCPY3iJN7I4QYol9iDP0Xts/pMTIOd5042NuGvazBIF7LusSf6PYUnyaawuXLo9Z45/TWQfRUSuaJzpzc2v3ntP9iWfv/c72z8/Y+4oEwV9q+GOuALJEpaCX2I9uCwnohUNv4dIR5z1nRy5Ibq9j6Oort9W5PXXdN49pz33P8B1ve/kvVvLH3BWnYfK7Hzwum14y+o/g99Xrlnzj6VXdtYGwSxuQC1KaIy/mEJ0nZ/pT48xtKx/29k4aijiSesljYawnyd/2/PtFNjpdinwjV1270ctGoly4FrAjbmIl5hD6iPZDLxGl2mIXNvk4ezG/p0B8/ITh2COPIcZ7aKfe9kb+/SKbnmsLF3jThB9wll/qtRfu99cYor12N20gqFLcU7GH7dQ84yUbHSeBsEHfWviJw6MQn9/2tq6egj+TXwGU61BOIFxsLvt1+uHmlevKl67t1k0pzltxax2Q95KYWMuesQZ9qY9YO9Xik587F/O38gm71to/pYDJNf/a3ouXS5rxsykCFO6mDjtxRgHqBUOvHSsIh7jzIyD2fKzUj7VT9po/e6kP5nQdem6j9kv0iCvW4Dv0nlrw+rIk5K/tCRh7qBTtHn5b9rn3ZYvv73t1Q5CIuUQKpbGpbbUWuIhTdoxP+dVxdOLC/lHJ1+PzUV81rwNvzQ3dX9vb+cS04Hfeqgn3R102ivvljRDJYw637BH6vW34mlob83P+8rX3rCn503V8DSz3W1rT2lh8zI3cyDn01nI5Kt7N9jH5vQ8l/+el8N7vXS7oLRQhcUbM2j4au9YDmKhP9Fvz2CD5/lNxYlsStYf49C86SvYtjoGvfsx9LSWh+Kaunz0RMNiXC0Wol5WL1wIuxFmqDc2lNH9rLPyu9cP68MWe6GCNPifYxTw+eiQ+ciQ38gz9BTqW4xBo4ZLviUYUXuxBQdaOCQRC3BGztsSv/Ud08scPMrf+1jxrwxc6wpqp2JnXOX6lImM9SXzMjZz8thdInNBSnCdsu9mWaxzpRcMPF5O2ZoH4puKcGq8hnzy2HHtizMf0W1uYb104u/xjrt/2TjzVUckvv2j55TzxSCa3JuapOKfGJ52tmCCOR5bnMaofvq6nPnNbnWtRJ9fIKXQT38knOSL5UXwKexSljtWm5zFrfC3EH/HmsUZe8U292OU2jLUqr6fAI8ekXt5If4x451La9T2jHQQfPfQUWrhoenk0dvQn8dM5SNbWTB6z5pfPHZTSLtuQ13Pimdyel77VkxFYW8gnh79oe4iPAoxFqsdYbS0XqBQT4zXED6al+G6NlWIvjd3yU+N8/rZHjL3kRi7dyEjkpwWoeq2HCcGVYmN8pHMrYVDrGMSnb3t8zG2h1mrFc9e4RrlEEEYA2UIxarwRNy3jPZwZeZCPSmlM5+/Tz7MifiU+6swfc887j5s793CRbiVJUYYNBRl6ra3GqzESe23nRUwa4yO65vvox+hH9t1qzZvJkeaQut3/gFVybF5qu0xbA6pFucVF3To+9cfF13h1rvbYNdZbuuZIXlqD9G+tr2meXJ6RgPwxV8CoXdXCqz3WpfFRmLFG9RirqYX4pi7+1PiZ8T+Kp67TvFQHizNzu2fvqbe9ij7m3pPG2Da9kp9eMvSa8yQ+vfxRkVPjMd9aSz4Rc4ngYr6ERaw7uw3S07e9t1JQNcecwvNTQqBmUijF+8hYzTnGhc/z4jLVHPfS2PJ/p6vf1JznXmufsyqR3rO1Buy45hFYWsTz3uqYpUgjEkgk9NpajVNjqzlmjTP00ltczNEyr3XWWn7kkJ8VOZj0QKZ+mYxQi3LSqKEJLVIKtMbQIQONM2JkrNaYI8albZ7TXH5zc0v33cr+7eSIHFLz3vOP9GeNcaaw/CxFoDfyW5r/0fYQX+nyMNbaWQQpEHsJx5iPuSk75tV2zg7bowTi+4xsBvF9TvpWG0egtQs3BzfEMjd/9hwXPL/YpbGz47x3f60d8tB1eT/PW21r1HPiI34TX40ntSImLeAVbqpYmufCBcxlD4LEZy45IMSRj3Gh8phzm5b65BgScdMnz+jnLbhhE+NztmGzd0s8+sZXQ0x75zyk/54uHwd4q1CZp7i3FHzmkvsntlxym6k+BJFL7uusPnlP7c3cXH2REzaxnvxDP6vNY9D4zorJ++6EwFxx7rTl7m4p2JC8mHfffIcNIhdtyesRgXBCtgo14op4op/7j33VLmxYc3YtElfEQ0tMtJZOETi74PaGlfwo4pJQ7CFTccS8tiVfc2OxdmqPI8efxJk2jbjuaYO4aNPSpx7GkBic8hd7h120jId+VkvMuncNMWk81ndAAHLYwW0TLsk9hGIvScxruzS5WFvyv+UYF1hlaZxz9hqn7oGuc+hzfmKOdci99rFuj5Y41G8NMWk81ndCgIu5k2u7PRgBzlKFS7xEIIGQLUIPX7R5HBHnFvus8UFsup44tW+9YwQowo7Tc2oLEIhaoIUE1gp+QhaEcdMUwgq5aTxh8E4ax8flkpT0vJuEfFPjZxQEKM5RcnWe8whABhCAfv1ufsXxs3lsxIwsiQT7T8gCiO+T0rc6CAImv0EOekGaLdYEhIbMpQnJ5TaQvYlvDrWO51os9I6P47TUclI4LZAbG2u9Qly5OXmE8LuAkejrL0FnvLQ+9zdQf7xUtZjGy94Zt44ABIaU8uDHZiE6F6SnH3t13vpACJj8BjrsO1LlLekOsypM9Ot/ECAyFZhJbwqZgcdNfgMffiH1musBsrtFzhBgSfymVzjs0Ycmin10WIbKH1JpIWFIrYU4HWMjCJj8GjmoHcNsgVRuvfHtCI9d94qAya/Xk+0nLxNfP2dZVSYmv/njGGm2RpLJP5LXGONINdJVria/ro5zVTK1ffyF6GqLaRXAXlwXAia/us7jjGiUYCCcJTHwZsYa2iXr5mzxhc85G88ZgdUImPxWQ9iFAyUbyOdDSckA89gjQZy09EPEfJHKenzForwf426NwGoETH6rIezCgdYB5APpIBBdCH2E+VtJY3fLRufZI1/DPhqX2ls3AqsRcHGthrAbB5BNngxjIfkcZBVz0aoNhKb9ko5N+In5vB/jbo3AuBeSagAAAdFJREFUpgiY/DaFs3lnJRLTpIKYsCvVDuNqP6eHL7Vhfcmv2pyre/duEHChdXOUmyYCCZVkSb2wvhRUvO3pXIkIdd66EdgcgSXFvPnmdjgUAkF6SopBeq7DoUqhjmRddHWcQ49RlEhO82Te9aeINKW3H6yLr/0zrCkD3uQinnjT0zHmID0Efak8um7pPrYfAAGT3wCHfFCKJZLTrZk3eSki1k9FwOR3KvxdbB5veFPJBOmtqTV8TPn3uBF4CIE1BSkbWh0QgSC90tscZMU44hobsDhaSNmF2cIp1RdjkJtGFmN7EF6pTktjGo91IzCLgAtoFh5P3oFAkJ5r6Q6wbFIPAi7Ybc9iFG+83YW4hkY59c7ydOF2dqAdp8MbZsfpObWjETD5HY249zMCRqAKBEx+VRxDf0HskBG1ykdt3gBpd9jCLkdCgIIaKV/n2j4Crtn2z7CKDFxIVRyDgzACRuBoBEx+RyPu/cZCwNlWi4DJr9qjcWBGwAjsiYDJb0907dsIGIFqETD5VXs0DswI9IRAfbmY/Oo7E0dkBIzAAQiY/A4A2VsYASNQHwImv/rOxBEZASNwAAInkd8BmXkLI2AEjMAMAia/GXA8ZQSMQL8I/B8AAP//S4iZvgAAAAZJREFUAwBFqcQdAJHbHQAAAABJRU5ErkJggg==', '2025-06-08 21:00:06', '2025-06-08 14:00:06', '2025-06-08 14:00:06'),
(33, 8, 'Andi Budi Setiawan', 'data:image/png;base64,iVBORw0KGgoAAAANSUhEUgAAATYAAAB8CAYAAADjCJwXAAAP5ElEQVR4AeybTa78RhXFO4TwJZDIgAgpzMKYrICPIQxhBYyREEuAJYBgHbAEEKwAmIZZEBIZEAkEghDg/h7vwH2Wq+3uLpfL5RP5/KtcVb4fx7eOqvt1PnLxf2bADJiBwRiwsA32Qp2OGTADl4uFzVVgBszAcAxY2HZ4pTu5/Ff4BdH4MgNjM2BhG/v95uxeiRsQjS8zMDYDFrax36+y++dz59/PrRszMDQDFrahX6+T+x8D7pyKAQvbqV63kzUD52DAwub3fA4GnOWpGLCwnep1O1kz0JKB/XxZ2Pbj3p7NgBnYiAEL20bEdmrWv2Pr9MU4rLoMWNjq8tmrNf1+7aO9Bui4zEBNBk4sbDVptC0zYAZ6YsDC1tPb2CYW/zh3G15ttWMGLGz9vhwECfQboSMzA50yYGHb/sUgToAv7qfgf3Eq4dUIDeT56fP5PpbPXj2949kAPWgGajPgoq/D6JxwSZAQJ8AX+FNc867n85rp8/me9WuELttz3wwMyYCF7b7XipABhARBmRMuWWZe+DAGM7IwTfu8G5DH87OyqTZMX/JaxomPccMMnIoBNs6pEn4gWQkZYoGQAYQEk4gIyMLDHIBjgZ9bZPDsLcjPyqZafOGfOAB2GQPqEzvg3jgJA2dMk01xxrzX5iwxQygkZBIKxhAS7uERZOFZ66PmOvwTByAuYgTywRhgzAInVtwOxwAbYLikHkxoTswwiRiALGYICXO9Ir9f4iZ+QLxZ4CxyMGIMw0Au/GGSujMRNjfQyQwziACCAOAK9C5mxJ2BgHFP3MQPyIfcGGcekDtgzDADh2aAIt81gQ6cs5nZ5GxuQB+w+eEHQQAdhFotBPIhN+WLYfqA3OGEMcMMHJIBivuQgVcKmo+dbGbMsaElZvDC5md8dJArHJC/cuXe4iY23B6OAYr6cEFXDBjxYkNL0LivaH53Uwg3QZAj7TVQCwia1qpvgbvGmue6ZIBi7jKwhkHBwWiCdp2+67PwIVFjJX2LG0wYh2GAIj5MsA70ZgYeeb8869PbzZT7gR4YoHh7iMMx9MkA9cGJLQucT299vitHlRigcNOtu2ZglgHqxOI2S83aQa9ryQAF29KffR2XAWpFpze1+uPEcbNy5EMyQLEOmZiTesFAzY+P1IxOb/yY2eL2gurdbr66m+cOHVOkHYblkDpngLpZEjcEr6agdk7JbuH9NDz/IfCLwPcCvoIBCvRyuUTPlxm4jQFq55q4cZrjI6vF7TZe16z+ZSwCcPvN6H8+wPV1/jEuF4rTPJiBexmgfiRu9GWH05r6r0SHDRiNrwcYQMgAXH457AC4je7l/cvl8pPANwK+goFcjHHrazAGVPhb/gCZGkLc8MWmyxQyzv3cHOPGMgMlMYPbn8XjcPt6tN8N+HpmgKJ87rppzMBI7iRobDL6ua7439XYhMzR5tPcSBzUyuXXYQjAI3zlkxn3v4p5uITjb0Xf1wwDkDMz7CEzcBMDnAgRMB5i09EKzFFnbErG+O6NTUvf+C8DEjJ4+VIMAfEIb1nMvhLzvhYYoOAWlnjaDDwxsHTSQsDYhE+Ln/9hoz53n77P1TybNs9pzVlahOyDSBYO4ERCBi8xfGHsN9Hhnj1qMQsybrkg7Zb1XjsmA4gWm+xadmtOWrLBhsQWYkcrUG9sWu5Zo/XcN8FOThAyQL7kj5DBDRwQEmO8gyxmbzNh3McAhXbfk37qCAywYYiTTUNbAnXAJltat7SGzSqf13xpDfbos+Hz+r/GzZ8DR77eieDJCyBkgHxj+OlERt5ZyF6LCYtZkFDjoqBr2LGNMRhYUw9r1iyxgQ02OZubtfQRAOGTMfjpAPNA47Qx3OWVhYyY34ooyQtE90nMEDJA/sBCBjMbAHI3MGuTB2NAm4+2dGpjs5IWa2jXoGRLz1J/2S62AWNA6xgTGAeIHPiTFjVuETJADMQzJ2S/i5gAsZMrQgZi+ETXDqlC9g5u7bIxA7e85zVrlwRL6a2xxRo2PuLAc7SMAcYBP0BlHLAGMA4+GzeMA0QG/DHGal+IGMA+vhAyQAz4YgxkIftiTIBofLVkgOJp6c++2jLAJqzlMdu6Vjd5nTb9mhiwyXra6Xp+gMo4YA1ARAStZxx8LgY0RzxCDD9d78a/GZqfa2UHEQPYj8efPloyl4WM+CxksLMzeBE7h2D3nTGgjTsNiz8MaIw1S6c2Nj3rl9ax5h5QuwLxvBdG8CnE7dPFnKC5N2MmQ/NzbSx9uvQsQgbk20L2RE9f//By+oqodTTn8MeGXZMpm5d1JTHSPGvW1s7addh8BG/Ew/gSyLkkduRRwu/DTgZ2gOwiZCCW+eqVAV5Wr7E5rscZyKeskjWJGBudj2KsK9WF5lnDZtez3PeIObEjbvIr4QuRSEbc+joaA7zco8XseG9jAMHiiS1EaK5+JKYICH7V0jfMQBMG5gqziWM7acaATlmld53HsyjNCSHzEso1CWjtxNaaR73GDNzPQC7q+634ySMwsPbkJDFakxM2LVprmPKapgxY2JrSvYuzfMpaI0JLJzzNK5m5GrpFHGXHrRmoxsBcUVYzbkPdMCAxWvO+EUIC5zRGOwXzWbhYt0Ywp3Z835aBU3lbU+inImTwZBGhUooSP+YlXGsFy3UEa0Y3DLggu3kVmwaST1lrxYqASvWRRZB1JcHUOP5ZZ5iBJgyUCreJcztpyoDEaM0719pSgHNCdYtglux63AxUYWBNkVdxtGDE0+0Y0CnqmkcJF2tLgqWPq2pzLS0J4zXfnjMDDzOQi/FhYzbQNQOIlUSoJFY5Aa3NY7mfxYu110QwP+e+GdicAQvb5hR35UBitOa9L61FKEkOQaMFssscYseYWvqGGWjCgAqxiTM72Z0BBIcgnsSIzhWsWSvRkghid81p8IpbT5mBxxmwsD3O4dEsSIzWCNDSWgkadaS19OEEkaM1zEBzBlSEzR3b4W4MZDHKQczVQmmtnps71SFoa0RTNtyageoMzBVzdSc22BUDWYzWChBiVUpCJzVEUP1cV9eeLdkcd9yZNWEgF2ATh3bSBQMSIIJBkGjngAhqbUkE9Ty1pL5sLT2rdW7NQFUGKMaqBm3sEAxIgPL7L52s5tbmJBE/7nmePmJGnzEh+9GYWzOwGQMuuM2o7dowAkSAUwEqncrm1jImIGb08/OMSRSZM8xAMwZeClszt3bUAQMIj8LIfY2pRQQ1n4VL87QSMOpJYknLPfP0aQ0z0IQBFV4TZ3bSFQNZjBTYUj2U5hE/bEjAJISMqV8SRdYYZqAqA6VCrerExrpkIIuRRK4U6NI8z0nA6FNX3CN0gDHDDDRjgAJs5syO5hjYdQzxyQGURCiL4NLJSzanYigb2Z/7ZmATBixsm9B6GKMSH+pAglQSLs3PJYcdiaJahIz+h/EAiMaXGWjDAAXdxpO99MgA4kNcCBDtNSBezF+rGYlfFkd8AJ41zEATBq4VaZMA7GR3BiRGCqRUExInRDALF4LHGM/Tpy3ZYK4HOIbBGXABDv6CK6c3FUGETKKWP25qrLJ7mzMD6xiwsK3jaeRViFPO75ooaS11Q19rETxOdIA+9vKpjnvDDDRjgAJt5syOumdgSZQQLpJA0AB9npmro7kx1hsnZaBl2i6+lmz36SuL1ZoIETKtoz+tIU5ymndrBnZhYFqUuwRhp7szgEDlINbUBc/MrUMomeNE54+jmVX3mzEwV5jNnNvR4RjgNIZgrRUu19fhXvEYAbvwnt+jm0UGJGp5oesns+F+Nwy4MLt5FbsGgmgRAKcx2imY1xw/6+CeNRqjb5iBbhiwsHXzKroNBBGTgCFqfIcG+DhK0P4eDRaMrhiwsHX1OnYPRmIlIZsTNQXJHP25GtIc82V4xgxsxMBcUW7kymY7ZoATGOFJ0OgjTrrXSY3xKbRmOu57M7AbAxa23ajv3jGCxQmuJGqIIfMk4o+jsGB0w4CF7eWr+H7cgmhOd0mklDj31AcCprFpy6mOMdbRGt0zcI4AXZAv3/O34/YHgZ8Hzn5JtNbwwOluzTqvMQNNGLCwvaT5h8+3X4v2x4GzXHyUnIrTmtrgNMfJDp6wQWuYgd0ZWFO8uwfZMIAfhS9t0O9E/wwX+b76QKI62bmWHiDRj9ZloLNirJvcndZei+c4hcCNNm0MDXmRn0SNnB9Jcnrie8SWnzUDDzHA5n3IwKAPwwsbnc36wYA5ckpD1MiP9MiVe/q3wh9Hb2XM6zdngA28uZODOvjtc9xs3JHEDQHjlCZR4+ccteqglp1n6t2YgfsYcCGWeXs7pjjZRHNB3BAA+kcFuSBqEjROafTJbS4n1s6Nz43dsnbueY+ZgaoMWNiu08n3bRI0uHrn+vIuZyVoOqUhaOREPjngksDlNaW+nkUoS2s8bgaaMTAt7maOD+SITasTyVsR95HEjbglaBH6RYJGTtzXBIKJPYSU1jADuzFgYVtHPeKASLAacXuXTsdAXIhXJyhEh/4WgiYa8EffNQULC/D0tgy4CNfzi7ghEDzxZvyjjRzdbi7+yEFcxIqQEa9Oaa2CxG8rX/ZjBmYZsLDN0lIchC/EggVsYESE/t6QoHEiIy5ilKAxdk98tz7HevxmX8SS7903A00YYKM2cTSQEzjTBmbj7iluc4LGx1BiRGj2oh3/e/m2XzNwmS1A87LIALxlcaPfUuDwhU/EC3GlL0HjL7mLCWy0gLgwTUy0xEVrmIGmDLBBmzocyBncsYG1eelrY2+R5j/CKPbxh6+4vdDvQdCIxTAD3TDA5uwmmIMGAocIDOEjOPQRIO4fxd/DALawyUkM+zHUraBxgiQ+AW7Ud2sGmjHgwqtDNTwiOggQFtXnHmECjJfx/5ksZh+LYWxF8yRmfKcG8IfQMd4ryL3X2BzX4AywQQZPsWl68PleeMybGmECjAFErgTmp2LGmMSMORAuur2It9vgHNg5GGAjniPTdlm+Ea7gFTF7P/psdBDdp4vxEljAWsB3atgBrcUM/8TyCBDvR573s2bgbgbYNHc/7AcXGXg9VsAxkJj9JcbA36IV+PgJWMNa8PGYP+qFME6/b+swF4c0KgNsoFFz6zWvz0Rg4FPRCp+IPohmt4u/rtZwTk2BGrZswwzcxYAL8C7a/JAZMAM9M2Bh6/nt7Bebvx/bj/vRPTfJz8LWhOZDOMm14O/HDvHKHGSJgVzMpTUePxcDfPF/royd7XAMWNiGe6VOyAyYAQvbyxo48x0/NSF/1wQsGIdmwEV86NdXNXg+goKqRm3MDOzBgIVtD9b79EktgD6jc1Rm4AYGXMg3kOWl2zBgq2agNgMWttqM2p4ZMAO7M2Bh2/0VOAAzYAZqM2Bhq82o7ZmBIzAweIwWtsFfsNMzA2dkwMJ2xrfunM3A4AxY2AZ/wU7PDJyRgT6F7YxvwjmbATNQjQELWzUqbcgMmIFeGPgPAAAA///i+1CgAAAABklEQVQDAM3qgxcFTUaMAAAAAElFTkSuQmCC', '2025-06-08 21:00:23', '2025-06-08 14:00:23', '2025-06-08 14:00:23'),
(34, 8, 'Adit', 'data:image/png;base64,iVBORw0KGgoAAAANSUhEUgAAAVIAAACHCAYAAABEUdHHAAAOBUlEQVR4AeydW64lNxWGdyAgEBfBAwNgBpkAEhkPPCRMgGQEyQOMJ4nEe6bAAJBAgBRQCOC/e7uzuk5d7PLyreprlXfVrrKXl79l/2e5TqfznQd/ehD4JnT6P1PCJQcEIDArAYS0T+Tg3oc7vUKgCgEWdBWs2UaVoWY3osFbBP4ZvpHlBwgc7QkkCWl7t27XI3E4H/KvQlMJ6I/C2R66xw8oS4TragRYwNXQJhn+b1ItKm0R+Hd48INQlodEVPc0v7/WBQUCNQlootW0j+2XBOIi15Pv6uNZyJ6eIDJO3zd13wnXsWhe/yd81/Fu+PhHKBwQqEZAE87HOFZKCRCLPIL2B5IEdNn6e+HGn0LR8ePwEYU1XHJAwJcAi9eXZ461uPjZ3udQe133SERf13o8fhUu/hiKDmX/X+qCAgFvAgipN9F9e2vbdy3w2GrteXzG+RyB34ZmH4ai473w8UEoHBBwJdBYSF19n9EYvMujlpqN2p4+DV8+D0XHJ/qgQMCTAAvbk+Z5W3F7Tzz2Gdr3nPHVyH6Lb5++Hy6jmH4Wrjkg4EaAheuGMstQrghkGb9wZfsa5MwwP342+uJ55gQBFwIjCqnLwAY0YrekS/esQPCedEnn9XfL7+wPImWkavvRa5N8QsCHAELqwxErEIDAjQkgpO2DH9+HLnuO94nJkszj4ZGNvrTKHQg4EZh20TqNv5UZu1232/hW/dMPBCBQkQBCWhGuMZ3CGYE1wMyl/SGk95vmEZcQGINAygIfw9NreBG370ejseJxVPfqz5mjV4/wBcZ37Uk6RoCsKKZmncTlZezIRl8y4c4gBFiw9QMB4/OM7S+ZzluhJQQqE2CRVwacaT51659pluoQgEBNAgjpoybet2ynbE1Tt/5vGb7BlxR2N8DAEEclgJDWjQxb0/N8YXeeHS0bE0BIGwOnOwhA4HoEENK0mJbWOvPu0/62v7T/mduzrZ85ejfxHSGtF2grhLz7zOPMtj6PF7U7E0BI6wWglG1p+3ojwzIEIPAWARbrWzjKvji1PvMawKnrV2aUSau8+tL5g2195wDQfRoBhDSNU0mtmcRAAqo5oVIy5pK2bOtL6NG2C4GeC6bLgBt1WiIGPd6nSkBLfG6ElW4gMCYBhLR1XMbrTyIa50E89/JSvsS+Z8rko8+cb0qg98K5OvZSMbDCUovV1hxo0fdyTFu+LOvxHQJDEWDi+oeDLbI/UyxCYGgCCOmQ4Xnj1F3jU5rJvwHIBQRaELjrQm3BFjFoQZk+IDAAAYTUNwhe7xV7/11SUWk9N3glIuqUKQm0XixTQspwuiXPDLc2q3oJ/2YHPIDAHQjMtvDvEJO7j3GEbPzuMWD8mQQQ0kxgidVneT96FP/SjPVM+x7/QUJiWKkGgXUCRwtpvRV31wicEY01O7rnJiYy1qmIh+ZXyrvPlDqdhkG3EDgmoIl+XIsaKQSuxDJur0vGVNI2hTd1IDAMASb7MKHYdESZ3ebDSg+8M+LUMUQBrzQszEKgDgGE1J/raGKgbbPK9kj3n6SK4L6VtKfeAp7WK7UgUEgAIS0E+GxuxcZbDFrEaE/8Pfrfs1Ei8k/8nCDQl8DeBO/r2Vy9b3GUSKj0Gk1q32vivyeuvcZDvxAYksCWAAzp7M2c6i1kVly/eTyy6NsMPbVh7/Gm+kk9CLwggJC+QFJ0Y5a/P1o0yITGZ+aVFe6ELqgCgXEInJnw43g/hidb2dfW/VZep27r9/yJWWKteeLh457/PINAEwK1FkgT5wfpZIvh1v1Ut70ztDPCbn1Iab8cWxTi5X2+Q+BSBEoX+6VgXGgwo2R6pUJ8oZAwlCsTQEj9olvz/eiZbNBrZDGrTJ0rZ0S8JjsvDtiBwCaB1MWxaeDmD3oKXAp6K1BnY+2eVaY4Th0IzETg7OKaaYw1fU3hFzO6mn5Y28uM0LP/lPFGX476Hf2HUBwHZwgcEshZGIfGqFCNwJk42Wy01LEjUYz2rTjaTFbPl2NYflcdCgSmJMBk9gnbnmgtBSWnx1QBizaX2Wi8X3q2Y9jrw28+lXpMewg0JMDEbwi7cldW4KywWxG0GWOuO7minmq/lt3U/qkHgWICCOl5hFa4zlvZb2lFcL9m/tNcUbW+rI3d3rNCfuSZtXtUl+cQGJIAQjpkWLKdShWx0njb7DFXiO2gStoaO1xCYAwCpQtrjFH09cKKS/SkhlCU2FzzMfq6PO/Vtdmj5k70KVXIY19qG685Q2B6Akzo8hBacSm3lm8hRcSOfIyCmNK73bZr/qT0n2KXOhCYloAWwrTO4/ijRMRKYm/FdPQw4B8EqhMoWUzVnRu4Aytgrdxcxsr6sLcdX/qXk30u29rvElP1q6JrFfs85VptU+pRBwJDE1guzqGdnci52lyXInq0dbfoPH1TvyrWPtcQuB0Bz0V1O3idBnxWREfM/oYR4U6xpNuLEEBIxw+kFUArovIcIRIFCgQ6E0BIywJgRa7MUn7r3HeSW6KrMdh5sFUv38P1Fl7vaNetcxcCHQjYBdSh++m7PBIdiVTpINf6yBXRpQ89xWzeObekyHcIPAkwqZ8gMk8SMg+RPOpWgrfczqvvo3Y5z9eEOqc9dSFwewII6fkpkCJAKXXWPIgCuoyPl3gv7a75wD0IQCCRAAsqEVSjalsC6tW9lxB7+DOSLx7jedrgdEcCCOkYUV8TUAmNtvEqY3jp68XZbD168etwoRJOHBDoSwAh9ecvUcyxqnegyzhIPNeEZlkvp5+r1f0sDOj3oXBAoDsBFma/EEhwJaLWAwmoir2na2WnOpeWNXEutZnaXmPQmFPr79X7+/PhF8/zbCf8vRgBhNQ/oClMJSi2nkRmTUD9vbuGxZ88h/G755kTBLoSsIu5qyM36lxZqOUuAT3KFI+ez4LPjrvEZzH7SzDw01A4INCdgNfE7j6QSRyQiFpXJQj2e+trZcKt+/Tq7xdehka1g1/zEEBI68VqKVJWRPXsrIjqtYC31/JHNs/6pLY5JfaX04a6EBiWAEJaLzR2O74UUfusngfHlqMfOtcWUfVx7BE1IDAhAYS0btCUPXqL6BVihqh6zTvsDEHgCotyCJBPJyScz8uHri1fZXwlAuK1HfayE8eZehaP1LrUg8BUBOxCn8rxCZy1bCWiE7js7iLi6Y4UgyMSsIt9RP9m82mNp5eIlmSzlmO04+WXtb13vcZmrz7P3AhgqDYBJnddwrXEqjTTq+VXXZpYh8CgBBBSv8DYXyrJKmL1eDC/NBMolyfARPcJcWsRnTluvX7Z5RPp61phZAUEZl6QBcN2bboUUVfjDYzpn6LTv6TUahzxHW2DodEFBNoQQEjLOLcSn+ildzYXRVTnz2MnnCEAgTwCCGkeL1u7tYjavj2uPwpGlImG0+Pj8PF+KBwQ2CXAw3UCCOk6l6O7SxF956iB03OPbbGyTwlo/EeRJaISVScXMQOB+xFASPNjfiSi3tvvfA+3W0QR1VlbeWWhiOg2L55AIIkAQpqE6U2l5d/fXMtEPbLGNx06XkgwlYnKZBRRnfW9VRn5h0wrBtfv54YjREjzgm55rYlonrWy2ktR37L2QXjwZSh2K69MNNzigAAEPAhYYfCwd2Ubdku/FNFUUWvNRyL6Sej0vVD+HIoEVJlpuKx+rDEZNVuvDoMOrk0AIU2L756IykJLjnF7fNSntvESUfn3t/Dxy1Bab+VDlxwQWCNwrXtHi/Fao73PaP4ahqpfKIXTQ+L580f7P8yt9szpsRMBJvsx+KNs9NiCbw27PV5un/8Quvo6lJ+FouPD8KHtfDhxQAACtQggpOlk45Z6r0VKnb32uc9s/CSivwkG3g3lX6HoPe6n4TzK0ZrNKOPGj/MEpmlpF+I0Tjd01GajNhPcciGlzlbbnPtroiQRlQ39UumHuhistGIz2LBx5w4EENK0KCu7S6vZptZSlL4y3eqXSuYrlxCAQG0CCOk2YZuNbtd6vPp/M+09r/1M70mVgUrsVWr3h30IDEVgBGcQ0vIo9GIYt/e9+i8nhwUIXIQAi/A4kGR5x4yWNZQlL+/xHQKXJYCQroc2dVu/3rrNXfuedHTh4odRmzlBL1sEKt9HSP0Ax622n8V0S8QxnRU1IeBOgAXoh9RmiH5W9y31FO89z5hXe3R4djkCTPj9kB4JVe9XAD3Ee58YTyEwLYHzjiOk59mN1nLU96S8Hx1tpuCPOwGE1AfpUebq08u6ldg32ek6H+5CoDoBhHQdcRSnVD49RUx9j5b1RX7rdLkLgXkJrHqeKhSrjW9+s/f70ZHxS9wlpqMJ/MjM8G1iAgjpevAkBPHJqO8eo3+jni3DUX3ELwi4EEBItzEqo9LTI0ZkXaJEgcCNCSxF4sYoXgzdZlTLbfzy+4vG3IAABO5DACHdj3XMSlWLLb4oUCAAgRcEENIXSN66YbNSsVImqhIrsa2PJDhD4MYEJA7Zw79ZA8TyZgFnuBDIJYCQphFbE9O1e2nWqAUBCFyKAEKaHk4rnPbdaboFakIAApckUE9IL4nrITFVse9OrzlSRgUBCCQTQEiTUVERAhCAwDoBhHSdC3chAAEIJBPoLKTJflIRAhCAwLAEENJhQ4NjEIDALAQQ0lkihZ8QgMCwBGYQ0mHh4RgEIAABEUBIRYECAQhAoIAAQloAj6YQgAAEROAyQqrBUCAAAQj0IICQ9qBOnxCAwKUIIKSXCieDgQAEehC4l5D2IEyfEIDA5QkgpJcPMQOEAARqE0BIaxPGPgQgcHkCCOmLEHMDAhCAQB4BhDSPF7UhAAEIvCDwfwAAAP//Y0u5lwAAAAZJREFUAwAmVS4eqERDmAAAAABJRU5ErkJggg==', '2025-06-08 21:08:34', '2025-06-08 14:08:34', '2025-06-08 14:08:34'),
(35, 8, 'Aloysius Eric Yogaswara ', 'data:image/png;base64,iVBORw0KGgoAAAANSUhEUgAAAR4AAAByCAYAAACFiL5DAAAAAXNSR0IArs4c6QAAAypJREFUeF7t1MEJAAAIAzG7/9Juca+4QCHI7RwBAgRigcV75ggQIHDC4wkIEMgFhCcnN0iAgPD4AQIEcgHhyckNEiAgPH6AAIFcQHhycoMECAiPHyBAIBcQnpzcIAECwuMHCBDIBYQnJzdIgIDw+AECBHIB4cnJDRIgIDx+gACBXEB4cnKDBAgIjx8gQCAXEJ6c3CABAsLjBwgQyAWEJyc3SICA8PgBAgRyAeHJyQ0SICA8foAAgVxAeHJygwQICI8fIEAgFxCenNwgAQLC4wcIEMgFhCcnN0iAgPD4AQIEcgHhyckNEiAgPH6AAIFcQHhycoMECAiPHyBAIBcQnpzcIAECwuMHCBDIBYQnJzdIgIDw+AECBHIB4cnJDRIgIDx+gACBXEB4cnKDBAgIjx8gQCAXEJ6c3CABAsLjBwgQyAWEJyc3SICA8PgBAgRyAeHJyQ0SICA8foAAgVxAeHJygwQICI8fIEAgFxCenNwgAQLC4wcIEMgFhCcnN0iAgPD4AQIEcgHhyckNEiAgPH6AAIFcQHhycoMECAiPHyBAIBcQnpzcIAECwuMHCBDIBYQnJzdIgIDw+AECBHIB4cnJDRIgIDx+gACBXEB4cnKDBAgIjx8gQCAXEJ6c3CABAsLjBwgQyAWEJyc3SICA8PgBAgRyAeHJyQ0SICA8foAAgVxAeHJygwQICI8fIEAgFxCenNwgAQLC4wcIEMgFhCcnN0iAgPD4AQIEcgHhyckNEiAgPH6AAIFcQHhycoMECAiPHyBAIBcQnpzcIAECwuMHCBDIBYQnJzdIgIDw+AECBHIB4cnJDRIgIDx+gACBXEB4cnKDBAgIjx8gQCAXEJ6c3CABAsLjBwgQyAWEJyc3SICA8PgBAgRyAeHJyQ0SICA8foAAgVxAeHJygwQICI8fIEAgFxCenNwgAQLC4wcIEMgFhCcnN0iAgPD4AQIEcgHhyckNEiAgPH6AAIFcQHhycoMECAiPHyBAIBcQnpzcIAECwuMHCBDIBYQnJzdIgIDw+AECBHIB4cnJDRIgIDx+gACBXEB4cnKDBAgIjx8gQCAXEJ6c3CABAg+K8QBzP49RTAAAAABJRU5ErkJggg==', '2025-06-08 22:07:35', '2025-06-08 15:07:35', '2025-06-08 15:07:35'),
(36, 8, 'Moh irvan fanani', 'data:image/png;base64,iVBORw0KGgoAAAANSUhEUgAAAT8AAAB/CAYAAACZicVzAAAAAXNSR0IArs4c6QAAD29JREFUeF7tnTuob0cVxr8kN68bIYnvi6JYpBFUbMTaFBYGoyAW2ggSrG3SWAgKQhohNqKglViID+KrCGorYiNapBMsfMVoIpE87k1U1r17ciY7s/c89jzW2vP94cI598xjzbfW/PY89/8m8EMFqEBNBf7nFSY/31yzcJZVT4Gb6hXFkqgAFQBA+BkJA8LPiKNophkFfPj9F8AtZiyfzFDCbzKHs7nNFfDhx/7VXO7yCuiccu2YkwqEFCD8jMQF4WfEUYbMfBmAxNVDAL5lyO5aphJ+tZRsXA7h11jgyYqXeJJ1LvnMut5F+BkJesLPiKOMmHkngOcWW2c95kH4GQlWws+Io4yYSfi9+qgL+5fiwKVzFDvHoGmEH+FnJmwJPzOuMmEo4Uf4mQhUMZLwM+MqE4YSfoSfiUAl/My4yYyhcpvhJW/DQ373NwDMNOSAodzwOCBez6wc+fVU+/x13QbgRa+ZtwO4ev5mv6qFhJ8RhxN+RhxlxEx/2ismXwbwvBHba5lJ+NVSsnE5hF9jgScrnvDjmp+ZkCf8zLjKhKGzw0+u9vnv72P/Uhy2dI5i5xg1zZ/2CQhm2vCQK31+n2L/UhzEdI5i5xg1beY1L8LPUNASfoacZcRUHwCzxdd6lDtb+42E6A0z6RxT7jJhLOF34Sb2L8UhS+codo5R0wg/ws9E6BJ+JtxkykjC78Jds77Wy0TAEn4m3GTKSMKP8DMRsISfCTeZMpLwI/xMBCzhZ8JNpox8AYDc6Z1xQy10ppF9TGn40jFKHWPYrMcAfHRy+AkEXd9iH1MazHSMUscYNuthAI9MCD//ahvhZyCACT8DTjJm4rsA/HFC+PlrnYSfgaAl/Aw4yaCJbu3rswC+bdD+EpPXGz1OA/axEjU75KFjOog8YRWu438XwKcnaT/hZ8zRhJ8xhxkx18FvpkO+6xc6uN9n/fJ29aFK+Kl3kUkDCb+LV3nN9AAwFayEnyl3mTF2Zvg52M2ogZkAFUMJP1PuMmPsjB1/3eaZ32toIlAJPxNuMmck4QfMfM3PRMASfibcZM7ImeF3DYB8hSfhpzxsCT/lDjJqnoOf3Hq4ZLQNuWavz/X5Nz7Yz3LV7JCeTukg8oRVOBB8AcBXJml/6FAzDzordj7hl+8cN53h+a1t7Vynfx+A3+dLbC7HVQC3Llb7fYrwU+xKwi/fOaHXFvEs14WODwD4SQAE+UrbybG1vjfj2qcZrxF++a56CsAbItn80/3/WdLek1+VyRxfBfB5wu+6AoSfvhD+2mLSFcKv3Dl/AfDWCmclQyNJZ9U/y83Lyvlr7x18WRkDiX8B4H7Cj/A7GkiJ+d8D4KEl7XsBvHP5Wfqm22wLbroRfokKJyQTUN1bAYYJVZlJEgK7TBH/vtOCLwH4hpkW3jB060AzDzrnOfJRAG/34PVuL/vd3s9HuPXSUs7LRwrJa9ZcqeU1Tp8hCNU4XSC0N8JeG/o0gGcC1svxlee9/xdQ/5DwC/r5B97/fhDA5eX3u1bHn2ow6BWgAfjbUs+fAPxh+Vkepu7nV8yqUbGaCFdsiKz7idP3PtI5ZVRk4Vzc5wB8caMxNZYCFLuyqmnib/m39ZGOvLX08SIA+b6UlI/survvVUlJLzE4Kg79ddJnPWOf8MD2OICvpzRkLw3hd1TB/PzfAfCphFGhJRj6KvS42fBNb10xxQPvAHBLSsIlDftFhlgbSf2RtkBajgPJ5zkAv/HyfPx4VWUl0MllutXMdTYY9oBfTf1rlLW1q+tr8ZppF4D7vPOBITtygL3XDpkWypQ99SOjytzzmV8GICMyMx/CT5+rcmAoT9M7lDVhZviJP/zp5YxaKAvHbXMIP/2uyoHh9wF8cnCTZuzwWzc5ZtRicPilV0/4pWulJeX3AHwismbodjdrTZty2j7j8Q7CLydClKQl/JQ44oAZspgsr1Da86V0zr8CeNuBelKzzga/vbe3cOSXGjUD0hF+A0RvXKXf4baqEkC1miLPdqVrD3Cy0eBG3+xrjQM/t3g6JFcxW+n/DOBKwqhQXsCZcw5sTwX/XvOIaXdvD8VGd3yzS2+PJNZH+CUKdZJkMkXeg5x01CeXO8slTX4YwCNLxlliKzbNJ/xKIqlDnlkCtIOU5qqIbZxIp30MQM4h1BnfXkz4mQv9GwYTfkYd18DsvbXC1PcVxqaADcweXiThN9wFZQYQfmW6nTnXjwA8uPNgXB/k9bWIgeCMusU2eDjtVep1wk+pY5SYJRfr37wBwtD6YAwESppV1YxYm2N/r2oMC0tXgPBL12r2lHLfU84Thj5uffBjyx9Tp8ln0DS2u034KfUy4afUMcrNip0lnCmuYtNawk9pMM8UpEpdYNqs2PqgvLFZ3u935g/hZ9S7hJ9Rxyk0O7ZbnHtsRmETX2OSvxSw1Zc48lPqScJPqWMMmuXv9MqO8N764M0G2xcyOeVoD+Gn1NmEn1LHGDRrq5PvjQj3js1YkIDws+ClDRsJP8POU2Z6bISztz549FrdKCkIv1HKV6iX8KsgIou4rkBs4d+XSc4PvmVDt5JrdaNcQPiNUr5CvYRfBRFZBI68uim2UaJ5fZDwMxz8hJ9h5ykyPQUCMXNj0+KfA3ggVkjnv6e0O7Yc0NlkVucUIPwYCzUUqH2nd+tanbabIznwE53Z32pEW6Uy6IxKQk5eTMvRjewI37rSVwsEU6Cfkmby8BnTfMJvjO5nqvXIel+ODqG1wacAvCmnkMppU8CWkqayWSwuRQHCL0UlptlTIGXqV0vBnwL4iKJRYArYUtLU0oflZChA+GWIxaRBBVpOebck/weANyqAYArYUtIwtAYoQPgNEP1kVbrOLa+wv9S5baOnwilgS0nTWTZWJwoQfoyDIwr0nPKmTr0lnQCnx9GYFLClpDniA+YtVIDwKxSO2a4roKljj1gPTGl/ShqG0wAFCL8Bop+oStexZQSo5Tt6ex6NSQFbSpoThYSdphB+dnylzVJ/yvsBAL9VZmBoPfBnlW+JpGz2EH7KAsOZQ/gpdYwBsyx06tZT4Rz4aTmYbSC0+phI+PXR+Yy1jNzlzdWz1dEYwi/XE4rSE36KnGHIFC27vLmSrafCR0djOfDTtC6aq9sp0xN+p3Rr80aldPrmRhyowJ+yHwFgig4uDfvaAYe1yEqHtFA1vcwXlkv74gffF37nlNLWnbX3YWK/RWLz7ct/jDjYnK7ufsr1KLCkLxB+tbwxoJwShw8w03yVAgn5rCHXqmFb8LwG4I6DlVqd8oaafRSATuffAXh/oIJ/AbjX8/1B6Zm9pgKEX001AYGc07RE255TJKlL/uWez0sZ7dRVtW1pRwAY89eZHhRtvTCg9JIOOsBMVVX6U1U3mssx0HUYOYx7dBQm9corpdavei/xawoM/SmvfGdtDftztGuVthSAhF8rj3Qot6STdDBLRRUCFTdNLdHJdQxt30HhRqcpbZI2CBjcGuOZRzIlACT8VHTVMiNSOkBZyTZz+S/mTG3BGhCp+bSkcyPHnFg4skOqpd0hO2RN1N9MimkSg5+Fg+Ca/dHUtphzm1auqPAY9GpPVRU1PWjK3jeq+RlEl1rTdy2a5ACQ8NPitQI7ZoffFvQsH+EoCINoltjDQQo402gwFYCp8DuTNtFgsZJgVvgRenkR6m90uNHebTvvgzxDZ18D8HEAH17JRvjlxZGq1LPBj9ArC7+9tavYmqHla11rAP4KwP2ehIRfWTypyDUL/Ai98nDztYuN6M4Iwr0pcCr8ngbw+nIXMGcLBc4OP0LveNSU7ljKuunWMR9rGyXrOHL9JhV+Z+9nx6NsQAlndcpWx+NGRl6Q+bu+R7Tb8oclCPpauBHwHvzOfCYyL4qUpj4b/LaOaBzpuEpd18Ws0lHfnnGWfbR+GLirgaF+RPh1CdHySs4Cv60OdaYrWOVeLsvpa9pCxy2fxdYVy1pTL5f/QHClhvpRiwdHvVawJPNfXUnotQni9dGWllf0ttZlNUNwDcA9+GluR5voMVKq1ZEfodc2wEaMWnzg+q3TCI9fAviQZyTh1zYem5RuEX6hkUKLaVkTwQ0UmnO0pUVzBIKhA9TaIBhb03MPEK43t4iSCmVahJ8/KiH0KgTBqogRo76tVoRG+ALHO+s3u6jEvd3e2DGYogqZqZ4CluFn+eZAPQ/WLckHn6YRy3qNTcsoUGJQPus10diosK7XWFqRAtbgx6AqcnNSptA5tqSMnRKFljs0AdqXgXHaKSiOVGMNfm4EoOXJf0R7TXm1g28LLPL/GmNB09KBpjhTZYsl+Pm3BCzZrcrhAWMsgc+Z/3zgFfqalkH4kNYe9TuvJNJoOp+m9b2yvnZm7aES2hARMF6uL1VWiYRfllxjElsKdgZU3RixDr69UeDoqbCL1We8r66s6z2WdlgBi/CTRluy+7CTGhSwBt9dAJ5rUE/PIkMvTxixISLAu3tpOOO0ZwRk1mXJOf5un6b1nUzJhydf36R4EMCPh1tVz4D1VLj3KJA7vfV82bQkS/BzO3tOEGu2N3VkYuFr8J31kLiMYtcHoXs9MLk8kxiMo5NZA0jPC/ejfVO7/lnA5+sW2hARMMo0v9XHwa8XbFu14/TlWoOfOMTi0QwNgaT19kZrbUKjwFZTYR7Hau3NiuVbhB8BmB8APvhmHZGENkRqjwK53pcfm8NyWIXfev1v1g4dC5z1lTDqdONGiP+pOQrkel8sIhX93TL81gCsGcSKXFRkSugeLPW5kLLVKNDB798A7inyHDN1U8A6/NYAlN/PuoOZEhT8troUlS7S1BwFcsqbp/3w1GeA33oN0P3uvlxmuMgdDCD0ykUOjQJLRsm8flnugyE5zwI/EW8dxBKMVwMX4IcI3ahSQq+esKFjMRJDsinyuoRquN6XIJKmJGeCn9N1PZVxYLykSfiDthB6BwXcyb71/TB7m0Uc9bXzR7OSzwi/0DTYB2PLbyJr5qilYEKvtcIX5W9B0MWXSyl9yPUj7qb388/hms4KPydMaD1H/laypnNY7MICBHgC7JCvRlzcL2yG2WxbMbRukKWYMuuMmoafHX5Oq72vRZSntaYp8da3l/l+J/Rq9oL0ss7wME1v7clTzgI/341b0xl/wfoKgCc7+V5evPnsMrLb84fYpw3UnSRiNVSgvgIzws+puLem4yvtQ/Hawd3j+wA84YEuBjupe6YjO/UjnCVSgQ0FZoafk2RvTS0WOAKnrZ2+Em25bhRTnH+nApUUKOmglapWX4ys7/g7eS0MnuEsYgvdWCYVOKzA/wHXiBBPTOE93AAAAABJRU5ErkJggg==', '2025-06-08 22:12:47', '2025-06-08 15:12:47', '2025-06-08 15:12:47'),
(37, 8, 'Mulyono', 'data:image/png;base64,iVBORw0KGgoAAAANSUhEUgAAAR4AAAByCAYAAACFiL5DAAADKklEQVR4Xu3UwQkAAAgDMbv/0m5xr7hAIcjtHAECBGKBxXvmCBAgcMLjCQgQyAWEJyc3SICA8PgBAgRyAeHJyQ0SICA8foAAgVxAeHJygwQICI8fIEAgFxCenNwgAQLC4wcIEMgFhCcnN0iAgPD4AQIEcgHhyckNEiAgPH6AAIFcQHhycoMECAiPHyBAIBcQnpzcIAECwuMHCBDIBYQnJzdIgIDw+AECBHIB4cnJDRIgIDx+gACBXEB4cnKDBAgIjx8gQCAXEJ6c3CABAsLjBwgQyAWEJyc3SICA8PgBAgRyAeHJyQ0SICA8foAAgVxAeHJygwQICI8fIEAgFxCenNwgAQLC4wcIEMgFhCcnN0iAgPD4AQIEcgHhyckNEiAgPH6AAIFcQHhycoMECAiPHyBAIBcQnpzcIAECwuMHCBDIBYQnJzdIgIDw+AECBHIB4cnJDRIgIDx+gACBXEB4cnKDBAgIjx8gQCAXEJ6c3CABAsLjBwgQyAWEJyc3SICA8PgBAgRyAeHJyQ0SICA8foAAgVxAeHJygwQICI8fIEAgFxCenNwgAQLC4wcIEMgFhCcnN0iAgPD4AQIEcgHhyckNEiAgPH6AAIFcQHhycoMECAiPHyBAIBcQnpzcIAECwuMHCBDIBYQnJzdIgIDw+AECBHIB4cnJDRIgIDx+gACBXEB4cnKDBAgIjx8gQCAXEJ6c3CABAsLjBwgQyAWEJyc3SICA8PgBAgRyAeHJyQ0SICA8foAAgVxAeHJygwQICI8fIEAgFxCenNwgAQLC4wcIEMgFhCcnN0iAgPD4AQIEcgHhyckNEiAgPH6AAIFcQHhycoMECAiPHyBAIBcQnpzcIAECwuMHCBDIBYQnJzdIgIDw+AECBHIB4cnJDRIgIDx+gACBXEB4cnKDBAgIjx8gQCAXEJ6c3CABAsLjBwgQyAWEJyc3SICA8PgBAgRyAeHJyQ0SICA8foAAgVxAeHJygwQICI8fIEAgFxCenNwgAQLC4wcIEMgFhCcnN0iAgPD4AQIEcgHhyckNEiAgPH6AAIFcQHhycoMECAiPHyBAIBcQnpzcIAECD4rxAHM/j1FMAAAAAElFTkSuQmCC', '2025-06-08 22:17:12', '2025-06-08 15:17:12', '2025-06-08 15:17:12'),
(40, 8, 'M Julaikan ', 'data:image/png;base64,iVBORw0KGgoAAAANSUhEUgAAAR4AAAByCAYAAACFiL5DAAAOFklEQVR4AezcS44kSRUF0GxgABJITJgxazbCBlgTbIg1sJBmyIQJAxASEtDtpypfl6WXh4dHePj/tuKl/d7Prtm75R7VlT95y39BIAgEgZURCPGsDHjCBYEg8PYW4sktCAJBYHUEQjyrQ56A9xDI+vkRCPGc/4yzwyCwOwRCPLs7kiQUBM6PQIjn/GecHQaB3SFwOOLZHYJJKAgEgYcRCPE8DNksg29nWcc4CJwEgRDPegf5fRfqu07yCQKXRyDEs84V+MM6YRJlEwQS9GEEQjwPQ/aUwZ/frTz1vHfTBIHrIhDiWefsg/M6OCfKQRBIQRzkoJJmEDgTAiGepU8z/oNAEPgKgRDPV5AsMvHNu9f/v7dpgsClEQjxrHv8P1s3XKIFgX0iEOLZ57kkqyCwIALbuw7xbH8GySAIXA6BEM/ljjwbDgLbIxDiWf4M/rt8iEQIAsdCIMSz3nkd5P9aXg+QRLouAiGe6559dh4ENkMgxLMZ9AkcBK6LQIjnumefnQeBzRB4kHg2yzOBg0AQOBECIZ4THWa2EgSOgkCI5ygnlTyDwIkQCPEsf5jBeFmM4/2ACKQoDnhoSTkIHB2BEM/RTzD5B4EDIhDiOeChJeUgcHQEzk48Rz+fPebv3575hWYl/ilI9feYb3LaIQIhnh0eyg5Tasnmp11+fqNiSTd8qz4CMo4EgVEEQjyj8Fx2sSUaTzQt2QDFXMn/uonqI6CQTwdIPuMIhHjG8bnaahHOLaJBMsjFvSnx61z1i3Cs83M17CbvN4pvby5McLg2AkgCaXhqKcKBiHGfaJCMtSGxxsZa7hUUIjcRyAW5Cc3pF4pwxsgGmZweiGxwfQRCPOtjvnXEMcJxH0I2W5/QBeK7aBfY5nG2uFCmRTZeheoJR799lXol4Xh1W2grcXsGBEI8ZzjF8T0ggSIbmkU4zv6VZMN3JAhMQsDlm6QYpcMhgHCQzDfvmet7wnHmSxFOxVrK//tW0hwdAZfw6HtI/h8RqNeqIoE1COdjBhmdC4EFdhPiWQDUDV0inXqtWptwPGHZurjaSBC4iUCI5yY0h1tQ+EhH4orf2a75ylNPWOJHgsAoAi7nqEIWd4GAJxmCXG5JFT7SobNm4hVP7NypNZE/aKxckn0dHHIhCrlEMXuSIcjlltROrNNlR8oPv6XzuvazJzE/9/IzCExAIMQzAaSFVBBBkQKCIAiDKOQS4a3dE3pDUn745UPMIb1n51p/uU/Pongxu1yUdQ9ckRIEgAiKFGRhrhV/9U3oOKd7wpafe8KfHAjyu6d/b50/OlPj041cHAGX+eIQLLr9trAVaImgCpXcIhdfDBO6U8RZln9+W+nblx7yo4eESJtv32ZozMY8H+LrR4LAXQSWvSx3w59SQfEqSMWosBW5jRqTPtE8Qi78TBHn2oocxC4pH8b61ol8zcmfWLsl1tlYF0sbCQKTEMiFmQTTXaV7ZFMO4L0E0ZT/sVbsktIzRh7IpsSaOWIOwZjri3VzdLSRIDAZARdvsnIUv0KgCMeTQluInmrIHvEdIhJ5ltgHMiE2XOPWrvp02NGLBIHJCOTSTIbqg2KfcBQgKbLxVEM+GO1sIN9bKbkXpEiHnj7CIfrmDihJeQ8IuFx7yOMoOQwRTpENLIfIRqHuZX9yKdKQ75S86LFBVFrCztiafiQIPIRALs40uMYIZ4hspnldV8seWtJ4NLq7gmzKDolVP20QeAgBl+khg4spK1YFVt/hKLx6wjkK4dSR2YO+PTxz7rAo4uKn/OlHgsBDCDxzAR8KcCzlH7NVZGchHJuyF+2zpMO27gofxFz51Y8EgckI1GWabHABRcXkT/P6012RweloTzh1VPZjL7WPmn+k7fswZs+vNhIEHkJAQT1kcHJlBVXFpFD1j4xR7cde5uwDDo6ePy0S5lPf06E2EgQmIzDnMk4OchBFRVUFVt/jHCT1wTRrPwhizjnzIwA/CEe/lTm+Wz/pDyNwytlcmi/HWqRzq8C+aG7b84SBDOSp7WdT6/ZDZ84Z88+PGH0/t+bpRoLAKAL9yzSqfOJFBWZ7cwuVj6Wl/f5J8SOaiqlf63P3whf/fPOlLWnxqrm0QWAyAiGez1DBQXEpNG0V1ufVeT/r9YTveZ7e3iovORL+5K61hnT0rdW88TNS9q0vZCRO7aV0nvEfmwsjkIvz5fBhocjMKCx9RabYzG0tcpGXPORK9M21a/KuNevPSPlrfZlDbOLxaU0bCQIPIzD3gj4ccOcG8FBYVVT6is2YKL6tiUgeBWP15WnuVV+Kl7/ar7bmxIkEgVkIKLRZDk5qDBeFprBJbdNcEZFiJLW2dCu2GHLTil1zxkinXuuMnxV+2dq3WPbbxmnX9IcEOZefofXMXRwBF+viEIxuHz5E4SlEUgbmiLmli6z8i6WotWJXLq9sW79tv2KIDZMaVysveVofIqvSS3tyBKZsb+gCTbG7og6siGL0dKHACCzM6Ss846VEHEXNv3jyIMZy084R5FH2YumLoyX6/Ths7FteZUM3EgRuItC/RDcVs/ABAa80sCOKTUFSqL5CVJDm5go//LZ+kI3Y8iDW6NDVf1TYyRl5lK09icOvOWMx9Ulr0+rQsx4JAjcRaC/STaUs3EUAjoqvik5fEStmUvOK9a6zngLfNcUPMiiyaef1W13jMZFL5SZXOdOvGHyRmqu+MbtbNtYJP9pIEPgKgfYyfbWYiYcRgKcCrqLTL3nUWREDe7Z88t8nHWuIQHtPyif9IeIQq2LQMebTnJa083JChNYrryEbdp8kP4IABFwYbeS1CMBVASpMUt4Vu8Kt8a2WDl0+6PDBp/6Q9Iu+1UE2pPXJL5+kTxxs6dLRt64l7TxbOVXsWtda05ZU/BqnvTgCLs7FIVh0+/AlbSEqaGNF3A9eBUqnv3ZvzCcdPkrEQGCkfNJDJvIiLXGwZ9PqWuevP8+WfitlV3NsxKv4xrU21n7XLdJl+8+un8/JEBi6PCfb4q62o+AVk6QUqb4CM9ZWgRrT1RJr2luCGGqNjxIxzIvDn7EzRybm+yIOHfNs6Jrjz7w5fszTGRO6bFqdMbu/d4pikW+7ftn+suvnczIExi7C6lu9SECYKyqFacvV1xqb12/Joe3TQTREkZIiBmsl/CAJvsTs+yi9avmha8yWzdDcmB927Fs/xkQu2r78o5sQ5zddy47w89dunM9JEXC5Trq1XW6rxVtfgbWJGps3pxi15lqSMUY0RJGS0tMSc/yMkQS9ErHYGPPPdmjO+piwY09aojEeykWMX3cO29h/68b8/K5r/9LJHzvJ52QIOOCTbekw21F0VXCVtLEibdfMDZEMPcVN6LRniajK5722jcWnsZZPtvy3vs2NCV2CaMpHX//f3YQ4tV7x2P22W6vP77vOnzrJ52QIOOiTbekw21F4t5KtgrSuKAkCINacG1HchB6hp50qcuCPftkiuRpba/2bf1bEKvlF54RvMf/V9e2la3b4SUqLIJADXwTWSU4VtMJrBbEYtw6cEaFP2rV+X2Gbo68dE7qKn46Y+qTGU3zQHRN+rfPbijlrYvzKIHItBBz8tXa8zW4V+VBk+LeCWIwVZenfsq31Z1o+EUHZVl9c5CeHWpvT8sM3vyX/6Ryas9Z187kiAjn8/Z+6IlW0yOJetoiLDhvtkPAztC6G+1A+hmyfneO35OfPOondeRBwGc6zm7V3Mj1eFfNQwY95QQaEDlukoT8mpT/0BTN7flp7+q98yml9px8EBhEI8QzCssikAud4iBDMt1Lk4HxI2ZpHHq3us30+i3CKGJ/1Fbsg8BACLvVDBlFeHIEhYnJOiELwqeTDhn4rRVp8WQ/htOikvxoCLt9qwRLoEwL3MK915PDJ4P2HeU8o5sfIp8jl3exDg2jY8vVhIYOzIHCMfeQCHuOcKkvE4czukQ99BKONBIHdIeAS7y6pkyY09iTSbrkIY0zfud0iH+TU+ks/COwOARd4d0kloU8I3CMQZ3eLfMxzMvR9kflIENgUAZd30wQuFLyIpJ5ohrZeTzlFHEM67Zzzo8tn2bbrvX6GQWAfCLi4+8jkWlm88knEGd4iH2vXQja7PQQCuZjrHhOCmBLx0aeX0q8nnxpPiRWdILA6AiGe1SEfDYg4KNRrmf4Uoe+v2unyUeeqby4SBHaFQF3Qt7e3XeV19mSGcK/Xr6lPRX2MkE/ZtoRTfvv6GQeBzRAYKoDNkrlA4LFXoFecBR9FPheAM1s8KgIu6lFzT97DCPTPtD8etspsEFgRgVzKFcGeGGrsqWiii7f6vod++9plfCRJridFIMSz7sH6HkbEITKoudKh96zw0b5y5XueZ5GM3SIIhHgWgXXUaRFCSwbVr7VRBxMX27Nt+xPNoxYElkMgF3I5bB/xvNQ51CtXPU09klN0g8BiCCx14RdLuHF89O4a2LevXK/47ujomCf/nSCwxuXfyVZ3k8YYAYytzd1AnnrmIhj7lyEQ4nkZlLMcFSl4QpnlaMC4JbP6LmlALVNBYD0EQjzrYd2PVGSzNBkgs/rSOufdP4UXj+NuGgK5iNNweqUWImj91RkUObRrr+rXU0+R3av8xk8QeAqBuvRPGcfoaQSKZJZ+2qkEkZ2YpObSBoHNEAjxbAb96oGdNVk9cAIGgT4CuYh9RBYcD7iGf73+1OvQgFqmgsC5EHDxz7WjY+xmiGS8Dh0j+2QZBGYiEOKZCeBM83ramekm5kHgWAiEeLY5r/7TTb703eYcEnUjBEI8GwGfsEHgygiEeLY7/fYpJ+ew3Tkk8gYI5MJvAPp7SNgjn/oX5O/TaYLA+RH4AQAA///8uVgwAAAABklEQVQDAJHuav1M/B2JAAAAAElFTkSuQmCC', '2025-06-08 22:21:26', '2025-06-08 15:21:26', '2025-06-08 15:21:26'),
(42, 8, 'Angger Setyowibowo', 'data:image/png;base64,iVBORw0KGgoAAAANSUhEUgAAAR4AAAByCAYAAACFiL5DAAAN1ElEQVR4Aeydya40NxmGO8wCMUmIBcqCILYIroDhCpC4AtiD4A6AOwDBHi4AAXsWDFsWUZRtpGSRZJNISRRlHv38p94Tq05Vt2vyUH5/1dd2Vbnsz4/9ve2q093/py7+VxuB94NDHwb76IpRJpz2ZgJtErDw1DFuCInE5tPBpceCsSE+H4QM+xj7YdebCbRNwMJTdvwkOHNiw/h8pqyLbt0E9ifAxN6/Vtd4i8A1wWFMuhabW/B8vn0CTPL2e9FWD7ilmlrhMBYWnLbG0t6uJMBkX3mpL1tIQKscntVwKc9ryDMGFhyI2LohwKTvprMFOxqvchAcHhibfcEBcdNlCTQ3+cviWtz61CoH5l7hLEbpC85EgCA4U39q6YsER89yvMqpZWTsRxUELDz7D0N8W0XtiA6cvcqBhs0EAgECIiTediDAKgeR4YEx1SlfG2P8RBzx0bYHAdexmEBtQbG4AxVcoEDmtgp3EJyaHx4z5ogjfuOvzQSyE2ASZm/0RA2yckBwCGS6JcHxbRU0bCYwQ8DCMwPmxmFWC4iOBIdVDvmSgoM/2A3XfdoEyhOw8CwfA4JbqxwER6uc6ZryHUX4sHwtuiUTWEnAwpMObmqVA7+Sq5x0713SBCoiQOBU5E61rtS2ymGlVS0sO2YCtwhYeK4TammVYzG6PpY+e0+gfMbCMz8Gta1y5j29O+PnO3cc/NoAAQvP9CAhOgpkVhJwqv1ZDn7Smzd5sZlAzQQIqJr9y+0bt1YEsESnlr9Y5ebg9kzgUAIWnk/wssrhz+QckfjUusrBP/w8wFylCRxPwMJzubDKQXS0yiGoa+dyTRBZpaXMnNr7mNIHl2mUQO+TD8FhlYPoIDgEbetMvtToXLTbHRFoPcjWDtXcKufaSmJtW7mueyNXQ27HBLYSWCg8W5ur4npER6scHDrDKod+pBqrvNSyLmcChxDoTXgIOkQHmNxacYvV0ioH0cT3XAYvLFd7bqcTAr0IDwFLACE0DC2ic7a+f5mOBVMfQ3bTJl7UB79NlfliE4gJnC344r4pTwCxyiGAEJyWb63wX/1am2qFB4+pOhAZmM2dn7qm5DG33SCBMwvPOIAIWvqrwGtwuG66TB8p9AovKwzBiUVa9cFtRXW+xASmCZx1Qo0DqOVVzvTI7Xt0TqThuG9Lrs0EAoEzCg/BotsE3rHp41lWOZ8PY8am/pFfY3DhOlhh8SrHIg0Z26EECMpDG8hY+dS79pn6twTlVxMLI2AYxSU4ZxFp+mSrlMBZAtPv2ukTDIGW2HAVqx/2LTjQsGUhcAbhQXQIHIARRPTpzEFEH+nr27yM7LXRfryL4MCK2yodpy54ad+pCWQh0PqkI5DGopMFXKWNvDfjF5wQHLGaKbboMEK26AIXviPg18ulZeEhmB4bBtHv3AOIUYI4jDnxLAdeo6KLdqkXIaPuRRe6sAlAoFXhYcL3LjqfYwBH9s1hHzYwQhzIIzQIDuPNbSjnhqKbEupGhDZV4ov7I8BEbK3XBA0THr8VTORtd78tJA5ihOgwzgiOzjk1gaIEmJBFHVjYeCw6BNTpgimBx7sTZVh1wIYVjk7DB/E5eoyPrl/9cXoiAi1NGgKLQAI/QdWS7/h8hMWCE7OhrZd52WgSdtU9Vd21c1PlfcwEmnm4bNH5ZLLCQnuscBT4iLHyOp8rRQBzteV2TkCglVWDAorgasXno6bHF4aKYybke+cyYHGyO4EDKmxhsuodvnfRgQMMEBlNhWsP17+hQhtT2qSKeFUznjfjfcrbTGCWQO0ThmAj0Jj8tfs6C3njCQKe/sOBqshj5KceNHP8lqU8u7lVB+flB3mbCSQTqDmYCTgFGwKU3KkTFKTv9JnA5jkOXSJ/bYVDGexFXjKbxilzs26uVQI1C498I+D0Dt0q51S/JTiIjYKZ/ktwxhw4nlr3MeUuF/yjbnwntZnATQIK7psFCxRQ4NXs495YUgVH7eb8P7SWjAPfGWPF9o4cdWoCMYElkym+7ug8k5Y29G5KvgdTf0kZm/EKRwxq+T+0GCcMv/CXlH385o2Dr3VMfYuecraOCWiydIygyq4TtIgPQbzUwceHC6hjyE4m1M+Jo2+REB/asZnAPYFjhee+mdWZNYG3urEKLmQ8eG4jUUA8yI857P1f2Vzr+rjtcVlWNxzDV1IZfpPn+JtkbCYgAkx05WtKNdlr9e9IVgQy/Vbg0hbBy764cOyaUZbzz/CSwdQeqyd8pclxHzhmM4FHBJgcjzKVvRB8TGYmcWqwVdaFze4wNvQfDhgVah8mOrb2v7KhvrWGH1zLOJHK8Fn5OGUVF+873zmBuYlSAxaCCz+Y5Mqz35sxRhhCg9F/mGDkU3/YnbJrTOKi9qbq0PiojPzUQ/Ccf32b8i865mwNBJjQNfgx5QMTXu+UTGgmN0v5qbI9HGOsMIIaU5/FRvukOv8EOwUMP2k257Mo2rM1QkATpFZ3ER8Ci0Ai5XMuPYsP48SYYTBhH4MN+4gz+8/yEozjIdm8UTeVzLFnnFRGKeUx7fMm8lY4gD0Z0h8F89YpASZwC13HT01gxEcB1oLvR/kIk3HdCA2cvjM+kWEff2ifNG5OX+HgON+sx34QCvw8mLdOCTAZWuk6vhJU+MsEP0B8qLopE4+XgtfKh+wFPnFKfouJNWOgVU/c3rW6+VwR12vF849Q+DfBfhHMW6cEmEgtdR1/NeEJLia0AqGlfhzhK2xgIj5qowZGrFK5HfticOpnwf4YzFvHBJisrXUfnxVcBBqTmuBqrR97+hv/9g584JLKiPJ7+uK6TOAmgVYnHX6Pgwvx6W31k/K7yrEAkYfTzYkxKsBqhUMwJ7XlI3DKlgjgljuG/wQTfSAoelv96IfA6DsMYou/Gc75mJPycXnnTSAbAQI3W2MHNUQfxoHFu3oPqx8e3EpEnh/x/f9of4rTqEjSLvUkFXQhE5gjcKZJRF8UhAhRb6ufb40G+YfDPiyG7KMk5vTogF9MIDcBJmHuNo9sj/4QaLEAkWcFdGS7peqmXX1OhvzY6DvH/s5LZHDSuejw1ezS8lcr88m+CTABz0iAfhEoGP1DjBCfM95+6Ye26CN9je2fw85PhzROYMQ1pPHxuTz8OMc1pNonbzOBRQRSJ92iSispTN+wWHzOePv13cBbfXwq5OPthWEHDnt/RUF/6RqacGIC6QSYkOml2yxJH3mXVnAq39M79qth6P4bzJsJHE4gpQGCMqXcGcrQV4kO/VH+DAL0NB0K9r1g8farsEM/vx7SrRsrHIm30q11+vpOCRCMvXWdPhM4GH0nMBEfjP2Wjb6U9v+3wQEsJN5MYJoAQTh95txH6TcWiw9Bi/hgrfX++5HD/4vye2dhBifScd08Q/p3OPi7YD8O5s0EZglMTaDZwic8Qf8JpLEAsd+aAOFzqSFihfOf0DiCQ4r4hN2Hm4+YAAQIPNLeDQ6xAMFD+60IkH5mdPych74caYiOhIb0J6ExP8gOELzNEyDg5s/2dwYeEhytILRfuwD9axiurwzp0Ul8a0VbiM7vydhM4BYBAu1WmR7PwwVDfDAY1C5A+syO/MXno+wvoWJuqXRrRWrRCVC8pREguNJKZihVYRPwwfj1PAV07QL0+oEcfx3q5r/T0c+W/jXs+9YqQPC2jABBteyKPkvzGRZYSXyggABx+1XL1zD+hlPB9DWJkN1tk+D8IdT4tWB8INE/XxpAeFtHgGBad2WfV8ELwZEAka/laxg80MWfvX/LmD+RS3AYdW6x+ECif74UGrZVBAikVRd2fhHcCPJYgGpa/ewxPAgO/eP5DfUhOPSZWyv2+zD38hACBNAhFXdSKfwITrpLUNay+sGftabbKgmObqssOGuJ+roHBAicBwd9YBEBGCI6sQC1uPqR4Oi2SoLj26pF08GFUwgQNCnlXOY2AVjG4tPK6mcsOPSUB8cWHEjYDiFAsBxScReVPuwkPKdWPw9L1nGE5zha4eCRnuP4wTE0bIcRIFAOq7zjiuEar37Ic/tVCxJWOfjk5zi1jEhnfhAgnXU5W3dhW9vq50+h93wAkFVOyF78HOfifyUIEBwl2u2pTRizuqDPEqLcqx8E573gwC+DxR8A9HOcAORcWxu9ISja8LRtL+Es0aEn5HN84jkWHD59TdvPhRcLToDgrRwBAqJc6/21DG++94VJCI6g8GyolFUWKxzaQeT+HI4heE+E1JsJFCVAIBR1oMPGEQJs765rdYPgfHuoXILz2bDP7y+HxJsJlCdg4Sk/Bls9kOBodUN9M4LDKZsJlCdg4Sk/Bms9sOCsJefrihOw8BQfgsUOTAkOD4x5huNbqsU4fUEJAhaeEtTXtTkWHG6nEBw9MPYznHVcfVUBApHwFGjdTaYQmPsLFasb/4UqhaDLVEfAwlPdkNw7JMHxX6jukThzFgIWnnpH8vHBNW6p/PxmgOHkHAQsPPWOI7dSPL8h7fX5Tb2jY882EbDwbMLni03ABNYQsPCsoeZrTMAENhGw8GzC54tNwATWEGhZeNb019eYgAlUQMDCU8Eg2AUT6I2Ahae3EXd/TaACAhaeCgbBLpyHgHuSRsDCk8bJpUzABHYkYOHZEaarMgETSCNg4Unj5FImYAI7ErDw7AjzVlU+bwImcEfAwnPHwa8mYAIZCVh4MsJ2UyZgAncELDx3HPxqAn0SKNRrC08h8G7WBHomYOHpefTddxMoRMDCUwi8mzWBngl8DAAA//8H7gTuAAAABklEQVQDAHyKHAMEV+b7AAAAAElFTkSuQmCC', '2025-06-08 22:36:00', '2025-06-08 15:36:00', '2025-06-08 15:36:00'),
(43, 8, 'Dedy triwibowo', 'data:image/png;base64,iVBORw0KGgoAAAANSUhEUgAAAPYAAABiCAYAAABj5S6dAAAAAXNSR0IArs4c6QAACAVJREFUeF7tnb+y5TQMxrWwULLQ8wRUvAHQU229BSUNQ8MD8AoMDU9BRQ9UtPAO0FEsJcPf0dxo1ptNIjlxbEv6zsydM+fGseVP+h3bcpLziPASBf4moteXD/8R0WuV0sj5W+f+S0SPiOhMvZVmoDgUeAg2vIgEPNbiLHxHYB8dg/5QoLkCALsN1OwYC9hcDpo3D2NUuFYge5C1GKnXU/m9EZ//D7DBYBcFMoNdQv0PET2+qLg23Zb2WrR10VScHl2BjGAzgJwYk2QWA3cV6nIqvjcqA+zoNE3Uv2xgX818a647mm4jM66ph+PNFMgEdsv19J4DjsDWpurNnIqKoEAWsHtAzdGkTbeRQANzXRTIAHYvqC1ga+B3cToaia9AdLB7Ql0D9tmLYOJHJHrYRIHIYLfezrIIriXIsM62qIgylxWICPZd21kWsa1g722JWdpAGSigKhAN7Lu3szRBLSMy1tmaijh+WYFIYI+Gmp0BsC+HJCpooUAUsHsnyfa0rwEbCbQWEbxfxwfFoR/vbWq+2iOAPQvU1hHbAv98keLDIob5y8XUD5f3H4joIx/mt7PSO9gzQS1e0S5CAdjt4ncL5LJ2hppBx4jdTvPba5oRau60Bra1zO0COmyAQeaRWP7WXRCQ+f/pYC7F8Dpizwo1ayu2HWlrgd8hd81N/nyp8RMien+jdgZZ/lKDvNbGI9gjLjypiVjLdpaljNamtmeunT/bcYFY1shv74DM/045va5xmDewZ4e6HLGPHqhwFexSB27zORG9U+P4wWW/Xtp/trxvQSz9EpB/zj69rvGZJ7A9QF0L9pktrz+J6M3FyXy++PA3Inq3xvmdygrEny7t7T3Ugr+cBGJ+/6qTfSGb8QD2yEtEzzjdMkW+khmX9bl8KcySbxCAPy6+YPYg5v7z64vlHRCfibSDc2YHe4aryWolt0BrKbPV7t6Xxnpqzp/5741a45Xy3xbHeW/4rWUXQJ7HvnW6QPzNcvCzxjahug0FZgZ7lpGoNnCs0NZmxks9tvzGx/m1Psbt8HqfXz8ZOvP7ckHHk6KsJU4E4F+J6DtAbFD6xiIWh93Y/G7VXqHmDtWCbXlqaanHX8Uae0/AcvnS0n/yZcR1/kFE3xMRr+0xCrdUuUFdM4LtGWpxiWU0tmbGGWRZq55Jtv1CRO8VP19kCRuBVso+tZyEMvMoMBvYXjLfmgdrwNZgtSTjNHtwPJkCM4EdBWoOIctobAFWW1cnC1d016rALGBHgtoKtrYWvzoFt8YAygVUYAawo0Fdgn00zd4Cm7WQn++1jOgBQxJdaqHAaLAjQn0mM85+KEHmOsQ3o33UIs5QR2cFRgZNVKhrwC7X4uXviYlftMRa53BBc14UGAV2ZKhLsMuRdysmtsCWcoDaC0UT2jkC7OhQl2BawV5vjwHqCWHxZFJvsLNAfSYzLl8CgNoTQZPa2hPsTFAD7EkDPotZvcDOBrV1y4vLlbdhsj8s145niU/086QCPcDOCHVNZry8sUJbk590M07LpsDdYGeFugbs9b3Ud/skW4yn7O+dQRThLq2rQVFzM4i0dadPrvYH5ztR4M4gWj/Cx4kkTc0E2E3lRGVWBe4CG9c5P3ig5i4vjNjWqEU5VYE7wMathi9kt4BdPtcNyTM1ZFHAokBrsDMny7b0tsxcALYlUlGmSoHWYGNd/bL82j3XUrrc8mrtk6qAQOEYCrQMIsvoFEM1ey8Atl0rlGyoQEuwMVpvO8aSGceI3TCoUdWrz6A+qwlG633lLAk0JBzPRh7O21Sg1YiN0RpgA7GJFGgBNkbrY4da9MGIPREUEUwB2Pd70ZJAA9j3+yFVCwD7fncD7Ps1RgsrBQB2n5DQMuMYsfv4IU0rLcHGAwL2w0bA3tMIYKdBrk9HW4KNZ3Wdz4wD7D7xnqaVFmCX1zq3qC+i+FpmHGBH9PrAPrUCUQvcgV2comktgQawp3BTHCNagb2+Qwnr7ZdjRAMbs544TE3Rk1ZgS2fwOKRtt2rgasenCBYY4UeB1mBzz9cP50NS7SEejjLjANsPMy4svQNsgZvfy/qzA67dDKLtdbsIKBg5hwJ3gV1OzQH4gxpaghFgz8FECCvuBhuAvwgTDWw+zi/54fsQAYZOjFGgF9hbybVy3ZkhmLXM+JgIQKshFegN9h7gAnlkwAF2SITm7NQosLUpetQpKdbRc3IQzqrRYIugPJrxaL22J1omXcuMhwswdGiMArOAXfZ+vQ8eaS0OsMfEebpWZwT7aJrufS2uZcbTBSA6fI8CM4MdcRQH2PfEMWpdKeAFbMta3EPCDZlxINhFAW9gr0dx/uwp4Qawu4Q1GvEMtsepOsAGc10UiAK2p6k69rK7hHbuRqKBbZ2qcxLr8SDXA+xBwmdqNjLYVsh7X8aKvexMhA3qaxawZ5qqA+xBwZ6p2WxgW0fxO7fOAHYmwgb1NTPYoyDHGntQsGdqFmC/6m154MGWNgLl2XU5HjOcia6BfQXYx+IfQc5nCug1LmTNo921VtN/lO2gAMC2iyy3lvIZV3W7er7dapRMqQAC7LzbGXR5WafmI/fPz/cUZ7pTAGC7cxkMhgK6AgBb1wgloIA7BQC2O5fBYCigKwCwdY1QAgq4UwBgu3MZDIYCugIAW9cIJaCAOwUAtjuXwWAooCsAsHWNUAIKuFMAYLtzGQyGAroCAFvXCCWggDsFALY7l8FgKKArALB1jVACCrhTAGC7cxkMhgK6Av8DG8Pwck+EGP8AAAAASUVORK5CYII=', '2025-06-09 19:16:50', '2025-06-09 12:16:50', '2025-06-09 12:16:50');
INSERT INTO `master_partisipant` (`id`, `agenda_id`, `nama`, `ttd_base64`, `hadir_pada`, `created_at`, `updated_at`) VALUES
(44, 9, 'Adi Purnomo', 'data:image/png;base64,iVBORw0KGgoAAAANSUhEUgAAAT8AAAB/CAYAAACZicVzAAAAAXNSR0IArs4c6QAACIhJREFUeF7t3Tuy5DQUh3HN8IjZCEVEDjuAJRCRELAFdkDAQghYAFWsAJbACggJeLqYpjy+frYl60j+3aoJuG1LR9//9Idsd8+8Sn4QaIPAXymlVwulLv2+jZWpsgoBTVMFu0kPEiC+g8Acvk2A/LYZOaIugb9Xpte/dbNpenbN03R83Re/Jr7htdfdE7DAYgTIrxhaA58kQHwnATp9nQD56ZBoBKb39wYJTvtU30ZLrcF6NFGDoXVc8pz4huWO+1TPdtwAVy5NI11J21xrBKaXuUNvTmWoX/VQNgKaKRtKA50gMCe+Ybjx7/XqCcBOfUlAQ+mK2gSIr3YCN52f/G4afIBlz93fe3x0xY4vQEC9l0B+vSccc31Luz2XujHz6rIq8usy1tCL2is+H2IOHWP7xZFf+xm2tALiaymtzmslv84DDrQ84gsUhlKW/4ogbBDISWAsvunl7NprOWswFgJvEbDz0xClCRBfacLGf4oA+T2FzUk7CRDfTlAOu54A+V3P/A4zbn0tzaXuHbog+BrJL3hADZZHfA2GdseSye+OqZdb89oT3WFWO75y7I18kAD5HQTm8EUCxKc5miJAfk3FFbLYte/oPgq24wsZ3b2LIr9753929dPd3txX0ojvLGXnFyFAfkWw3mLQrctc9/hu0QbtLpL82s2uZuXEV5O+ubMQIL8sGG8zyJ77e3uOuQ0wC41LgPziZhOtsj27va3P+EVbk3puTID8bhz+gaXvEd+eYw5M6VAEyhIgv7J8exh9j9T2HNMDC2voiAD5dRRmgaXskdqeYwqUZkgEzhEgv3P8ej57j9R8hq/nDuh8beTXecBPLm9LfJ7oPgnWaXEIkF+cLKJUclR8eihKcuo4REDjHsLV/cFb4tt6vXtAFtgPAfLrJ8uzK9kS29brZ+d3PgKXEiC/S3GHnWxLbFuvh12YwhBYIkB+emNLbFuvI/gfgU/+/fMjGO0QIL92sipR6drX0TzRnSf+dUrps8nfSj2Ib/j5lABLtGmZMcmvDNdWRh3v6sa9QHwpDZIbfgbRfZRS+mAj1GHX9w35tdL6/tHydpLKX+mS+OYuc6cyHKrp7X+c36WUvnyD+d0V3L+llIY/X4yOcbmbvz+Lj9hbAxcH1skEe8W3tdyW++enlNLHKaX3F0T+e0pp+PNzSun7NyC+3QLi9XYItNy87VCOVencV9LmdnbTqh/njXumxf75JaX04Uwkw/p+TSn9kFL6KlZkqilBoMXmLcHhLmPOiW96mTsnvdeTX86JsAWGc2sddnWft1C8GvMSIL+8PCOPNn3jD/+9lP/w2lR447W1KL/x+v9MKa3d14uco9oyESC/TCCDD7PnsnZYwpb0HstsXX76PnjDXlGeJriCcv05nrm0Xau6Nfn5oHb9HgxXAfmFiyR7QWvi27vTW3r48ez52Re5MiDxXUm7obnIr6GwDpa6dql7NverhDKsYe5n7X7kcPwfKaV3JicOv3vvIEOHd0zg7JugYzTNLm1Nejl3aluX0ksA18472o9zY82NQXzNtnO5wo82W7lKjHyGwNYDjZzSG9f5rADPrPXIuZ7qHqF1s2PJr+3At6Q3rK5GxnvqWtsZbl3WlriP2XYnqP4wgRpvjMNFOuEFgb1yka/mQWCBgDdHW62xV3q1dnxt0VTtrQmQXzvxH7m/Jtd2clVpJQLeJJXAH5j2iPSGYUs93DhQskMRiE+A/OJmNCe9te/jEl/cLFUWkAD5xQpl6Z7elvQeq5BnrDxVE5iAN0uMcI48yHjs8KYPNWQZI0tVNELAG6ZuUM9I7/EZuPFlsRzr5mj2Bgl409QJ7Yz0xju/6e6vzmrMikCDBMjv+tD2Pr1demprx3d9ZmbskAD5XR/q1lezhoqWvt41PtdHWq7PzowdESC/dsK86q+RaoeIShE4QYD8TsC78NTpPUK5XQjfVH0S8CZqI1f3+drISZUNESC/+GERX/yMVNggAfKLHRrxxc5HdQ0TIL+44XmyGzcblXVAgPxihkh8MXNRVUcEyC9emD7SEi8TFXVIgPxiheojLbHyUE3HBMgvVrgecMTKQzUdEyC/OOESX5wsVHIDAuQXI2Tii5GDKm5EgPzqh+3Jbv0MVHBDAuRXN3RPduvyN/uNCZBfvfA92a3H3swIJPKr1wTu89Vjb2YEyK9SDxBfJfCmReBBwM7v+l4gvuuZmxGBFwTI79qm8GT3Wt5mQ2CRAPld2xx2fdfyNhsC5BegB4gvQAhKQMA9v+t7gPyuZ25GBOz8KvcA8VUOwPQITAm453dNTzzkh/c1vM2CwCYBb8ZNRKcPsOs7jdAACOQnQH75mY5HJL6yfI2OwNMEyO9pdLtOJL9dmByEwPUEyK8cc+Irx9bICJwmQH6nES4OQH7l2BoZgdMEyO80wtkBiK8MV6MikI0A+WVD+dZA5FeGq1ERyEaA/LKh/H8g4svP1IgIZCdAftmRJvLLz9SICGQnQH55kRJfXp5GQ6AYAfLLh5b48rE0EgLFCZBfPsTkl4+lkRAoToD88iAmvjwcjYLAZQTILw/qxz9DiWcenkZBoDgBb9biiE2AAAIRCZBfxFTUhAACxQmQX3HEJkAAgYgEyC9iKmpCAIHiBMivOGITIIBARALkFzEVNSGAQHEC5FccsQkQQCAiAfKLmIqaEECgOAHyK47YBAggEJEA+UVMRU0IIFCcAPkVR2wCBBCISID8IqaiJgQQKE6A/IojNgECCEQkQH4RU1ETAggUJ0B+xRGbAAEEIhIgv4ipqAkBBIoTIL/iiE2AAAIRCZBfxFTUhAACxQmQX3HEJkAAgYgEyC9iKmpCAIHiBMivOGITIIBARALkFzEVNSGAQHEC5FccsQkQQCAiAfKLmIqaEECgOAHyK47YBAggEJEA+UVMRU0IIFCcwD89GfWAYwDp8wAAAABJRU5ErkJggg==', '2025-06-21 20:09:28', '2025-06-21 13:09:28', '2025-06-21 13:09:28'),
(45, 9, 'Aria Shalendra', 'data:image/png;base64,iVBORw0KGgoAAAANSUhEUgAAAT8AAAB/CAYAAACZicVzAAAAAXNSR0IArs4c6QAADjRJREFUeF7tnUvSLUURxxMEnxFgBE5woqFjXYGEsgJlBQ4ZyABXgG5AHagRztyBugIhcAUy1pCJTCAQIjB4+LrlPR3kqVvdlfXOrPx/o+/er7oq859Zv5NV1d3nMcIPFIACUMChAo859BkuQwEoAAUI8EMSQAEo4FIBwM9l2OE0FIACgB9yAApAAZcKAH4uww6noQAUAPyQA1AACrhUAPBzGXY4DQWgAOCHHIACUMClAoCfy7DDaSgABQA/5AAUgAIuFQD8XIYdTkMBKAD4IQegABRwqQDg5zLscBoKQAHADzkABaCASwUAP5dhh9NQAAoAfsgBKAAFXCoA+LkMO5yGAlAA8EMOQAEo4FIBwM9l2OE0FIACgB9yAApAAZcKAH4uww6noQAUAPyQA1AACrhUAPCzFfb/ROY+bst8WAsF9CgA+OmJRc6SAL6reCGWOQXxdyjAFMCEsZUO/xWai7gKhUIzvwpgktiNPUBoN3awXIECgJ+CIDSaAAg2CojLfSoA+O0TdykEg8eI+z5xhyeVCmASVAqn9LL4UCTE9wqKiL/SQMKs8Qog+cdrvGIEDrzw+3FLzBkIkQcrooQxlyqApF8q/9DBzwAYBkU1OFR6dG5BAcDPQpTqbeSQO4s1qsF6fXGlYQUAP8PBE5ouAeBVNYgcEQqNZrYUQGLbilettVIAzoIgf0wPj+jVRhXXNSkA+DXJZ+riEgD2huABu1S+8QMZU4LCWNsKAH6241difeo2GOn1qX3BXO7knkXmY+f6ktqJdlBArACSTizVFg1HA/CqwuPVZFjqllaiWwQATuhRAPDTE4tZllzdAiOxIVUFhv+7Ok2O9/UAPonSaDNUAcBvqLxqO+8Bn6t7BXP7eD3GVysuDLOhAOBnI04jrKwFUG4vL5dTteOO0AB9OlYgl6iOpdne9ZL9vyvgnS15U7nF+0HubZ9iuh1EAuqOz2jrOIxSS9Uz6J0ta3Onwqj6RkcU/YsVAPzEUm3bMHUAUgo9Ls4ZAAG+bVPIpmOAn8249bb66vAijJU7wEjZg5cn9I4S+uuqAODXVU6TnbVUeTmHU30j53Kq2fr794joVVsmP7QWiWgxau02505se+dGbi+w3SMbPfzkZmaAhUlgMJl/S0Q/ZP48byMEn1oJ+FmLWJu9uSovdwBSMzqWv0QBeq8w8QIorMLv5ZsvX2bg+6lFfwC/muls75oc9LhHPQ8mUn15qgJj6AXgmQQFA913b7//4+bLL+xNByx7rcZManfu3ryrV0n1AGAMufiDNvd3qZ8a2wXIHZAI9lmHXvDhXSI6qr3XHvgU9vpM/6DyMx2+pPElVd6V960AlFy/UxUYLweDtqE6esHikpAlxi+J6Efs3z9+AEGz1R5PeMBvH/j1gt6hSMkTILGKEvCdLbXD/1vLy0+I6AnmkPkl4c2XvxHR126/f0hEX9hnuthLsp207+FLb+DFNtUAsBR8x5gWq0AOh6PSC3t6O1RG3Lc3iejrPRJWUx/WPmE1abfSltHQ476VALB1H8/KfYFhKfgiq/b+RUS/IaKXViZFx7F5Jbsl+CwuLzrG12RXZ7eN1DyBUSKAFGq1Vd/VsllbngbQfeZm8G7Qi6H+q42A/ki+o/IrQcCatjOrvCsPcwDsBT6ty+DfEdEPmEC7VUT8YGM3qCfzGvBbAzTJqFqgx209A2Bv8EnGlGjYq0188/evN6uIwgHN06yafbKXcJr7Afz0RUcj9K5gFCs4IqdyVeeoKMbV3nvsXrdRY87ul4NvR/9O9RyRqLODt9N4qT290ft5Nfqd7T2OzKfZhyFxtfeH2z17NXppvYb76Ap82jaStSbIDLusQE/DcnR0Ffg6EX2HObojFEJF+312P+XvNwR7dt6O/KTODo4Gd1/fyDf6rx490yLbaAhd+TlqbN5v+H3Hao8v5Xf1UTRHAD+RTN0bWaz0JPt+M/Op5P7DXADjau8jIvp87iKDf+f7exq3U6ZKOjNZpzqmdDDr0Auypqqukae90gqwdjKHx7Y+xwb5ExE9pzR/Wsxye7BxJhrg15JO8mtTm/W1k1U+av+WZ9XWiPcASq2Pl6rSLQMv1V78gbXjHqY0V+7aAX5VsokuCm/5+FniIX2L0OP7kcfvV6+omp1XpQD0Uu3FgHd5sIHKT8Srbo0C+H4e9WYZenH1kPtO3hW+Spbefyaib7G47Lq3F1yMAT/7A6nbZBrVEQTpr+zs+9H6e/BojxKwSAA52tYrO2Pw7bq3F8dhZ8A35RPg1yTf3cVnT2ZY17h0SXm0X1H9ne098pcRhKBZj8lZ1noCfPPM3TUJmoUp7ODsiQfrE63mdhJplVgosbh5PD4H37+jl46KOzXQEOArDBLgVyhY1PxqiXtMQssa14CMa7LC97MKfGfwBd+OU+6d/WybrdHVK5KzqwOLOpPcunJ84YvV7zyoAd8RjpVL33jPK/x7ZyDwOO3sZ/epDviVS5pa4qZ0tAy/FvCtPviIl39vENG3y8Os/oq/P3h79LPMyr8S0TfVW63IQMBPHozSU9zjG+3DdzqE72+18lN6wJHya9XSNwbfAWLpjc8WY2R9X3mZ5oCfTPq42pOcZIbvNf3j7WsLn5cNs7xVD/DFS99ZORaf6HI7doFfXO0BfA1TZlZiNpi49NLSao8baw1+qWd2W8SfeeCT2vBvXbq3+D7i2jg+bxHRV0cM5KVPwO880jXVXtzbTAC05Gxv8LXYUnot/4AKvx9fLrRq6V1qf67920T0TNQI8zanmuDvEPFRkVqqvbi3sOwNFWBY9r4qiMeKJjX38q2wMzUmh3a84b8D/OIPpXeI6CtaxLduB+B3H8Ee1R7vMRx0vPLgiQKthx5WwfcXIvoGE/rspNNK5R1zJLx55SlUe2PxCvg91LdntRdHLFR+2qq+sxuBD9s150UJsC3CL/4Afp99s9pYGjjrXXOSzwpF72pvlt014+Sgx/uUnGjX2NByTcl7Ay0eeFjee22J65JrPcNvZLW3JJgXg15Bj+dA3E4TAEtvw7EEvw+I6Issfv8koi9pS6Ld7PEKP0/VXuqJlNzythQ0I+dF7ZMMVuAXxwfgG5lNrG+P8POytMgtcXOx1wDAllhZ2O9r8W8SIvYdJjcBdvJc85Kut84pX3mspcvZVdVT671tFm5z4dqi2us9AwT9eYGfp0/Y1GloSxU3E4Ap6NU8yTDTZsE0u2sSv14eb1ouVbBTew/w8wS+lK8t4EvdBtQzZ+KN/jita8fSCj9PudgJUeO6qU2ucRb17dlTso0A3xGNkltMchGMK5+4fetTDABfLgL4+/8V2Bl+rRWPpRQZCb5DhxaofHzr5MkTUXveyNti56iYB/+57zvPu1Eadu93xyB4OtgICTEDfLUAjCc9T+ARm/wAX3dE7NvhbvDztMyNwXec4I4EQIm+cdtg78jNfY2VPio+xezcCX4lE1NxSMSmpSb7SPClqr/U1knqpaKfENFnxZ7VNZzhe6llGm0q9WHb9rvAD+C7X/6OjmvuBupjwgQQnu3z9ZxUGiGj0aaempvva/QkmSGQxuXOSL9jf+Pqa2ZMU0vbYM/MbxHTCBmNNo3MSZN9z5wovQXydrCR2uOL47cinnyi8zcp9453qr+S11vNsCeMEZb4T7DBVsRklq+mx7EaGG/L3Bh8qaSzGsvaCaQRfHGcvMWkNpZLrrMYHIDvPlWOU94lCbRo0J450PM5YCx3FyVEzbDW4Ncz6Wv0WnHN2b5avNe3wrYVY/bMgZS2tXMC4FuRDQ1j1ga6YcjqS3smfbUREy/Mnahail0v2XrlgPTlriV2A34lailoa2UCeTvRvZqcHpe5qT3PmtxN6XroeeRYTb8AnwKYlZpQE+jSMVraez/RjbXTHq+WWF9d2+PDL7fErYUfwDcq6oP71TyZtJ7mjQwJ9vfu1e3x4ZeD3jEi4DcysxX2rRV+vfZ2FEp+atIZ+LDMfShZaa5eLXFTQaiBH6o+SzMssrU0oWa46g18IzbfZ8Rp1Bit36pXCr14P1E6JwC+URkwqV9poCeZk3w906yxV4yDZe696rEeJVXv2YeIJMdLQRYe33ucmS4ZY0V+YcwLBTQFzVvFh2Xup4nZUu21QC/e75PCthSWgJBCBbTAz9vhRo+NfIXpVGVSbbXXA3o1hx0AX1WY9V2kAX7ewMcnnLTS0Jc57RbVVHtnwGvVUXrYAfC1x11NDxrgh4RSkw7TDCmt9kZBr+Swg9s8++010wLjaaDV8AP4PGUbUUm1N+spF0kOetuPdpGVK+EnSToXQdjcydKqbfZBUC4PAb5NE3QV/HhCte7XbBoa826VQi8+fOBLUn5bSW9hruAH8PVWW1F/K+AH8ClKgAGm1EJvgCmiLlPv88NpvEg6241Ww2/F+LYjptN660+pXN1sjpWJzpxrtmoFfKS3FTQ7hw6GK2CtyjsT5Ax+K+bH8KBhgIcKzA5uz1eGI4ZrFJh1CrvCu+Bb+Bm5x7jCL4yZUGA2/HInawiSPgWuYBesxbJQX8xgkUABwE8gksMmEuChQnKYGDu5PBt+Xh9l054zx3LvKh9Q4WmPIuwrUmA2/IJxJXf5FzmDxmIFJLDDklYsJxpaVGAF/M4AGP5/lT0WYye1WQo6wE6qKNptocBq2FzdX7XaNosBLgHd4R+WsxYjDZubFdACmCsIoiJMh7kWdDioaJ426GAHBbTAj2uZA6G3SqUGcljC7jA74cNQBTTCrwSEOy3dWiCHam7oNEHnOyqgHX41IIyv0Xa3fi3kjmoOoNtxJsKn6QpYgl8sTu5GXImYxxK7JyAPuLXsVY6wS6IH2kABNwpYhl8qSD2AODP4gNxMtTEWFGAK/A+76K+ebQvPOwAAAABJRU5ErkJggg==', '2025-06-21 20:10:08', '2025-06-21 13:10:08', '2025-06-21 13:10:08'),
(46, 8, 'Andi Budi Setiawan', 'data:image/png;base64,iVBORw0KGgoAAAANSUhEUgAAATYAAAB8CAYAAADjCJwXAAAAAXNSR0IArs4c6QAADP5JREFUeF7tnTuuZzUSh9108woIkIiImJSEiBhYEUuABRCwEtYA7AAJTYREwiSjCQYJIaEZXm79jdzGz3Ncdtn+bnL79vWj/Kv6f7f8OD5PDF8ogAIosJkCTzYbD8NBARRAAQPYCAIUQIHtFABs27mUAaEACgA2YgAFUGA7BQDbdi5lQCiAAoCNGEABFNhOAcC2nUsZEAqgAGAjBmoV+L8x5lltYcqhwEwFANtM9dfq+/eHucTMWn470lqC9Ei3Nw/6N2Oen3m0cHupuTYVUGCwAoBtsOCLdgfYFnXcqWYDtlM93zbuncD278fQ3wokIBNtiwnVpQGbaveoMW4HsLkx5ER164i2DKBTE37thgC2ds1OrLE62Hyo+fD6jzHGZW6xzwKgWzTaAduijhts9i5gK21+/GCMeTuz+wvoBgfe1e4A21Xlzqp3CthCr9aCzgLv6VkhoXu0gE23f7RYdyrYWkFny1ut7Begmxi9gG2i+At1DdjizipldIBuUpADtknCL9YtYKtz2HfGmH88iqZ2VV1G960x5r26ZinVqgBga1XszPKA7Zrfa0Bn1+d+fTT/T2B3TeiwFmDro+PurQC2fh52EMudkwN2N/UGbDcFPKQ6YJNz9DfGmHcfzeduT7Gw++VR7nU5c/ZoGbDt4cceo7DXEtmvWCaRixP/bFfMDgvFkdcdOQjbzMj1G/u/HppJtVELu5+MMZ89jPjy8f0rKaNWahewreStPrbGADYiDhwApUHnZ5eur9XAFvP018aY940xrz5uWilFgwOd//0Y6I0I6JID+L28AhZmNhOrzbzczp1vmTuXFbbhQJnK9uz/px5XkoCctcfZamFq+0jZLq+8XA9fGGP+ZYyxj4XZrw+D77GebZkj4AbY5AJvdssOZiFY/KmjA1jNVPHuRZOurzDmSo85terogy2se1K8f+DBzoHvo1YxVy1/kqNX9VGr3bHszGUuNQBL9dd7OhfettELcA5sIYh7td/qD8pPUACwTRBdqEspoDlze4MtbNf+7GB058ogH2yuHWu7xLRXyJU0e1cBwHZXwbn1UzCzVvX+IEse+eiZvUnaOdfb9F6tAGCrlkpdwRgMesPMH3QsE+otSg/AAbbeXlmwPcC2ntPCxfEe62c1Kvj9SseNDzj/PFqNnYCtRqXNy0gH6ObyDR+e/4GfsRh+d2e0RbCrgLpar8U2yipXALApd9DDvHAtbQbU3LqdjZnWLOqqyg6kLf1JbXJcHQP1JigA2CaI3thl7MDpnWMbjd2/UHw0NK5kX6NtvKMndYUUAGxCwnZqdvbUMxzGFdDclaIVVK3l79pHfYUKADaFTnmYpA1q1qwRO6OhR1o3LUauA+qNnsMtA2w6A8DPjCSPcLSOvhUyre2nyrdkioCtl+oLtwPY9Dmv5UM8w/oZ4PCBWtpImGHfDD/QZ0YBwKYrPPzpp1bfzFrDqgH+jKmyrgjCmucKaP3wnOieO4dSR+o1C2w1WRtgGxkJivsCbDqcswrUrFo5sFmwSB5FKWVtpd/r8DZWiCsA2MQlLnawEtR8sIWHhEdBJQfWUTYUnUqBuQoAtrn6rwY1q1ZqujdqfTA33QRsc+NZTe+AbZ4rNJ5Tq1GjBmylncuafnJlUlkbYLur7Cb1Ads8R7pjCbOe+7w68tRZtpGgTgFs1sbGVS2pJ6QAYBMSttDs6plF7KwYYJsTS/QaUQCwjQ+LUWtRkiOLZUaATVJx2m5SALA1ydWl8KpTUH/wJbDZspKxlcp4eeqgS4iu34hk8K2vTv8RrD4FdYrUgE1yAwGw9Y/NrVoEbOPcucMUNASbv/ERu7L8ztumcp5J7cySsY2LZ9U9AbZx7tlhCurUKoHFlpPc7Y31z+NU42JZfU+AbYyLdsrWrGI1Z9kA25jYohd2RafFwC5ra6WMzQe45AZC6qXI9g+1JFCnBRAdtylAxtam15XSu2VrToPSWTZbTmoDAbBdicSD6gA2eWfvlq3lwNa6gWC1sV+tmwyATT5ul+4BsMm7b9edutiRjxawOV2ubjSEuu76B0Q+QjfsAbDJOnXnD9sdsPm6uBhsXRtLgU1q+isbKbTeVQHA1lXOvzV2Gthc9uULEYsxXxf776ePCi1QAmyysbt064BN1n1X3mQua1G/1kun/+3YU2+ND9fIrvwBCMG265S/n8cOagmwyTp75w9b6ZBuC9j8TK82awNssrG7dOuATc59u5+EL4HNAspOMVNrZ3cX//36u2stF6WbtgzY5Bx7ZXolZ03/lu+CLbb50DJ1B2z9fbpNi4BNzpUnZBG5Q7ouY7MK5zYQ/Kln7R+DHmt0cp6n5ekKALbpLljagBLY7MHb1AZCafMht9YG2JYOG3njAZu8xjv3kLuXzYIpB7bSg/S5c20hFGszvZ19wdg8BQAb4XBHgRLYbNstGwjOltJaWwpstTuqd8ZM3QUUAGwLOEmxiXfBFqtvh1vKwMLf73ysRrH79ZoG2PT6ZgXLYgAKYZWDTgps/jOnsSyspY8VdMTGzgoAts6CHtZcDmxujSwFr1JmlsvaANthgdY6XMDWqhjlfQVqrg/KgS13JCaXtXGGjTjMKgDYCJA7CtSArXSer2aqGu6Q+nVK63F3xkfdRRUAbIs6TonZPcBWk9HZ4bq1Ns6wKXG+ZjMAm2bv6LetBmx2FDVZWeqoRpiRATb9cTHdQsA23QXLGxBCKwe73A5n6kBu2F4KbJxhWz6U+g0AsPXT8tSW7oKttAbnZ3z+0ww1u66n+uT4cQO240PgtgDhGlnry4xrwOb34R7TcmDjcO5tF+7XAGDbz6ejR3QXbKU1OPt7H372Z//9oYBttMcX6A+wLeAk5SbWgK0ErxKc/DNt7mZe+929LyH3wLxy+TBPQgHAJqHqWW3GzpGVrjN6FkiUO/Lhivr9uIwNsJ0Va9WjBWzVUlEwoUBsjWwE2GIbCTgJBZ4rANgIhLsK+NNE/x2hYXzlNglqnh7w67vLK8ONhLtjof4mCgC2TRw5eRg1b4yqeS40t1bmAzRcs2ONbXIAaOsesGnzyJr21N62kdokqDnyYZVx/YRg43DumnEjZjVgE5P2qIZDsJUukIyBqLQzGgObi1/AdlS4lQcL2MoaUaKsQO1V3bndzxqwxY59sFZc9s9xJQDbcS4XGXDt85s1Gwil7MsB0J1nA2wiLl27UcC2tv+0WD8TbGwcaIkCRXYANkXOWNyU2OWPLWtpNUc+/E0DJxdgWzxwJMwHbBKqntlm7EH1mhexOLVqdkb9XVHAdmacVY0asFXJNL3QJ39a8Kkx5kNjzFfTrYkbkLuBw6+Rysyugq20JqdULsySVACwSarbr+3vjTHvGGP+a4x5s1+zXVvygeUW9GPTxBzASjujsY0DwNbVjXs0BtjW8OPHxpjPH6b+ZIx5Q6HZuauFQnNTAKu5Qty/1cMBVKEcmDRTAcA2U/22vl3WZmu5Wy3aWpAvHWZUqYX91Hm2HNj8tv3xE8Pyfl2uB4JiLZf9bIx53TPZfdjtw+AavmJXC8VsawWbv2lAzGrwtHIbCBLlDkqYF+4OagFcLdharw+vPQqypjexursCgK27pEMb1Hb8IbxaKLUG1gI2srWhIbVHZ4BtDz/GMrgfJ+yghlcLWXVTu5Yuy3S/T2Vl/tqalin3HlGz8SgA217OjQFuNAwciJyypRch58DGFHSv+Bw2GsA2TOqhHc0EXNh3CWxu5zQGMbK1oWGzT2eAbR9fxkYyA3Cxm25jWWPqwfkc6Pb2FqPrpgBg6yal2oYs3MJFfMkHx2vBZm1KPTjv3mWQ2nxQKzaG6VAAsOnwwwgrRgLOX2fLQTT14PzThyCSAB6hOX1MUgCwTRJ+YrcjABdOgVNxFjse4i6QBGoTg2T1rgHb6h68br8k4Go3EGLHQ9wUdfRu7nUlqalOAcCmziXDDZIAXAis3A0csUPG3NgxPAz26hCw7eXPO6NJAc62eSV78tfZWsDGFPSOF6n7t50yJEEBq4B90P41Y4z/R+/Ks6h+JlazgcAUlPjrpgAZWzcpt2zozrOoNWBrORqypcAMSkYBwCaj626tXpmmhu8ADaezIfhsLDIN3S1yJo0HsE0SftFuY4BzU8hwLS7Mxlys/c8YY8+puZ/9Jw1s+88W1QazFSkA2BQ5YzFTYtNUH3L23+E6XfgzIFvM6auYC9hW8ZRuO1OZXMxqm6HZXdKXdQ8J61ZWALCt7D2dtv/yMMuBy8WYhZkF4Cs6zcaqnRQAbDt5U+dYuHpIp1+2tgqwbe1eFYMDbCrccJYRgO0sf88YLbfgzlD98D4B2+EBMGD4/rEP4m2A4HTx4nY8eqCAlALhi1uk+qFdFHiuAH9BCYQRCjAdHaEyffylAGAjGEYoYKej9pGqK7eEjLCPPjZTALBt5lCGgwIowFSUGEABFNhQATK2DZ3KkFDgdAX+AKpRwaoqPKZNAAAAAElFTkSuQmCC', '2025-06-21 20:11:27', '2025-06-21 13:11:27', '2025-06-21 13:11:27'),
(48, 9, 'Angger Setyowibowo', 'data:image/png;base64,iVBORw0KGgoAAAANSUhEUgAAAR4AAAByCAYAAACFiL5DAAAAAXNSR0IArs4c6QAAC+xJREFUeF7tnUvOdkURxwsBL0GjJuJAHYFjd6DiFtyBCyBxB8qMoSQuwJFDnTMCd2CcapyoAzVRojHeUN7Cp7Bp+py+nL6f35sQvu99+vTlX3V+X3X15XlG+NlZgf+IyDOPAf5XRPTvzwUGbOXePfh8Z40Y2wAFzCkHNE2TjRXwofOxk/YUSvqDPzQ2CtXjaDv7QA50VAfAs7M3TDg2/oWb0CgXu5QLHcBzUXAez1cA8ORrNusT/xYRnU6ZTVPzNfrcs4+o52w6Nuu46deCCgCeBY0W6LLBw6KXHIAAnj18YKlRAJ6lzBXsbMnUyq0I8KzvA8uNAPAsZ7IPdfgqdLQyq0MTzDmR0trK0fuhCgCeofJfatyFTmo+J9Qg4LlkBh4uUQDwlKg2/pkakY6NAvCMt+ftegB41jP5lUQyEc969t6yx4BnLbPWho6b47kyXVtLRXo7XAHAM9wEyR1oAR3Akyw/BWsqAHhqqtm2rla5GA6ItrUbtQcUADxruEUr6BDxrGH/7XoJeOY3qbuC1cJeHBCd3we262ELR95OpIEDqrVX52wIgGegge/aNOCZ1/I9oKOjBzzz+sC2PQM8c5q25gbB2AgBT0whPq+uAOCpLunlCntCJxTxaPv6w7mty6akgiMFAM9cvtFqr05OjqflCtpcatObYQoAnmHSf6ThEdAJRTxuP3L8Q58LXSQ/j8L0ZBoFchxrmk5v2JFR0DlKLpdsKtRcEVdrbOicLYYEeFqomlfnSOgcgafkcjCS1Hl2v3VpwDPW/KOhczatygVJbvmxytP6UAUAz1D5P9hDM2qKchbZ2HRLyzyfIBPgSRCJIv9TAPCM84QZVo8Azzj737plwNPf/KOnV+6IU8CTEo2V5IT6K0+L0ygAePqaYibo6MjPgPHPxxQrBTwzRG99LUlrlxQAPJfky3p4NugAnizzUbimAoCnpprHdc0InRh49PPUhHHJvp8+ytPKlAoAnvZmmRU6KeAxoPxLRD5+IlUqoNqrTQtLKAB42pppZugAnra2p/YTBQBPO/fofcq8ZCSx1aiUpHHp2a6S/vLMJgoAnjaGXAE6KRFPyspWDF5tFKbWpRUAPPXNN/v0yh1xDBop4EmJis5UJjFd3wenrxHw1DeRJVpT9r/Ubz2vxhh4tLZY4vgKeHpd75qnCqWbKwB46kp85SWs25O02kaDx6CmvcUX02y2RSmMXc+Mq0HHRp4a0ei06xMBua5MlVaKDut5CjXxr0wlH2j93VeVuhms5ip4Ys8f9Z1pVkurTl43Ec91A63+AsXAYeM7inhizwOe6z62XQ2A55pJV4fO1eRxSo4opLCrm/WBb7W45otLPQ14ys21yl6d2AhjF36d5a5K81qAJ2aVzT8HPGUGXmmvTmyEMfD843FOK7Q9oBQ87mqWG3Xpn4l8Yhbb4HPAU2bEnVZjroDHdHg346tt/GjHn+7l1FVmPZ4argDgyTdB6b/y+S31eSIGnr8/ltFDEY+fWP7Jo8ufF5FvHXTfn6KaD2pd+ucVNl72sczGrQCePOOuvGweW106e+FDK1duYlnr9n3pRyLynUCj7jTLYKPFNNJ5FvDkOeSqpQFPnuV2mmLZyFMiOBc8v3w8+FIANlpO/3tTRF5/inre9uR1c2OhKZaCx4eY9k9/yP3k+erUpQFPunlSXtD02uYpGTsIqqAxyLgRio1Af/cLEXlHRL4RGVZoNctAoxGPwkV90s3z7Aj7eaw/qCeAJ134XV+AEHh+IyJfCkQfLmwMGDk5mVzw6M2H9n3sbju/F5EvPAD1VxH5wROwXks3JSVHKwB40iywa7Sjo3fB409zXND4kUjJGS0X3lafRTnudM4gE9or9acn0HwuYLZXAlO7NOtSqrsCgCdN8h2jHYsaQrCx8f5ORL4iIiHw5h6V8PM71q6bpNZ23ASzHyGpv7p90Wf/IiI/FpFX00xJqRkUADxxK+wU7ZzBRpX47UMOhY37UwM8bh3md/p//9iFuzfIks1+5HUUmcWtSYkpFAA8cTOsDh6dmnz2YAVKR/9HEXnxIcORP/xNRD7lLXXnRjw+eNycjT/N0u64+3r8fuXkleIWpkR3BQBPXPLcFyxeY58SIeDYWBQ2X3S6YVA4OoGu05lPVwKPG73YErmbL3JzPrah0PVToNPHf5q2AnjO5S09fd3UaJHKFRIveBGOvqw+bEJTqR7gCe1QdqMhfxpl8LH+4rMjvatS2xhxL/D4q0C6t0aPL8R+RkQ87l6dUILZplsuiDjHFbPkIp8Dnr3AY1Mp3dvymQwfTAWPC4HcKah7VMKPalzIuJsUdR/P8844mGZlGHXmooBnL/CUJsLtOb0C45MHkvigqQ2e0Kl1Nx/EAdKZSZLZN8ATFyz3BYvX2K6EbQa0CCL1fFMKsGqCJxS5uNOtUDJ5JTu0s/AmNQOeuCFXc/ijYwZnI00Bj5X58yNvlKNL6HDoGRRDtwDY7/7grcjFLUiJ6RQAPHGT5Lxg8dr6lMi9IfHszh3rcU/waJvaniaTLcdj7esmR3+DYx9VaaWaAoAnLmXJmaR4re1L5MCnNXhCh0NTp4E++Egwt/ed5i0AnrjEKdOQeC1jSqTCJ7Qz2e+xr0NOJOiDp2RZXE/Mf5mLwsY4Uu1WAU9c0RU3EbqjSoFPCnjsVLhFHFfAU+p3BrBfichXReTXIvLWwU2HcctSYpgCpQ4wrMODGnYPLtr9MIO6UtRsCnxiINEDpnqmayR47LIwywHpdE3Bc3S/c5FYPNReAcCTpvHK0y0bYQw+ueAxTVJ8KHS9RZryHy3lrtodHfEorZvnOimQ4jSdujJ1M+5LW5KfmGVwZ/CJ7Xo+inhS9PCPcuQmlkP66TdafHsWYelHngKAJ12vHaIeHe0RfGx8R8ctfPDkrPa1AE+65Sg5nQKAJ88kOS9bXs19S/sb+tyL1o+Wq/1VpRwtAE9f+07fGuDJM5H7wu6gnQ+Es/NQgCfPVyh9osAOL09vA+8y5TLdUjf36dfcvOysahHx9Pa8jdoDPPnG3CXR7I48ZdUJ8OT7Ck8cKAB4ylxjt6hHVYjlYX4uIl+rEPGkrIKVWYWnllEA8JSbypafdzo7dDbtAjzlvsKTngKAp9wldp5yubcAGlh/JiJfJ+Ipdxie/L8CgOeaN+w25XL36qgyrn/oFCn0ZXspU6fQ/TrXlOfppRUAPNfNtxN8/E2CGtXZ182YUvo7vSOndFULn7vuc8vXgBPUMeFO+Z7Qma1Q4hnw1PGdW9YCeOqYPXYAs04rfWo5uunPh49NxWpOtb73VOn3n06cv/J04vztPsOllREKAJ56qu8CnyPwqFL6WSj3E7sqJCXHY9DR+hU+r9UzDTXNpgDgqWuRHeCTctNfbl4rdtQE6NT1w+lrAzz1TeTDR1uocQ1E/Z6Ga0wBT25fYuD55iPK0UiHKVauuguWBzxtjOavBlnCdhUAxS4FK1GtRZ0l/eCZCRQAPG2N4O8E1tZW2Ols/ba7jWuoZPmhVeBbY8zUcaAA4OnjGqsByK4XtT07fVSildsoAHj6mnoVAPnnsvqqRGvbKwB4xpg4tCw90xQM8Izxi9u0CnjGmnpmAJEMHusbW7cOeOYw74wAsmnhT/k2hzmcZKdeAJ75rBm6E0d/F9sdXHskdgE84KmtLPV96NoD5JhLgRCAtIe9lqNtZeuHIvLqXNLQm9UVIOKZ34JHK2GtoyD7rvTvisgb88tED1dSAPCsY60QgLT3rXZFc1J8Hd9YrqeAZzmTvf9NoP7lXDYKg1CtKZmeoeLs1Ho+Mn2PAc/0Jop2MLQiZg+l3JUTbYACKFBbAcBTW9Gx9Vk0pL04+1bQsb2k9dsrAHhu7wIIgAL9FQA8/TWnRRS4vQKA5/YugAAo0F8BwNNfc1pEgdsrAHhu7wIIgAL9FQA8/TWnRRS4vQKA5/YugAAo0F8BwNNfc1pEgdsrAHhu7wIIgAL9FQA8/TWnRRS4vQKA5/YugAAo0F8BwNNfc1pEgdsrAHhu7wIIgAL9FQA8/TWnRRS4vQKA5/YugAAo0F8BwNNfc1pEgdsrAHhu7wIIgAL9FXgPav8UoMhKs9IAAAAASUVORK5CYII=', '2025-06-21 20:13:06', '2025-06-21 13:13:06', '2025-06-21 13:13:06'),
(49, 9, 'Dedy triwibowo', 'data:image/png;base64,iVBORw0KGgoAAAANSUhEUgAAAPYAAABiCAYAAABj5S6dAAAAAXNSR0IArs4c6QAACDtJREFUeF7tXTmyZTUMVTddEFFFxALYACsiJ6FIWAAsgYCYiJTNkBKQkBEQkDDTpq5BGM+jLJ0fdb93besc6VxJvsN7QfgDAzoZ+IOIXgTQ/iSilzrh/hdVCNwCZmC0wQCEbcPPQGmEgd+erGw2Wzs/I2MbiXYjMJ2o30hgNVOGQ9hGot0IzJyozcU6MraRqFcOk4vaZWbTZbi5s5jy4LYKLxR1LK7NJTBzgK1Gv2LcLkO7P99D+/97yKZ6aw8awlYc8Qag+UtaXrymL3Fxf0PYBqJfKUQuYh/HEPbjbAhbadQrh8UF/DsRvWLleAidf6+cln/hQdhmXK0GaErUsWxtdoMYwlYT7+qB8DvKXE/thOwztQMPYbMQgLDV60EFQC7a2C53StQmd8TNlikqQt0GiFCwKaHGLnG5pAVh24gToLyIgTBLh6U3h8KF7f/thG1y4wwZ+6IoN2RqqZcOqQjvEfeZ2nR8o8c2pJgLoJZ66RiEWGZ3T3iZLcNNn9EuCHJrJvaI2nHEy3CXqMK70azx+DdeZGyTbhcHulfUsXEQNoQtLsCtGRT2x62bXeGmmXufGd88s8bnP3iRsc26/jjw3iztDY+N5ycK07FtGvzx0LZpQPhOst5NLpThmfiBsG2K6xTq8KUIuWvTJRvDTTN3PPrrhzUIuxQ++H4WA6OlN7cjNRf6awh7VrxingIDs0pvvkwsW6O/ZgwhY0OXKxmYWXrnNs1QhgdehLBXhrXduVdkaS5ezyyPX/TXyNh2FbcBee0TWT2m5Pp09NcQdk9MYUxFL81/haP3MlZqmdjDHmF5PnvNa52OUvxa14kxPFZ2j1zGSgHLZWuU4eixxQhCgyEtz0yP4o3thPs5/Xe5W1L9CQg/ozvqCYxXy8CqzbEcYeEPA/Bja/rrmmPUOAyluBpXbgOyM0t7UL6/duL8gIi+YmhrynBus4mYNwFyW8jrXmjlbneJuZx4W4Tds7n2JRF99/pJyM9KRkr6HsKW5A2ZtuzaHMuhrxF2rr+u6cHD9T9+/cGnRPTO88VVWrnKWJlxr9qqE2V3jNBcf1zqnX9l7x8vxfvXRPQ9EX3Ixvz4CPzzmzxdAnoTFtg6l4GZD22MWJbL1rz3Tu1215Tqzr6fiehNZqib+xMiukrQ3n4IeyTkdI49seM9WobneueSsL8lovfY24TcXF8Q0Uc3uxfCvtl7821f8dDGqJW5/rgkWrd2rlR3fbnP9O64b4jo/VGDJYyHsCV4QYYNUkpvzkbpMlWpv67ZdHPrueP47bAyPDJgBYQ9QJ6ioRJF7QWX+qmemuevUze1SMU7LaQg7GlUXjlR2E+3viV0NehcRi6V4Vy8vxDRW4+x6kXtcELYq0NT7vwS++lYGZ7aGPMCTZ2MwjL+5A0226MAwt5OuYgFb8hapYxc6q/Dd477WHef/0BE74rwxCIjIOxFxAqe9gZRl3azS6IPs7OfT72gfdxB2IIVuMA0HvDS+umeMrxUpvs5e+4RX0D/vikh7H1cn1yp9adpT9pa2g0vZXP+/U8PkLdPA9q9PoS9m/H964WbZDe8aGDGbri5LM1DC8LeL7SdK97ST8fKcPdZLD5r+2sIe2ekYa0tDEi737sFdEm4uWxec9NKiy3XHouMfa3rkoZLedSyl9kR4ZZOCr02XTcOwr7OZVmDbyy9Y2V4abc79X3PCxV0RcCDBsLW49ZbLmXlGC9l3Jpns1O9uR5PVyCBsCtIuuAQDaKu6Y9HH+G8wJVzTISw5/B4chYNonb8lbK1O6bmFUmSb7zZFicQ9jaqly2kpa8s3ftd82y16UtcPMIg7GV62zJxTZbbYsjgIjU4IOwGkiHsBrIEHlojCIFm/8+kGhy5xzRL2f4GDqbaCGFPpXP7ZFoCugZH6piak8J2x5xeEMI+7YH+9Wtevds/+76RNcLM7ZjXnBT2oRGyEoQtxBEdZmgQNhdsbjc7Jf6ak0IHtfcPgbDv9aEGYdcKM3UcsnUifiFsCPskA7kNMW5XTNi1J4WT+I6tDWEfo3544dszNr+xphSHsWv1EHYmhEqEDkcfJljGwO3CTr3zO0ZYrORGGQ5hLxPXyYlvFnbtppnnNxQxsnUh8pCxT0pzbO2bhd0qzFDYLdl+jOVLR0PYlzqOiG4VdquoQ5wtvfm93h20HMIeJPDg8JrHHA+al1y6NdumhI0HPtBjS4zvKTbVXi6astiESVqztVuSj3H/9r+KiaQEYU8ISZlT3CbsnkdMubCdF1K/vinTQ4eswlnvEPGTlu3JgJOWbp6m11Y+zscr4ha74s0BeNOAmzbQWntr7we+WeY+Q29dEaE481WQJPyQG27U6M3WvMf2boCwKwISwq4gSfghN/TZPb11KmMjZisCEiRVkCT8kJFsuAPaqH28FEe2rvQYhF1JlODDpPfZvb11LGMjXisDEURVEiX8MKnl+Gi25j02snVDEELYDWQJPnSGgGbCC3eyR+JMGraZPC2ba4TwZUZh4mYGWp+Wal6gcYAvv92w0UzrhY1YbXACyGogS/ihUjIbHtIQECgQtgAnTDKBZ+3RLNlrEnawe5mbPA7Cnkzo4elCYbn/v1pkkzuRuL+Xz/3bfhlfhrvP8XeIAQj7EPELl43dgjlzuVzMnKoUZuJTMReErcKNURChwFcgdUJeWRWssNnEnBC2fjf7knkW0lWl/Sz7ME/QG4EQMAAGlDCAjK3EkYABBjgDEDbiAQwoZADCVuhUQAIDEDZiAAwoZADCVuhUQAIDEDZiAAwoZADCVuhUQAIDEDZiAAwoZADCVuhUQAIDEDZiAAwoZOAvrVUKgQQ2N6AAAAAASUVORK5CYII=', '2025-06-21 20:29:18', '2025-06-21 13:29:18', '2025-06-21 13:29:18'),
(50, 9, 'Yoyok', 'data:image/png;base64,iVBORw0KGgoAAAANSUhEUgAAAR4AAAByCAYAAACFiL5DAAAAAXNSR0IArs4c6QAABx1JREFUeF7tnbvOJDUQRr+FFQiEAJHBCyCi5U0QOWQkPAESCZeAgIxoSYgghYchQuQIIu73y4K8GrP+rbn2uLtcVWcShHbaXXWO9anb/rvnlvhAAAIQ2JjArY3Px+kgAAEIiOBhEkAAApsTIHg2Rz7FCb+V9LSk7yU9M0VFFJGKAMGTSvf/zd6T7l/t/ivpoZwI6NqSAMFjSf/4uUsolM8ajurYa40/L1Uqm4LAGpN6isacF/GYpF93Pfwm6fGB/fwt6eHdeP9Iuj1wbIaCwFkECJ6zMG3+pRIMJSDKZ/TtEFc7m+vkhD0BgmfOOdEGT6mwrMO0gbG06h8kPdkcjP+lJDnuKgJMvKvwrXZw8VIWgOun3A6V26JrP3VRuY6D/2uJcvwiAky8Rdg2OagNiVHB0141jb6F2wQKJ4lBgOCZ12O7CDwiePqrHRaW53UfvjKCZ17F7TrPiJ2tfo0I9/O6D18Zk29exSN3ttqrJ9Z35nWepjKCZ17VffCU/1+6s7XvONzP6z58ZUy+eRWP2tnq13ZKxywsz+s9RWUEz9yar93Z+knSE7sWS9hU399Ienbu1qkuMgGCZ2677dpMeWyiLDJf8um3z6tvvF9Cke8OJ8AEHI50+IA1PC7d/m6vlsqx5a+fCZ7hehhwCQGCZwm1bY9Z8mxVecC0PGhaP/UVGKzvbOuOsx0gQPDMPzXaK5dzfO0LnRo45b+XXjnNT4gK3RE4ZyK7aypYwW2QnAqNPnTqHx62a0U4DzZBPLbDJPRh7dzbrfZ77V87X3rV5IMKVbolQPD4UHfO6yza0Pml2UZvb7P4+x0fvsNXSfD4UXzsIc82dPbdjtV//1rScwdaflHSS5I+2L0E3g8ZKnVHgODxpezUIxP7rmj626w/JD3StP3pLnDqK1DfkfS2LyxU640AwePNmNTfdtUODt1GtWH1pqT3DrT8p6S7u9ApP3vDBwKrESB4VkO7+sDtlcyx12bU4Ol/taL8tlb9Ta2PJL22esWcAAI7AgRP/KnQBk/1zSJzfO9Td0jwTK1nSHE1eH5udrrelfTWkNEZBAILCBA8C6A5OuSrZherfTod744kRiyVCRjR6oOeeBdPbL9uuyN43Ko7q/B9wfO+pDfOOpovQWAlAgTPSmAnGZZXnk4igjJuEiB4Ys+IPnjYzYrt2013BI8bVYsK7YPnu+ZvdxYNyEEQGEGA4BlBcd4x+C2ted2krozgiauf39KK69Z9ZwSPe4UHG9i3o4XvuL5ddcZEdKXromL726wfJT110Qh8GQIrESB4VgI7wbCs70wggRL2EyB44s6M/je1ys/b8IHAFAQInik0rFJEGzwfSnp9lbMwKAQWECB4FkBzcsi5L4h30g5lRiJA8ESy+aCXfisdzzE9u+2KCelW3dHC2610HpOI6dh1VwSPa30Hi29vsz6R9GrMNunKKwGCx6u543WzvhPTa5iuCJ4wKm800r5nmW30mI5dd0XwuNa3t/iPJb2y+xfWd+L5DdERwRNC440mWFiO5zRcRwRPOKU69XPG8TqmI3cECB53yk4WzMLySUR8wZoAwWNtYOz5f5f0aDMkfsfyZbRBBJiYg0BOMkz/Dh78TiKGMm4SYGLGmhG8CiOWz7DdEDyx1BI8sXyG7YbgiaWWd/DE8hm2G4Inllq20mP5DNsNwRNLLVvpsXyG7YbgiaOWHa04LsN3QvDEUUzwxHEZvhOCJ45idrTiuAzfCcETRzHBE8dl+E4InhiKP5P0ctMKr8OI4TVsFwRPDLX9+s6Xkp6P0RpdRCRA8MSwym1WDI9puiB4YqgmeGJ4TNMFwRNDNY9KxPCYpguCx7/qfn3nC0kv+G+LDiITIHj82+U2y7/DdB0QPP6VEzz+HabrgODxr5wn0v07TNcBweNb+V+Sbjct4NO3zzTVM1F9q+bBUN/+0lZP8PhWzza6b39pqyd4fKtvg+dzSXd8t0P1WQgQPL5N88ZB3/7SVk/w+FZfg4en0X17TFc9weNbeQ0ePPr2mK56Jmw65TQMAXsCBI+9AyqAQDoCBE865TQMAXsCBI+9AyqAQDoCBE865TQMAXsCBI+9AyqAQDoCBE865TQMAXsCBI+9AyqAQDoCBE865TQMAXsCBI+9AyqAQDoCBE865TQMAXsCBI+9AyqAQDoCBE865TQMAXsCBI+9AyqAQDoCBE865TQMAXsCBI+9AyqAQDoCBE865TQMAXsCBI+9AyqAQDoCBE865TQMAXsCBI+9AyqAQDoCBE865TQMAXsCBI+9AyqAQDoCBE865TQMAXsCBI+9AyqAQDoCBE865TQMAXsCBI+9AyqAQDoCBE865TQMAXsCBI+9AyqAQDoCBE865TQMAXsCBI+9AyqAQDoCBE865TQMAXsCBI+9AyqAQDoCBE865TQMAXsCBI+9AyqAQDoC/wHg2bdzy7gXmgAAAABJRU5ErkJggg==', '2025-06-21 20:58:07', '2025-06-21 13:58:07', '2025-06-21 13:58:07'),
(51, 9, 'MIFTAHUL HUDA', 'data:image/png;base64,iVBORw0KGgoAAAANSUhEUgAAAR4AAAByCAYAAACFiL5DAAAAAXNSR0IArs4c6QAAD61JREFUeF7tXVuubkURLlCI8RIk0QcMD2h8NU4AuQxBxwGBGQAzgMg4nAIEnYDxVYQHYgghAUJUvLvr+BcUtftSfa/uVTs5Z+9zdq/urq+qv/VVda/1PwT+5Qg4Ao7AZAQemjyeD+cIOAKOAFyBeP4FAN90XzsCjoAdBE4nnv8APCDXfzv52Ak6n4kjcDLxEOn8FwAedlc7Ao6AHQROJR4nHTsx5jNxBO4hcCLxEOmgsSfa52HsCGyPwGkLk5OO13W2D0834FQETiIeJ51To9TtOg6BU4iHk46VYjJu4/OvUIE7hT/aof1C++WXHyHQouftpiNwAvHMIh1OJLFdsh3wjBEa4uhkNX0JXnPAHRZKyjOtpENkMoJIUguc2xRb7FIx4TUlxwJafCvn7qR0TX4YZnVLcA6blLJjLemElEqN3Roi2UExpJSbBpcQKaHLdrBdGVrebDQCmkAbPYea/nHxfON2IdV0QuolZ19sEdGcrrqYEEuprnJYEmYcU1dKNdF9gWu0wWQJCkk6OLecHXIx+B263qOx9LTUB1cl9XrkD7oyFywrTS1VME4uK7311dhSLeVijPzm6siG/6bMIhcUoydRSi5SztM2st89R3uqvX8NIREJlRTR22fmPUxHYCXx8OJwyHCpYDAYab4r5z3dSYcPSITEfWrlLNbh0K8zb+UClofecuqFiMiDcl28jB5Zu1M5eh7e/2AEVhJPiWn+4GcJWnu3De1Y7m2Rz/4eArsRj6udawQxJx9/2PdAn+9APK52Dgw8hUm7vj3yHQB4OmCfXGsfAsATChyObLIT8bjaOTIEo0ZRTc96jCLR4BeSTelc3weAH1/Lrf+3thSo2Ri52pmNuJ3xrBPP7wHgZ4E1RPP+HQB8zOD8Ffv5PQB46vbvNwHgRTuwz5nJLsTjamdOPFgZxfKra/8ZeC4N4xOJBr+eUYLIycf6OlSapG9m2WBeYLQ8Tz3a3lKDgMUt9T8CwE+EukGy+QMA/FxjVKTN3wDgWwBwOdVjeUFbvus1xJpfGkFAHiS0onJxV42fpO5BOAjBSwDw+g0Ly+twSMBaNth6jj/EIRfsNEQ4Fp7bkiqnF+GQi98CgOfu/rwNAM9fze9WicfVzjUiUT42Y0XlyHTvTwDw084uoRvrywDwRue+zXdnlXhc7ZgPnaYJWlU5aBQnHfyZ3vvUZLC4mNTOp3ek83jPjnfpyyLxuNrZJXrq5inVhIW0iizhsTdC5XiaZbio5WqnbkFbv8pq8ThEOiNfy/HK3YCvGl5/U+LImuJxtTPF7VMHsZxWSdLBf49eE3RjRfJ5baonDA02GuRSU514ShGz236n9+x8BAA/ZFCOKnKT2rnkThYPVWvEQ3cDfyLZLqGkZhYiG2yPfrVUy4nZIOtPn3Uu/rraMZhj+kllJxsLCMTejCk/keQvAPC9ggmT2rl0ikV4WVI8nmYVRPHipvz9yfKVpTsomxx8mHr9oODmLEnpCwD4Nhvk2dtBwRk1pJxtJn5viXg8zTIREtFJ8BfzS7LBi04gnJQHPgGAx0SD3PrhhIRtXe0UsPms5eDb6LOQLhtn97pNmbV1rT8HgO8UkBLG+j9uD4jWjbj5VTnGnmWep1ljkc59Rnxs9FB8eOFf76u/CnIJ4XnJj/Rx4tEH0Q4taz+nrMY2WdcYeeiuZn5Wr8H6z6OR80KXISErxDM6zfoAAH4k0stdF04NuXBb+ccKEVnIOJDY8EWcipnLLJxOrEYkFCo6jzpL1Gnqbd1YIJ5RaVaIbFJoWXN0L4IJfcpqj7qNnB+PJU/H6tYl3RRCxfujFOWpxBM6i4HE8mcAePIWE7Et01UEFNuiliEcUi+aj3DuQTa55TTqJpIb98Tfx2L4CAKyQDy90yz+xjhJNqkAnf1umNj2NM2xlmC4jTPIho/nxNOfAqUKWnVj7GrZauLpHaicdN6teHkTndUgXHo7OaVqiGhaz8PkyAYDSKOQSgOtty9Lxz+9/d8B4JFbUbp3XE7H7iTiaSWd0J0b/6/Fybn0iZ5haiGDlHLq0b8mKJ10NCi1t8GzP0g+rXHZPpPGHqwQT2sxsifpEKTygUFNbq1Jn0g6t6gOC2SDOHF11ULQjWGsvpyw1/hS3enkhkeQz2ri6VHf4Z9zVJNeaes++FEk/Pkbum5G+sQXOf4c2v5uTdFK108NMZeO0bM9n2/rja7nvGr64rZg/JEKqulryTUnEc8oB8g0YhbRWCQbqXJ2kvy8WL878RDu5A8nngL6pNdgtEr0HqpJo3pwnNiR9x7pU05B9So+F7joXlOpcmarrNq5yx3L3Yln+5raSsXTAzxKs3qrndjOEL/T9Fx0qZ0oHLPnWDWLN/T60p3qJKcRD92EWm/aNbHQ5Zrdiae32gkd2iKge98lrZMN2b2ryuELRD4CsjLuWxcu98e2dqycOAFYu6B7qZ0QAdA2NH2mUq87y6ozNjXBTqkwXdsLg5q5tFzDlTXF+8q472HLTrW1oL0rHUB3oVrioYD6LQA8U+HNFOHgVnePVNDKtncpPCeoHKnYqEa3I4Hunureiz8LxFM7h1riyREO1VRq744asmk5w1NKIiXtT1E53GaZPu9GPKfVpx74pnbRlwRzqG2PHa3S+g7tPPHHIXBuoSJpafFuZ7JBDEJ31NUF7dYYC9WodkpRjlM53KGriKdHGqMhHo26kQGunVvuPM8uC/fIOypz6o72nZTqmqrxaBd37K73DgD8IvEcVQ3haFKsU8gmpnJWbpGTauydhkriWXWz1Si4o1XOCYonRjy1hMN3bqQcP4lsYulHbYFfs5g0bTg58Lng/7cqR6keVpJrDIuTU12Tiqc24CXxtBIOVzu0lR56LaiF08OahVwS4KsXIi9o88JvqyoOkay1wnIsblf7pCXGVNeukp2tZ3hIlUgjiTRK5Xrq4ODuZBNbgK1KQhVgmUYx0pE3gpaFaE3xpM5ytdjZwx/T+tiReHqoG6px4Hd0duxl5xYWZ2swWK0baEhHpr01WFg56dsrbmswMHfNTsQTu1OUpGuaeg06qVQxmXPsbUKWd0dSRxZ6PknOCW52vKfUzQk3teq4n+0IKfs1pBG7U2BfOP9PAeDxBAIpsqHLrOX+1Q69XWhV5ZDSJJUZwr33LlSscN2Kca6ORvHJY+zSZMMBs0w8ocVDqRF+/w0A/DKwpZ47zEf2j3qv8qiA1vZr+dxKrt4y4pRxbkwtrql2sZg7pT7YA6Ov9WGVeLQpAn/eK/XhdHRqmT+D1aN+0N0hDR1aVzn0wK0kfm6yfIq8hxLlffboj+arSdtPSdkbwjJ8qTXi0S6elKohQgnJ2hl3v+5OUnTI6xjYXJPCKrptblJSl+Pb57XPyYUm3JPMYvakYq4ZxBM7sEQ8MZXDSUbmzfJuGcuhtYS2o48tkmlqgYZIUe48aR6H0fiKkxmPHeo/t32tSdu9bqPxhGizinjoDk3SVy4ePs3Y60axDV5HhUrsM/TuWW3aVgHf0kukyumZRrQYljsTJRe73FbH6zEt62GPPIQYqiFRHOH3WLpOeNA5Mfy3p1ENUbKKeEia0vfcPFJFul8DwAs3DN4EgBdvP19J5Vi468YWda6IL7fVJVk0hPeX71SSKitFjlJFEzE50bR4wojiIWdiUMocnKbIC8I5k98DgKdur3dA1eMqJ4dYv9+HCJ4rUbq5hNKaEMn0JJ5cyiZTMa5+nGj6xci9nnJKY+DQD94B00tS4zzpVagYbLm77Ei7RvVtjUxjhIMLNnUqmd9YQkXkXsTTq59R/rx0vyuJR6qe2nQhdYYiVzzcwfnWUsYU4SCeGtJJtSHCaN2Zc+IxHN1WiIcX7/DnHGFoTiO/fHei+Q3D2GumZkXlpE6PS19pFnyqjeZ6DXa5NEvTh7cZhMBq4gnJbk5CFNTaczt4LX7U8HdvnexKPlZUToxwYupUQxpy61yGtqaP3HLo0UduDP99AwJWiCdHQKVPj38CAN/flHxWq5yUukmlw3zesTSppE3LdroTTwMpzLjUGvFwAsKf5YvZS+pAbwHAc5uRjySdXMrZM0ZK1Y0cW/OCfE2bHqThaVbPyBjQl1Xi4abigqjd2uTk8zYAPD8Awx5drnrkoVbd1KRHWkJp3e3UjtPDb95HJQI7EE+laV9eZp18VqicVnXDfZKr2WBbTRvq04mnNeI3uP4KxINu4OTz6l0K95oB38wuIPdSN1KN5j7mWbO9HuqztsbjaZaB4M5N4SrEY418ZhaQe6qbkSlWD8XjaVZuxRv5/ZWIByF/5e4vVDwr6z0zUqsR6iZGOvj/sTiqIYKWVKtmPCNL8VrTuBrxrPTu6AJy7FBl7SdvpLAq2RbHfkpOIdcST0kdaWUc+NgLPzv9auCPTK1GplIxP2m2xTVtcv2X3Bhd7Wy0qkocu5FZZqY6qoAcIhs0eoS6mVHXkWOUFohd7ZgJed1EnHh0ONW0krs5JYcfQ+OlHoZt7Vtrn2aBa9rkxqM+tCmaq50cosZ+78QzxiE9C8gzCsVaFHLpUy+7S+o8PYhOa7+364SAE08nIFk3PRbfylQqhohGVeSIqQRt/gkiqZPrmnmVjOttJyDgxNMPZEkW2jSBz2BFoViLQI5UehOApj9XO1rvGWvnxNPHIS31HIvqprSgPIIANOmWhpz6eNh76YqAE087nDWp1cwzN+0WfvVe7NBjDKWPRJTMJ1VkHkF2JXPztg0IOPE0gBd4qXzuNRapVApnUvsUfpsV6atTqmIk6eCsUqrH1c5Irw/u24mnDmBtPSe2BY6jzjhzU2fd169KnamZsfhDReYZ4/bAzvuIIODEUx4auXpOLI3aiWwIldQCn7X45Tizxi2PDL9CjYATjxqqBw1D9ZwU0XCysZpKpRCIqZ2Z9RWebuFcQx+JU+ZFb70cAScevQsk6fBFwHtJfeqpfrT1LWPKguNQc2SgxjI+Jl4/a9yaufo1CgSceBQgCaUjrziFaLhdMUVTs4OnQzjdiqe3Tjo9EF3chxOPzgGyrkNpl8VdKJ1F6VYhtTN6Bys3b5wT/jkV85z9R/3eiUfvTlx4Vwn6UG0nd3JZj6S3vDwCTjyXD4F7AITUju8keZx0RcCJpyucR3Qmz83M3ME6AkA3Io+AE08eoyu1iJ2ZQQy8qHulSBhsqxPPYIA3654TD06d4sNJZzNHWp+uE491D82dHy8gO+nMxf5SoznxXMrdSWPlIb1dniVzD26IgBPPhk4bNOVVhwMHmePdWkbAiceyd+bOTfPirbkz8tGORcCJ51jXumGOgF0EnHjs+sZn5ggci4ATz7GudcMcAbsIOPHY9Y3PzBE4FgEnnmNd64Y5AnYRcOKx6xufmSNwLAL/AzsSqK82pgbTAAAAAElFTkSuQmCC', '2025-06-21 21:03:35', '2025-06-21 14:03:35', '2025-06-21 14:03:35'),
(52, 9, 'Dhani k', 'data:image/png;base64,iVBORw0KGgoAAAANSUhEUgAAAVIAAACHCAYAAABEUdHHAAAAAXNSR0IArs4c6QAACTJJREFUeF7t3U2ytDQUgGE+tRw7ce4SXJIbsNyCrsEN6U4cO3Gs5ecPeqOIdHcghOSE51ZZWveS5OQ9h9cQoPvd5AcBBBBAoIjAu6LWGiOAAAIITESqCBBAAIFCAkRaCFBzBBBAgEjVAAIIIFBIgEgLAWqOAAIIEKkaQAABBAoJEGkhQM0RQAABIlUDCCCAQCEBIi0EqDkCCCBApGoAAQQQKCRApIUANUcAAQSIVA0ggAAChQSItBCg5ggggACRqgEEEECgkACRFgLUHAEEECBSNYAAAggUEiDSQoCaI4AAAkSqBhBAAIFCAkRaCFBzBBBAgEjVAAIIIFBIgEgLAWqOAAIIEKkaQAABBAoJEGkhQM0RQAABIlUDCCCAQCEBIi0EqDkCCCBApGoAAQQQKCRApIUANUcAAQSIVA0ggAAChQSItBCg5ggggACRqgEE6hP49W2Ij+oPZYQWBIi0BXVjjkIgCXKezwerSW2dW++naSLTUbK/mAeRDphUU6pCYJZmkuWR8+b3DdlWCVSn1xM4UhDXR2lEBNoQSPJ8dJ7Mclz+/PYmy+Xx8zHz761E2+TwklGJ9BLMBglCYBZe+lmfG0mI898fSXFuv5bo+pI/CAph7iFApHtoOXYEAo/2NbfOhRx5zkzWK1er0BEqZccciHQHLIeGIZBkmXMDaGtSufuZBBqmJOoGSqR1+eq9DoEzRJkiS5fzs3TT+ZBzd32O4cPF9HLlW4eIXpsSINKm+A3+gsCWMHNqdusm0LO9zflvy/3NVyJdHusyXhn/Z2McDgRaEDgiyyOifDW3ZZ+PRLp1Ke9m0iuyN/h7zv/db4DBFC8isJbmq/pbyi1dgtd4jGh9mb4lUqvQi4ok4jCvCjninMTcnsCeVeZVsnxGZf3Y0lqka4lahbavsa4iINKu0hEymD2rzCTNmqvLIxCfiZREjxC9WRsivVnCT5hurjh7leYWghTr/O/5nJhXpPPP3jv5J+DVRUQCRBoxa9fGnCPOpTRr7GHWnHFacaY5zOdEEuo8rrvyNekP0jeRDpLIk6aRI82lXOb/jibONaok0HkVulyBpnnaDz2puEbuhkhHzu7juR25GdTbvuYZmVvuf87ngv3QM6jesA8iHTvpe4SZSETa2yzN3tZlvZVoKdUbtifSMZK+V5g9PHLUA/n1TaYU06s3m3qIXQwdESDSjpKREQphZkDKPGS5Gl2fB0SaCdFhfxMg0n4rIffGT7oUTTMZcS+zRpbWr5ku79oTaQ3iA/dJpP0kN/erLO60h1krO48+gDn9nkhrkR+0XyJtk9jc1Wbk5zPbkM0b9dHdeSLN4+eoFQEirV8SR6Q5RxX9+cz6ZI+NsF6Nrr8axJbXMa63bkWk56V/z40gl+fncd/b07PPHV3uk+7t1/E3JkCkx5NvT/M4u1Ytlx+Xt/WJ9kTaKjPBxyXS/ATmiNNKM59niyOXjzytX/1MkvWVIS0yE3xMIn2cwFfiJM1Yxf/q9U8ijZXPrqIl0n/TsdzjfPTVvPPR8wnpRlBXZfwymFcSTXlNn/zkg0peInXAksDdRfps1enRo3HOleXD948u3Z9d9o9DwkyqELibSHNWnd4MqlJqzTrNWY1akTZLzxgD30GkVp1j1OrRWSxXo8/q3Yr0KGHthnrXPvc5zvSJ53P67XWOfRLkrkaXK1Kvh45dE1VmF3FFmivMBMxeZ5XS6b7TZ28wbQXv9dDuU9pvgD2L9Kgw0+rCirPfursisj2rUSvSKzIy8Bg9iJQwBy6wRlNbvsE0h5BT51akjZI1wrA5BXbWPAnzLJL6eUVg72rUivQVUX9/SuAKka73qtYB+doLRXo2gfWX2uX0b0WaQ8kxmwRqi3R9ieW1SoV4BYEjjzIR6RWZGXSM2iIdFJtpdU6ASDtP0GjhEeloGTWfo/udR+SLNgJ/ESBShTAigfSa754PH3n0PU4j8jGnkwkQ6clAdReWwKObomlff4+Uw0IQ+DECRHqMm1ZjEphlOv+TpLk+P3zo85h5L54VkRYj1MHgBLZWqlapgyd97/SIdC8xx9+VQNp33Vqlzkxc+t+1MtxsunHmTb2EwDOp+gaFErJB21qRBk2csLsh8EyqVqndpKluIERal6/e70MgfYC4S//75PyfmRLpDZNuytUJ2E+tjrivAYi0r3yIZjwC9lPHy+n/ZkSkN0iyKXZDYEuqHqXqJj3HAyHS4+y0ROAogWf7qW5QHaXasB2RNoRvaATe3qSaQSzPRW9QBSsNIg2WMOEOS+DRZb8VaoCUE2mAJAnxdgR8ElWwlBNpsIQJ91YEtoQ6A7BK7awMiLSzhAgHgQ0Cjz44hVA7KRci7SQRwkAgg4BPosqA1OIQIm1B3ZgIlBHwPGoZv9NbE+npSHWIwKUE3O2/FPf2YETaQRKEgMAJBNyYOgHi0S6I9Cg57RDok4BHpxrkhUgbQDckAhcQWArVm1KVgRNpZcC6R6AhAavTi+AT6UWgDYNAQwKEWhk+kVYGrHsEOiHgof6KiSDSinB1jUCHBDwuVSEpRFoBqi4RCEDgp2maPlnEyQUFSQOvAJ6mCAQm8OM0TZ++xZ/u6n81TdPn0zR99vb77/78nNRvAs/xstCJ9DLUBkKgOwLvF58k9cs0TR+vIvyaSPNyRqR5nByFwKgEfl4J9Idpmr54m+z3o0767HkR6dlE9YdATALfTtP0ZczQ20dNpO1zIAIEEAhOgEiDJ1D4CCDQngCRts+BCBBAIDgBIg2eQOEjgEB7AkTaPgciQACB4ASINHgChY8AAu0JEGn7HIgAAQSCEyDS4AkUPgIItCdApO1zIAIEEAhOgEiDJ1D4CCDQngCRts+BCBBAIDgBIg2eQOEjgEB7AkTaPgciQACB4ASINHgChY8AAu0JEGn7HIgAAQSCEyDS4AkUPgIItCdApO1zIAIEEAhOgEiDJ1D4CCDQngCRts+BCBBAIDgBIg2eQOEjgEB7AkTaPgciQACB4ASINHgChY8AAu0JEGn7HIgAAQSCEyDS4AkUPgIItCdApO1zIAIEEAhOgEiDJ1D4CCDQngCRts+BCBBAIDgBIg2eQOEjgEB7AkTaPgciQACB4ASINHgChY8AAu0JEGn7HIgAAQSCEyDS4AkUPgIItCfwByqfPJejHRPwAAAAAElFTkSuQmCC', '2025-06-21 22:11:46', '2025-06-21 15:11:46', '2025-06-21 15:11:46'),
(54, 9, 'Aloysius Eric Yogaswara', 'data:image/png;base64,iVBORw0KGgoAAAANSUhEUgAAAR4AAAByCAYAAACFiL5DAAAAAXNSR0IArs4c6QAACGZJREFUeF7tnVuu5DQQhj0XHhHsiA3wwE7YAuwAxBJZADzwhLh6SFBOqzsuX8r1x/lGQjPiOOWqr6xPjjvp8y7x544E/kopvdsK/zOl9LEDwh8ppQ8ppb9TSu874nDpjQjsi+9GJd++1KN0Rskix8l/eiV2++bcBQDiuUun/6tz353kf4+STo61ywzx3Gs9NVeLeJrRXfLCfWcyUjpH8YyOe0nIJF0mgHjKjFYZse9KPOTgGXsV/tRxIIB47rMc9t2OR88Rz33W0ZBKPRbhkMQIMpSAtxi84w+FQbB4AognvgfeGRw/xfLot9eBtTcX4gcS8FiIgeUw9RMC3rsR7/g0dUECiGfBph5K8t7teMdfuzs3rg7xrN18r4/Pd2re8dfuzo2rQzzrNt/7Fojdzrprx70yxOOOOGwC792It9jCwDGxPwHE4884YgZvKbDbiejqQnMinoWaeSjF82HBPI232NbsClX9TwDxrLcYvKXAbme9NTO9IsQzHbn7hLPE4/HOlzscJtAggHg0+jAyC8/bLHY7Izt141iIZ63mH19f8Oit925qrW5QzUsCHosT3HEEvMXguZuKo8bM0wkgnunIXSf0FI9nbFcoBNcjgHj0etKTkeeOxDN2T81ce0ECiOeCTXuRsueOxDP2Oh2gEjMBxGNGJT/QUw7sduTbf60EEc+1+nWWrZccPIW2Dn0qqSKAeKpwyQ72+qV63h/PywIlMV8CiMeX76zoXrsS7zfcZ/FhHjECiEesIY3peIjHI2ZjeVy2GgHEs0ZHR5/vHF+N4LeDrrFGpKpAPFLtaErG4xyGW6ymVnCRlQDisZLSHTf6lmh0PF1yZBZGAPGEoR828UhR8Pb5sLYQ6IwA4rn++hgpHm6xrr8eLlEB4rlEm06THHWwPFJg16dKBa4EEI8r3qHBj7dBOXAWTv5/H7ZZenrJLdbQVhGsRKBnsZZi8/OxBB7Fs8sn97Dna0j53edj+0Q0AwHEY4AkMORxR/Js9/O+MU/OdRrBcVk7AcTTzm7Wlb+nlD7bJtt3Nr+klL48JND6kB/nOrO6yDxvCCAe/QXxSg695zK91+uTI0NZAohHtjWfEjuTQ89u5Ri353xImx7ZyRJAPLKt+ZTY2flLj3g419Hu+/LZIR7dFpfEcty1/JZS+vxFKd9u//+b7e+vUkq9n4TpUiOzSxBAPLptKu1KHj/ZygfMP2/l7AfPxwPox0q/+1dA3+uWT2YrE0A8mt0t7XaOt2G/PnzC9VhR/nn+88W208n/bv0UTJMWWV2OAOLRbFlJPM++6vSnlNLXWzk/bH//uP3NQ4Kafb5tVohHs/Wl969KYnqsqnTbpkmBrJYlgHj0Wmv54vYa8dSM1aNBRksSQDx6bbWIYh9TOqvhIUG9/pLR4bARGDoELOIp3Yrlao7SKQlKp3oyuQUBdjx6bS5JxXIrxmGyXl/J6EAA8WgtB8sXt1t2RJYxWpWTza0IIB6tdluEURpT+rlWxWRzSwKIR6vtFmmcjeFcR6ufZPOCAOLRWhr7+c7ZYbDlazJ441yrr2TzQADxaC2J0sHy8dOqR7nwkKBWL8nmhADi0Vkelk+rXonHcoumUymZ3J4A4tFZAq3i4SFBnR6SiZEA4jGCmjDMums5jstp7T3kIcEJTWKKMQQQzxiOI6K0iGfvH4fJIzpAjGkEEM801MWJasWzB0Q6RbQMUCOAeHQ60iIepKPTPzKpIIB4KmA5D21545xzHeemEN6HAOLx4doS1SIeXv5sIcs1cgQQj05LLA8P7mNy1txm6fSOTCoJIJ5KYI7DS+J5/K0SiMexGYT2JYB4fPnWRD8Tz1E6eRy/F6uGLGPlCCAenZacief4HlbOOPeNg2Wd3pFJJQHEUwnMaXjpdYm848n/fTx8pSnicWoGYf0JIB5/xpYZSuI5xrB8dYZlTsZAIIwA4glD/2Zi68OD+aLSIbRGRWQBgRMCiEdjeSAejT6QxSQCiGcS6MI0iEejD2QxiQDimQR6kHhqzoI0KiMLCDwhgHg0loV1x4N4NPpFFp0EEE8nwEGXW97TylNZBTUoLcJAwIcA4vHhWhsV8dQSY/ylCSAejfYhHo0+kMUkAohnEmjj4XLpaWRutTT6RRadBBBPJ8BBl9fueEqCGpQWYSDgQwDx+HCtjWp9GtkqqNr5GQ+BqQQQz1TcLydDPBp9IItJBBDPJNCFaazisY7TqIosIPCCAOLRWBpWoVjHaVRFFhBAPNJrwCoU6zjpYkkOAux44teA9TUI67j4isgAAgUCiCd+iViFYh0XXxEZQADxyK8Bq1Cs4+QLJkEIsOOJXwNWofDUcnyvyGAQAcQzCGRHGMTTAY9Lr0kA8cT3zbqTsY6Lr4gMIMAZj/wasAqF1yXkW0mCVgLseKyk/MYhHj+2RBYlgHjiG2MVDw8PxveKDAYRQDyDQHaEQTwd8Lj0mgQQT3zfEE98D8hgMgHEMxn4k+ks4rF+5B5fDRlAwEAA8RggOQ9BPM6ACa9HAPHE98QiHsuY+ErIAAJGAojHCMpxmEUqljGOKRIaAmMJIJ6xPFuiWaRiGdMyN9dAIIQA4gnB/mZSi1T2Z3j47RLx/SKDAQQQzwCInSFqxEO/OmFzuQYBFnJ8H0ri4aP0+B6RwWACiGcw0IZwJfGUft4wJZdAIJYA4onln2cviaX08/gKyAAClQQQTyUwh+ElsfB1GA7QCRlLAPHE8rfseHgrPb5HZDCYAOIZDLQhXGnHg3gaoHKJNgHEE98fxBPfAzKYTADxTAb+ZLoz8fBRenx/yMCBAOJxgFoZEvFUAmP49QkgnvgenomndBsWnz0ZQKCBAOJpgDb4EsQzGCjh9AkgnvgeIZ74HpDBZAL/AKhrxYIj+xaLAAAAAElFTkSuQmCC', '2025-06-21 22:14:48', '2025-06-21 15:14:48', '2025-06-21 15:14:48'),
(55, 9, 'Rofiah Darojaatunnisa ', 'data:image/png;base64,iVBORw0KGgoAAAANSUhEUgAAASwAAACWCAYAAABkW7XSAAAAAXNSR0IArs4c6QAAAERlWElmTU0AKgAAAAgAAYdpAAQAAAABAAAAGgAAAAAAA6ABAAMAAAABAAEAAKACAAQAAAABAAABLKADAAQAAAABAAAAlgAAAABJS0H3AAAZFklEQVR4Ae1dXcxuR1VuS6FqLGJJDUoLR03QmBCMhIQ2iJSL+pNolASNISEtXGiiiYmIYlKMxgtIjDEBojechoheoUjEhIitplX0QqMQg9rSeg5QfhQBFaEg+LOenu/5zvOtb2b2vL/771nJ/tbMWmtm1jx7Zr0zs/f7ftdcYzICRsAIGAEjYASMgBEwAkbACBgBI2AEjIARMAJGwAgYASNgBIyAETACRsAIGAEjYASMgBEwAkbACBgBI2AEjIARMAJGwAgYASMwJQSunZIz9sUINBD4v6RD/rokc3bhCPiGL/wGL6R7/1voBz5sv60gt8gIGAEjMBoCCFZYTZWuS6N55YaNgBEwAgkBDVK6yqL8K8ne2YUj4C3hwm/wjLv3k8n30lh9UrJx1ggYASMwCgL/E61yJZUdwMqqpsu2zi8IgdKn1oK6567MGIHW2PzojPtl142AEVggAlxBYaWVCU8Hqf+arHTeCBgBI3BMBF4XjTEgIV0i6ks6y4yAETACR0OgdX5FJxywiMSKeOucYEUwuKsDCHxL6DWIMFgox0H4v8b1loG6etQelz0o2cYIGIEzCDwWOQ1K26T/+0yNfRm2Uzq/Yg20Yd58BQhcv4I+rqGLN0YnP3PS0ZuCf66j088Jm9viem5c3xrXM+N6elxPPeH7+p7pk6O+L8cF3kPPEKOfkrSTRsAILASB74x+cMWB9O/F9cm4vhjXl+LCSqX1FReWHeLY9n0hLmz9LsX1Z3K9K9J3xwXCthA2Wh+CVi+xXMu+x6ZV3jojYARGQOCuaPOf4+IE3hdHgHtrXC+L66vj2pYQqOhTb9CifavNHptWeetmiMC+lv0z7PpsXX5HeP7SuJ4WV+twGgEH50cfj+vTcX0srkfj+vu4/iquv4ur9A4T7G6Ja5+EQMXjB6zShraHCEag1vjssblSi/8aASNwFATuilb+IS5s67iiGOL3hG2L/iaUpTrwJPCQpCstbCtbRP92tWmVt84IGIEdEPjxKPuBuB6Pa+i8CWdSWDVhtUUamuTfHIa0UQ75sUiDFh4O1Ij+1fSQ99i0yltnBIxAJwK/G3Y4lMb2iBOvxbHCwkrrrrhqxPIlPXXKsdIag+jD2xuN06Zhcopby8Y6I2AENkCAqyZsgYZWTZyksMNrCXjSR1kkB6lmSzn55wdrOqwB/bjcaIY2DZONsGnVY50RWCUCm66aMCmxwsJKC2Uz3RwCTlykh4i2tLszEpSRUzcmZ+DG1rdEeJhAf1s/gUybUh2WGQEjIAj8ZaQx4ThphjgmKVZZOKPCqquXWG+Pvdo+EgWYB+99naCnnV1tiBswqRF9xzldjWhT01tuBFaJAAIMXg3gyoATpcZbq6ZNAWQbPeVoqwfbkOFVhinR5XCGvtb8or4nqNXqsNwIrAIBPHnDOQ8nTYsjOGy6atoERLbdU4a2yn+gp+CRbXDYTh9rTVMPXiPa1PSWG4HFIfDM6NFDcfU8rcOn/WfjemNcx6JNJiVtyY/l46bt0L9NOfDnhdc6WH7T9m1vBGaDAIINgg4GPgd8jSOIIZghqI1F9K2nfdqCT5nUz0OmcY+/FNcUV5lTvj/2bUQE7o228fWUnomBbaC+iDmi26dN0+9TQSVBO/Cpk/o6VhpbeZMRmAQC/xheDK2goMdBOg7Up0yc0C0fc0Bu2Y6te1M4wD4pz37pb7bDrkQs/y+hxBYR93TovrNM5qX6LTMCB0HgQtT6H3HlQah5DGi8ijA3Yh9aftOGvGU7tg6vdsBPPYOi37iHSpSTv1+Ud0SachEXk9gSYms4FMyKhS00AvtA4GJUgmU9B22JYwJciGvOxH7V+kC98prtFOT0E09WQTmIIK9U0/9MGLEutdf0iyPzX3GhjlwPyyrXsk4bgZ0RGNrqYVDCZknECVXqk24FNV2ynYLsPeFEqT+l1bH6i5UVyx2Sa5tOG4GNEbgQJUqDWQctVllYbS2V2NdS/6gDBzF/JTe9v1wR1w686T85to1KlG/LudLCthRbSpMR2AsCQ+9ELWGr1wsUJ+cjqQDl4CTKmD8U37YdlsNKq0TUZ662WVfKIzBhK/hiLei0Edg3ArVAtcStXi92nJC6KtHtH9Ik2jJ/KL5NOzizapX7LdHTTjnGgNIHI0O9yp02AgdHoBSoMEDvPXjL02+Ak1K3R5SBK1GuskOkt2kH/qMctmMlol7rxhhgnvzDJ4U/IrpSfZYZgb0jUApUkJmuIsCJyhUG8+CZqMtyzQ/9lrra1tI97WjZb4oMy+A9rBLl4KQ2LKscP8nDvNo6bQT2jgAPXzngwHXLs/cGZ1whMcoBS7eC7B5tmVf+tZFp6dW2lcZ/0Nm0no92lGGd5NmHvAKjHbjJCBwEAQeqzWHlxMwBq1QTbUu654WQet1elmxbMj0/a9mpju3iO5wkynI+y6knp145deZGYC8IOFBtD2OemMyXamzpYE89+LakK52eOvBTz7ndfxfZj5xUojY1/14h5dT+pAozI7AbAg5Uu+GH0joxb5Q80plom+XMa7DBimsb0rOmVnmcW5XOKFEm1/HCkNF3cthlUv9pB87VZ7Z33gh0IVAaqD5M74LunJFOTCiZP2c4oKM9y+NMaxvKwaZUxz0hZDuZw15lLK8ypEukbefg5aBVQsyyJgJ5EGHgOVA1IRtU6iSFMSd2qWBLR/seG9qWePYn29wXArZR4rBXOcurDOkSqY36QbmDVgk1y4oI5GDlQFWEaWOhTkwU5uQsVdTS0b7HhrYlzvLgmS6HgHrcf6aV/0KSR/YJUhukS6Q2xAWcaepLZS0zAqcI5N8/P1U4sTMCOhlvjto4KZHORF2Wa77HRu1zmuXBlfRwHV+LeU1ctNUPM33KqHXQllzrZpo65cAHpDihPZMRKCLwaEh1ABWNLNwaAZ3sux66wwneq20dYnlwUD5cv/yE9OyBO0Qsp/1hHaqn3Uk1Zxh1yjU4qfxMQWeMABB4a1weJIcdC/qkdagl3ouWXY9NT3nUc09crA/8PimoKx6IaadyyEjUk1NO/h2RoE458CHhl0ep48qLOnMjcDo4MEhMh0HgkaiWk3CohR67HptWOyyf+S+lQhqYoKK9yiEjUU9OuXLqlOOXRJVUp3KnV46ADgystEyHQeDWqJZYP3egCdq1zHpsesqznq+E8S2FAtSDg5jvDVjffaXYmb+sQznOTzOpPuucXyECOiAeXWH/j91l4o0D6xbRblebnvJoC4frNaIvCFAg5jPnv+DK8iulzv7NNsjjrflMGhSxTTStGAEdNKVPt6VA81B0BNcUiJhz8td8ol1ND3mPTal8PlxHPS1iO/SZ+cxZR01OPXi2QR6/2lAitS3pLVsJAhwI+nRmiV1nPx+cQOfoCyd/zSXa1fSQ99jk8q+XciwP3iLaYcsIYj7zK9rzesqVs6yuoPC7WCXC+KR9SW/ZShBYwyB4swx29Pf5I99bYg7eItrVbH44FLTBf53pofvCiGUyr5X/TSnD37/KZZlnHcyTU66cOg1YH1SDlKZ9Eju7FgS+ITrKQfDKBXdaJwT6+96R+0rMwVtEux4brnxatvo7VrC/JS620fIFtrRj/cxnXtNTrpxltf73qUFK0z6JnV0TAhwE+v7Lkvqv2x/+Dnl+dH7s/moAbbXNe9Njgzpr9HWh0J+A0cN1tgFeo5K/Wo5p9YEycJWzjXdHgjavk/Qf0KDAaV9QWbQWBDgIwOdI9L/mO57EqQ2CFfK/HNdY1Hseo37XfKVNKSigzK/HpQEnP3hgefBnoECBtDzVWo5p9YEycJWzfK6T9ti+14g2Nb3lK0BgkzevpwbHC8IhDuLSpIC/1F86cR7bQcg+eZIfgz164gP8aBF977Ep1YXzINaBbdfPFSqivlSe5jm4QK7lmNZ7QBm4ymt10r51Fkcb1mG+QgReGX3mQACfG6nv2f9L0Rnq2S8cuFN2N4UjcPqA4FUj2tT0kNMGnIRAjv9mQ13r3SXaaHnWQ04bDTyUKUdQJNXkJT1ktK/9Q9Q3ig2+1mNaMQIcLOA6KOcCCXxmHzBZSZRhW6h0MTLUqfyYabaP7WGNaFPTQ659R/7tcbEceO2fnMIWpLZXJOf/0kbHBmXKEVRIKufPJlMHrvobJI90iXI/SzaWrQgBHRA6MOcCAScA/f3DSFD2egqFY3U1hRVWC2v6L26fSyLg0e6ypHFW92NxDRHLgteINvT1tWFImXItX5PD5v5U/mclD32JWvWV7C1bAQJzDloc0LxNzINPkXr8o03Lfz5EoC345VaBpNNySXWapQ23fPoaAnXgSjU5bHScwU4/XLQOTbfqUzunZ4bAdTv4i7IceNdGmp+oO1R59KLwGROAhMfnS6Y/TZ37nchfSLJdsi+TwlgJgXYZY1dqOPv3OWezzRzHZ9PIynUhkD8B59D77DM/kafqu/pb83GoD/p7UbBtnYcNtQF/apT9UN+pA1eqyWGjOqT/TWTQZ1J7PSfLds6vGIE8KOcARfZZV1pT8199rfnGiZr1eD2htC1DnZsS22iVpQ3rVt+py+UpB8+kOqQfj4uybJvbynrnjcApAhxE5LUvpp4WmECCEzk/GZyAa2dcyC+0nlGeZIg7dTdFAi9+Uo7JjBdDmQfflFi2tTqjDetmXnktYGW5vnHP8rxn2RZ52mQdfTE3AmcQ+GLkOGjAPXDOwLN15jbB9dZKLcQd/5nmQ2IPOSY+vnIDoh34psSyra9m0YZ1M688jwvqshx56np5roN+mBuBIgK/FtI8uIqGFm6EADG9VCj1/SGjXjm+B/hgstcgkFTN7CdCy7rx/laNaEM988qxSlKiLgcbynt5Lq9tOG0EmgjkQYZAZtoeAeKJ1Q1emLw9rnfG9Zm4qAPH9vGBuBDESrRtwOotR1/YNvPKf4LK4C+Ki7paIMMWlDYtLtU6aQQ2R0AHOQYatoym7RBoTVTV3TlQPc+AUGYT0nvZKkdfYKNtUZ7b1fM5tEHSIEUZOOv5JxU6vQ4E9v2OTEYN9eN3lUhYGeQBS535Zgi8P8z/PK5743q6FMX3H1v0JlEiWPQS3rXblErjK9//J0ul2kaprJhe87BmnDYC+0aAn4zg+km673aWWh/xA3YI/Jmof1tWFPK0Be+l3jK0Q71MK8/tqQ5pEuV5rFD+GhqaG4FDIcDBRn6odpZYLzHLE5h9pf5+ChqctuA99Kkw6i1DO/jJtHJtT7eDtIFey+o/muAKHbaloK11O71ABIaW3fvuMpb8GGwkTVNm3kZAt01qSSzxU9ZDpK8l9GwLdcs5VDf1NT+pB9ftIOXoh5bV/vw0jYLje5GmlSFw7IAFeNGmrhIwQP0EEcjsh57WUc1TxKYUNEQ9WjIHLjjyPaN544ZXj4D+aBwG5yOrR6QNgG6TSpZ8IvfpkrIgA+a8CuozItqRn1GmDG1qnOa6HdQ0yukHGu3B8WSQ9arcaSNwFAQQpDgAwRHETGUEhgIWfzrm8+Xi56QaJIa2hXqPkH7gXG1XBdk252mp8ixjPvOhLz5ne+eNwN4RyG/G4/0b03kEhgIWAhWCwCZnO6WgkVvGeZfaId26R9k251m/yikb4q0vPg+Vtd4I7BUBHcC1LcFeG5xZZbUXKdkNbAWBIbaGvaSY18qoDdOt+0MbcF25UY52NPiqTc0HyrntbbVPW/MFIjDGoXsNRn0yhLQH5VmkhvDgdnqTe7rJ00IEHJLeK8rA1UcEWD3cpx3a1PIlG9pmzr5pO9nG+QUjwAEwlS5iIHNiaHoq/o3px2MDjeMXGTYlDRalp4W69cNY4b0ptYMgooHo+pJRyFSu9hXzM2Laa6A9Y1DJ/HHIucJTXjG32AhshgAGvwfWWcyeJ5h831nVE7n7RV9QV0UtnLOuti3V+1Vb/WhdSG8adNAB1oHDd9BT4/qVuP4iro/FhXM8nOGpnyxT4mFqMgL7QUAnAQab6eqE1ZUPcXlbJDgpKevh+rQwBxvWx/YekDZ4T/Q+5fLaPusCb9lpmbdEBm+6I7hp+X2ltS2njcDOCOhkwCD93p1rnHcFnKilCf+L0TXqN+0ly4GTFHvKwNVW0yWfauVUjjQDU+/KSNvdNP37uXHnjcA+Ecifru/bZ+Uzq4uTsxQc7oy+UL9Nt1i2xHN9GsxgX/Inl9E8n/aV2qrJNJjl9mtlsnyTVz7UX6eNwEYI8JE9B2Dv29wbNTIDY/YfPBMOs6nXg+1sV8vXgkDtrIltlXyptdETqBCYsA3Eqkup5p/6oWmupB6OSij/dq3QaSNwSASwsuLAA69NpEP6MHbdOmlLvhCfHyopO2Qsr7yj2KBJXiWz/lJgYmWvjoT2l2VanEGKdSBA0R6By2QEjooAzrA4AMExoNdEukIp9ZvYvKGkHEFWClStD5rbw0f2oZe36uM2cm3jZIRb7SZbCOhgXtNgfLlMaKQzcUXyrqw4cn7TQKVPKvXettIfbvTpV0OndV5s2FplBI6CgA7mNQUt9hurrUxcgf1tVhwpzxUNfQSvrYBuCx0DrNr3pGvdeXYo8n+4fqhmbLkRODYCOrjXErTY51J/+X8hP3LsGxHt5S+xlwIq3NKVD/syxNFXPOGDHYJiifD79loPAtezSoaWGYExEdBBWprEY/p2iLa1v7l+fD0H+m2+ppPr2jSvq6tc9oUhwL1R33vSn5OKWH9+NSFv/xAQITMZgckioJNh6UFL+5pvCFZWCARYaR2begJQr82fFJxn2c+e6J4VPG//sMoyGYFZIKATeclBS/uZbwzOrjCxa9uxbL+v/FedtMugsi1v+cM6PxRGD6b2ELie3SpsnRGYIgI6mZcatLg1wgTOhKeDkB+77/gnFQwoNY53rt4dl/5Tich2E+vlthd5b/+64bPhVBFYetD6wQCek/cF6Sbg/SvqkuogWcWa7Sq/fY+tar1If2CPdbsqIzAqAjqRjr3aOEbHOXn/MzWGN9ypS6q9ZRVbtqX8E3tr6WpFr44k28AK8+evqpwyAstAQCfW0oIWJ2/u1w1x66i7ZY+3ka9LsO7MD3nI/xvSJ7T7oj32y1UZgUkhsNSgxYCRAxbA5xnXb+94J7BSYjslXmp7xybPFX9vwYdzRhYYgSUhsMSgxQBSChr45U3oH9viJr4jyihebIe81N4WzXQVeTis2C5+SZTprsI2MgJzRiBPwjn3Bb5z8oJnwsoK8t5XG24O24yP1g/dNv+qPoptRdjy6ZNAbAnx7hV92qpSFzICc0MgT8q5+a/+al9UjvSFuDi5kS4Rfi+LW0faKkf9f1QqeGAZDtPpF87FXnHS3tDXcg7slqs3AuMgoJMS6ZvGcWPnVlsBC5VjdYX+5XMsPFXMGGg+P3UM86PRxWiJvuD87BZpmUEsfy1HTJw0AstEQCc7JsjHZ9hN7UPJfZxfoW84z/r6kzSDQeYIBtv8QmkU2xvdETXRr78u1Eodv5ZTMLHICCwXgfyYHpN2TqQrpZLfeo6lv7rJiY+Ah7OrqRC/UlT7vX76ja/lmIzAKhHAz+lyIoBjEs+Fnh+O0vfbCk7fKvobJY2ngFOjN4RD6EvrN7zY1/dMzXn7YwSOjQAnA/mx29+2Pfpbe2nzy1ExbH502waOVI79wLawRrR5bc3AciOwJgQ4Icjn0Hf6WlsZ8n2sN0+8M3eHf7hq9JRQsK9Im4yAEQgE9CAbEyT/B5apgcRJXAtY+G0o2CzhN6LY16ndA/tjBEZFgI/POUFq261RnTxpnD6ClwgrK+iw0po7sa9z74f93xGB63Ysv7TiT4oO4R0g0g2RqK1gaDMWrwUq+sOV1ba/P8V6zI2AEZg4AnihlJ/q4FMMWrqFLcGpvwL6qpLBjGS8FzNy2a4ageMjwIlCjidvUyF9l6zm08VQ0PeazRzkS+jDHHC2jwtAgJNF+RS69V3hBH36xoZDQ0/hGkUno2I/J+OQHTECU0bgneEcJw35FLaJ9GXK2O3Dt7X0cx9YuQ4jcIqAnhtxEuGfK4xF9GGs9o/V7lr6eSw8Z9vOtbP1fFzHMYEyjYEl/Rij7dz/Q+bX0s9DYriIuv1aw3a3EQHiU6koJtUUtonJLWeNgBEwAlcRKG0TceZ1aNJ2D93W2PXjw4CrrLF9cftGYBEIcFIpR1B5PK6XHKCH2s4Bqp9UlezrpJyyM0Zg7gjwFxI4wVocwewLcd3R6DS+VqMrqVJ9jeKLUbHfi+mQO7IdAks/rN0Old1LYYIdg9DOGs4hiafH6zFG1YTbWMNgHwN+TCy9Xhp5bA058fblk+/fvpB0PUbACHQh8JKwQjDTrR/SS/iVhejGXgiBft/Bfi+OuRIjYASMQEbAASsjstK8txQrvfHuthGYIwIOWHO8a/bZCKwUAQesld54d9sIzBEBB6w53jX7bARWioAD1kpvvLttBOaIgAPWHO+afTYCK0XAAWulN97dNgJzRMABa453zT4bgZUi4IC10hvvbhuBOSLggDXHu2afjcBKEXDAWumNd7eNwBwRcMCa412zz0ZgpQg4YK30xrvbRmCOCDhgzfGu2WcjsFIEHLBWeuPdbSMwRwSun6PT9nl1CLxqdT12h42AETACRmDeCPw//lhZL4kct7IAAAAASUVORK5CYII=', '2025-06-21 22:15:44', '2025-06-21 15:15:44', '2025-06-21 15:15:44'),
(58, 9, 'Ira Suryaningtyas', 'data:image/png;base64,iVBORw0KGgoAAAANSUhEUgAAAR4AAAByCAYAAACFiL5DAAAAAXNSR0IArs4c6QAAEFtJREFUeF7tXUvovkUVfuyiaXmJDM1ArYhE6AatUrtgW4nCwJZhLYqgQFfhQqpdLVp0gWrTpha1KNsaGBUEbbpAJJSloBlWXrLU7PY79g6cppl553Jm5sz7nT+48PvN5ZznnHnec+Z6DuyfIWAIGAKDEThncH/WnSFgCBgCMOIxJzAEDIHhCBjxDIfcOjQEDAEjHvMBQ8AQGI6AEc9wyK1DQ8AQMOLJ84F/b8X+AuCivCpWyhAwBGIIGPHk+YYjHlfacMvDzUoZAkEEbADlOcYTAC5kRYmInpdX1UoZAoaAj4ART5lP8MjncQCXlFW30oaAIUAIGPGU+cFjAC5mVQy/MvystCHwHAI2cModgZOPpVzl+FkNQ8CIp9IH/sVI28i7EkSrdroI2KCps/2fAbzUUq468KyWIWDEU+8DnHws5arH0WqeIAJGPG1G56tchmUbllb7hBCwwdJm7EcAXLo1YVFPG5ZW+4QQMOJpN7ZNNLdjaC2cGAJGPO0GfxjAZQeZaCYStR3Z7T5hLewgYMQj4yI86vkDgMtlmh3aikVuQ+E+7c6MeOTsv/pEM5ff5qvk/MJaCiBgxCPnFjzlWnHg2gl8OV+wlizVGuoDK0c9PNUi0FYkz6HGts7qEbCIpx67UM0Vop5PAvgEgKcA3ATgnk2RvwK4wFPK/EPWP6y1DQFzLHlX0DpJ++GzPUefZ6tWT3rE46IcjshM/7DUT9431bQ407HUgCAsiLao544twjmf6fkzAG8K6O0P9pnplhGPsGNqas6Ip481NEQ9nwXwcQDPZyruEYkW4vHnm5wK5q99/HV4q2bI/0L+D2+A1hqCBi4NGtrLc8XWyN5gr+0rVi82aGkO5yU7nfnEQ8Vn+AiXg+R+8SQspW1j7Z34HI8U0aQciQaPG7Q9B+9d21xNSJZ/AnhBgbeHiGc0cfpzTYTdyquFBfCfTtGeA0Ibirlkw52coofYwKX26B8/YhDDU3rw3g3gxgTAtf1pSXF8ouGX7dfqps0fT1qeUyCePcKRxiDWn0Q/PwRwXcJjf89SvBrHfhrAeSytGRGxheQMRTgW9dRYVGkdicGgVLXn5lpC+o34YhL5UCQU6r8k/fk5gNcnAP4egHcJG8ANcJ4qjsCMq8HJ2/Vtd10LG3pmc0cknljEUTLgJW0SmjfZm7TdI5yeduPyjpqnCuHNPxzOdhb1SHrmxLZ6OvAMtbSsynDdH0ykPxz/XwF4XQS0ZwC8aBCgfMA/NHF1LjTJbFHPICfo3c1RiCcU5WjSLRZFuMEVk3WGDv4epJlRhm9XW+HqzQiD2p/h2NKqadn0ltKLUgW3+kWYj57wLsHcJx4esY2e6yG5uTzUP0U97oWPGfKUYGllIwisTDzaoxwf8tCkrV9Ggz0orTt3E8zJMzPq8VMuR+KzVtyMTAQQ0ODoNWqseIUDj3piOmv5gjuicf7Bo54ZPuN/ZGauuNX4q9XxEJjhRC1GWC3KcbqGJpiJPN05Kh5RzFp943bh0ZlLEd1vXO4WW5bWTaWnq/lxqe6HK7+SwUJfvRUuJs9ZTvd1m00+odRKw8HXnpszDze4NSu0CvGEVjc040qy+a9P0G/3AXj1JrifVmnSMUQy9wO4cpN9VtRD3YfIR0uKqt0n1ci3AvH48zkryJxaaUtFDqEduzOc5e8AXuhNMPuTvDPtsGrKPcOWKvuc6Tw5gKxGOqFjGj7Gv0lEPZoGd2iex98WkGPDXmVWTb174bFUu5qJZ3XSSYX/K0Q9sSV09/vseSg30GYv9S814LUIq5V4ViedPVz3oh4NE7kxGTTIxsfPar6iZexPlWNvgMwQTtMka47+/nGI3JW2laIeHr1x0qyJemjnMdX7JYAbcgDeKROaxNfo1wKqHqcJjQZaJXTmBxbd3Ewu6VB5fig0lJZpwGEv3SI9cnzoywBujbzLfi+AaxqH1ArHZhpVPFb1HKcZqbGGwZajr9TO6VTUoyGl4dEn95XY7z523zgj2FsCgPKdx+7P7wPwrRzwA2VCk/q2xF4J5ohqmoinNmUZgRPvw/+6tmCYG/XMHESh1S0X4aUivUcBXOIZh+//oXe+PuZdBUJ7ha6uMGgo3aJmalLBiu6tSikCLYOmtK9Uef8EcknKIinHXluSpOP6SkU2OREgpTEfAEDXnroNfnt6lPw9dCEX1U/J7b9KmvKzm89ev6CneK7ahKJo6p1nNyvSNa8l/2I7xI18SlAcVFYL8eQMsEGQBLuhVzfdEyupr3yNjKmoJyfd8gdcS8oSkj92nIPLTWXchkMeDbn2/L+H+vk+gLdtfyC9bzuLmD5XAKhPkPw9MSOfAiBHFNVAPKdMOntRTw7xuIiHv4ZRm7LEfC5GPjHb8Z3P1GYO8VA5in6+tr3hTnV+dPa2+zsKBgJPC/1jHUY+BUD2LjqbeGJhfG+9c9sftUeE37HM53NyiMfp4qcsvwbw2lxFM8qFyIdkdYQn5UvXn7X5aQBv32Si1cM3A/hdhow+XtoO32aocBpFpJylBi0t55Jiso8iHdd/6HxU7uoR1+GnAN64/fBHAC+vMU6kTupqityoJlccen75MxuxkR5fOKt4507l0G2Jq+0Ly8Vn6XIziUdzijWadJwThTBxv5XYiqKGrwD48TbxLOmkI+/FIT1uB/DuLeJ5VYYiIQyNfDKAG1mkxJkl5VqFdEYvY/OU6xcArmWXhc2yVczuoVWkXjK6eZ57MpyQRz0PeKtlfMK5l6wZIlqRGeBrXjrXIJu/n8nZaIat9kaI1EbKvX5K/x77sGmwb6kuhyw/w5m1RjtanNKfaNZMPJTCxF5MdXaesScrdX1HyYT9IQe9BqVGE0/NZOkInP4G4HzW0WhcfB35snAv4gkdM8jVO7ZZL5WWjSag2I5rklHrx2+Er6voI9fRpITV+LV5ynulczQmIWx7pzCpCeLUfpcQWZX4xsi9NKmoR/uKagmmS5YdPchSX6EZAGokHcLhJwDewgCRHrD+Fz/nHmM/yvEn3vnf/bevfNtK67M3Ae5vJrSoZ8Zom5hSOOcc5XgpeLWSjpO5VzoQ27SZioJ8HEMfLL4PiezLV5Biduj94dN++n/y8J/XfW/D+5q5ycjR+b4vh3bSIXl7pKU5E+glBFTquTFC6uWH/NIy6iOmW6/+S/E5mfKnCnivaELScbiMNPnND6nW9FO6KVKSgHw/6/FKBLVJ/2KrbLOirhpbHb7OKRLPCqTjz0HQ/4dsVUsOOXaP4ZRaQucDprQPqpubgtfqnZMyHn7Qa1Awxzk0yCklg785b3bKF9Mrd6m7dFk7RmC+HLXkzCfFn/FWC2O65kxsSxHNd7arNnJ2QEv5nLUTQOCUiGcV0uHRDsnsbPQEgIuZDf1VJH4thivGo5PcaKIVpxrSaiGW0LEWuljsg1t6Snqfx3CTPjhrxFKBwKkQT86kagV83arw1b/Q+SI+UHMJJUdYCZyeZgO91L9yCCjUJt1JREST0x/dbmgRT443dCyTY6iO3Q9pmkL+c7eeRh/6rFHQX826G8CNW0Mu6umx4uVHWrVpKE+3evgXXSD/XmbTFMZEykRmZP9eO8BrbHzydXo4hjZQa0L/mTqENln6OvTQSZLMnHytq3F3AXgrgJdlGIT6/C2A10TK9sAsQywrEkLg6MSzmrPFBj+Per4L4CZmTCkbSmJV2xbpSalQbrRFF9xfkTm0n+1wW2Jm11bMR0DKaTUiKzFfMVqv1JESf9LX2U5ijkd6zoi/MpHyMXpJgq41vSADaIkbDlP4ZohgRaQQODLxrOZke6kOrca4lMPfAdxqx72+S/2NCOW6rRJPt/jve236q3h75XP+blFPDkoDyrQ67AARq7qoDfWrOhOqlEOUrgx9/cl2Uk+49DjKUrrHqAfR+KbhT/IQCblFByETWjO5CByReFZOschuKZv4X+yczXe5viBVzj9ZH2u3deK5Vt4VP0q1uqqtd0TiWc2xSoiSv0XuJlY1HHzktybGnF2Lr3FZtcikliB6CXY04KXnKnrhztstJcpY+dEvKeSQDddTk685DC3dGuHhgT40OYMEBKWDWKLPljZq5H0IwCu2TkfbL4dsuEx8G8BoWVN2WfED1eJn6upqcgYJcPjkK3/LW6Jt6TZKUiy/b6cn3SuUsxTdKjuflA21lfIjJ2voFsBWuWrrW7pVi5xQvSMRz0pfsda0iF9O38uGLWTD3TN197GQG1c1k7OKWNWwVdpHoJfT7vcsX2IlR6pJsThidCjyQ9sP9yWOCZSiLEU2vF869uB2Wv8JwKWlQnUqv9KHqhME85o9IvFo16mVdJy3SEY9/IpQ3xvvBXBNo4tK6dwoxv9U732YVVLWw7WlfZDmAq7RsUOyt8zr+O3RnTO3bT/W2DFFNtRsTZsxe/Fd15Lt5vpHrNxKUXKrrqrqa3KCFmBWcCBJ0nFYOb3pnfU3ZAKYIpye/uBkLTnYmalSdTFLt6qha6vY09HaJCur7Zxaqz49SIcQcpPUpP/eiW4+ycvRzalbZo1waY1RaexMmYS+1kYCAa0DtdRomomnF+kQRjzdokF0QwC4+wFcGfh9tO1n7j9K+ZNGQiz1/+XKj3a+XgBpJZ6epOOwpNTl8sBcjxbCcXLy4x6SK3GtPpV7hUdrP1afIWDE088d+Je0Zzpzx9kp9U9tanwEwJcAhE6Ga7C11ujCyTXihHw/j1uoZQ3OKAGXpojH3xzYk3Qcdi6yor58mz4A4CoJkAXa6LX/qFU0rYTYqpfa+kY8sqaZQTqkgcbrMWLISu4/krLe4wAuCqSrUu1bOx4CRjxyLlH6RLBEzw9G7hzWbNecCXEJbErbcFGPpt3VpTosU16zg5aAODvV8udUeuP68NlczmURgJ4EcGEJeBPK8ieHemOVq56lW7lICZTTYvRWVWYRz4zUKkQ6ZMfrz97f+sEGpPZH6/iE+LcBvKfVAQTq8zNlmjY5Cqimrwkjnnqb+KnVyElkJzXtjXklU+H27RjF+xd4LdMdo9B0XYZFPfXjoajm0YhH4qmXHABHp1Yk04w+c7CoLXMzgG8qm9Dle42OMjZq7dO13lHAHfWlCq0e9cbwEe8qiRGRVVenY41fDYD+0/SWufOlUZesjcJaVT+9B80oZUcc9vMjjhEEMCOdG2Uzrf24M22aUkCtWFXLdRTiab3RLwWgP/ip7AjcZizPVzvSgSqWHLw9kNpjVRkxgEZpxMlHIhqZuSnPSGeU1/x/PyOi53naKen5SMTjT8DW6jb7naoRB0uVuJ86Mb4K4NZNqthpf3VCryhQ7eDUqmtLyjWbcAhTI525nnULgC8C+DqAj84V5di9H414yFo+gcSW2GNE4yw+ammee9io1blje7Vppx6BIxKPHzmUGmEWJja3UGopK78sArMG2QjA9iIaP9LYuzq0t8yPbSekZ8vRW09r3xAYsiw8G2YiIBrMjmQlVrxm62T9GwJLI3DkiGdpw5jwhsCRETDiObJ1TTdDQCkCRjxKDWNiGQJHRsCI58jWNd0MAaUIGPEoNYyJZQgcGQEjniNb13QzBJQiYMSj1DAmliFwZASMeI5sXdPNEFCKgBGPUsOYWIbAkRH4D1deLKCxzAEvAAAAAElFTkSuQmCC', '2025-06-21 22:23:25', '2025-06-21 15:23:25', '2025-06-21 15:23:25');
INSERT INTO `master_partisipant` (`id`, `agenda_id`, `nama`, `ttd_base64`, `hadir_pada`, `created_at`, `updated_at`) VALUES
(59, 9, 'Devita Nela A', 'data:image/png;base64,iVBORw0KGgoAAAANSUhEUgAAAVIAAACHCAYAAABEUdHHAAAAAXNSR0IArs4c6QAAFQJJREFUeF7tnbuvbTmRxqvpbvEUIEE2AQgIiEgQEUgwEilEk88EECACkCBEAiQkEv4CIsghgYgACdAQIEJSGAEB0fAWz+Z1DduNr9uPKrvKLq/1naT7nuNVLn9V/u2yvdbazxB+rqDA3x+DeGZwMPH68N+XMWzE9n8louce7Uu/Y5j6Z5O/EVH0fXQMrb7+QkTPTmrEHctIuxcSHS3GP+ITrhEogKAJxHLaVANCEYJhiJycKIFbCuNUTmn/0lAApFLF0F6kAGfSiAyi8XIFNEAqsVFrqwHStMLVFFIyPs1+ubasP0i4fqDdoAIA6aBwji6bAVgchgQ02iBdARHJ+HaENmoQKufndziAPucUAEjn9PNwtQZIJUvfWn+jQNTwvxeHU0D6dSL6YG8w+Ls/BQBSfzGRejRzyFPap+wdONX6GwHpKsCt6kcau9g+ageQjiq4+TqAdHMAFLqfPbHPJzMXpHnujMBqRTUaxjfim0Jo2Ca0YsjuEA11FQBIdfVcbU0TEJyKstWf1Bdp+xltV/Yl9fP/iegNj4swH6XqOWmPwDkJxKAbmoDg2Gq1keyzhuFywD0oy0suW9mX1GfcQypVzGF7gNRhUAQuaQKCA9LWUnwUpFa3PJX2f8PvvOW8ZgwFqYOmmgp4SyrNsd3BluYk5ICwd7DF3fPU9JsTZ65fHFvabXDrk7aiG+wBpBtEV+xSGxA9e71Dkd71cejcdlpSre5P4jdAKlHLaVuA1GlgmG5pA6JlT7L0by2hOXaYw2c309aJ3TGjIW59YojkvQlA6j1Cbf+0AdFacnOW4xxIavvMieCOPjl+hTa9Kp9rB+02KgCQbhRfoWttQLRAyOmrB9Le3xUkKZrg+G7Vd88uQNpT6IC/A6QHBKnhYu/wRzo6Dkhbp+y9AytOVSv1mdNeWydOn5w2uIeUo9IBbQDSA4K0EKQ1EEoqyRa0dgFtV7+97MI9pD2FDvk7QHpIoCpuWiwLS9AZAWmwk74kelc1mu5DrrhnVZJROzWR+Im2HQUA0rNTxBKkKQgle4y1thIb2lGx0EnDR9z6pKGiAxsAqYMgDLrQ248cNFt8dFOyNC5VWZKKdtTv1nXeQfpzInqjxcBhc40CAOkanS16sYJTCYQSEJX82lmNpkt7b/kedcHr8yxmyEKb3hJr4dCP78oKpLldaT95pSy9XjswVpX7iJ9/fnzJXdw7lnxAjfSHaxYpAJAuEtqgGytA5eCRHojUrs8PnwwkKZr0BNIUnF8jog88PMY8XJUNRv0ggEbCLjC7GqQSEKZL+Zhju07MrXSShjj1I1SmoSqNX2WNeShV01l7BNBZQATuSCtFgekXD5wC/OL3wUtAWALprlwDSCWRR9shBXYl95CzuOgpBVaANO1Qkiupb9GG5HrNUHsBaarJn4jo5ckgd2mjqfOtbSGA54bf8iR8FoQpvHaD1PIDR5I9uR+4h1SinvO2AKnzADXcWwlSyf5ocBkgfWngaiDFrU/nzsEXPQdIzw2iJUhzEEr2R4Oi6Ul5+LcUxJpRsdRJ4idAKlHrsLYA6WEBS9y1BEQOwpE8ScEhBbFmVCx1kvhZA+mItpJ+0XaBAgjiApGNurAEhDZId+ZZ1GknzNO3PAV/foGvYDaaFZvM7kzwTUO+TLeWII3L8ZmDIm+HPDtBmm6VBF1SXzAHLzAlEcRzg7gKpKP7m95AujPXU5Di1qdz51zV853JdUE5lw5pFUjDoEbyBCD9dzrg1qelU2N9ZyMTZL2X6LGkgCVI81P7kTzxAFIvz9kDpBefwyMT5OKSHDM8gLQfKo9PNYU5F2OHe0j7MTyiBUB6RJiKTlqCNK2gNJb2uw56vIMU8+/c+feU5wjkuYH0DFIvN+R7AGm+TRKqULw+79x5V/QcID03oCtBKj25z0E6WtXORsfDPi1ufZqN4gHXA6QHBKniohVIS8/JS0EaXNbYHpiNjpVGEr9SHXAPqUS5g9oCpAcFK3PVChI5AGO30lwBSP+lXKrDH4noFUkcpZqem60X9xyBPDfA1iAN9tP8kOaKxmOms9GpaRR8i2+nn+2jd30NpMGH53sX4+9nKCCdHGeM6h5eWoM0nLSHr8OIOTKSK7v3KGP/6V0Dqw+gaveQ4iuYLzRPRybHhYZ/9FAsQJpDZvaG9nx/MH575irhSyBd7VMNpLiHdFUWLOgHIF0gslEXJ4A0P7HeBdKY5/m+7cghmiScpe2N6APmnkRJ520RTOcBarhnAdKSzZl+du+T5tBaDVLcQ3ru/BJ5DpCK5HLVeAZwtYG0lsKj1duufdJ8W6J0W5f1E1d5n+khF+aeq+k05wyCOaffzqstQZrmxSwIZ68f1TgHaapXHJ81SPP92PTDCHNvNLIOr0MwHQaF6ZI2SGun2bMgTO1agyuVrgbS4MOzj4bW/qTa/YGIXpk4KJl73yeidzHzAs02KCAJ5gb30CVjjzQ00YhjDZiztwvt2ictPaYatSptYVgkmwZItT8wLcZ5e5saE/D2Im4SYLZSzN2uTdjZW6BCP/khz4q8K4E0Lq13gDR9fV74cIpVcSt9Ut3Cm/XTp6I2pR26LSmwIqGhvI0Cs5ViDaR5TliAVKuKbinbenHKqluQ8g+7+O8RkGKu2swjFasIjoqMW4xoAC463oPy7PIyr0hjv5b5txukrXtIOSBNY8JpvyUJDTt9MxH9z5PVzKeJ6FtE9J+GfU2btkzkaedgoKvALOB2gDT4PPMMf1eUpEEK8PRgaUVFWvq6FklFmvr+TSJ6v2TgB7f9DBH9NxEFkMafzz75n/B7tz8AqdvQsBzT2iftAXm2n7ziXfXEU83v3SD9DRG9rhFhje/MYiWQk0Zp9Rld+jERffkJUL/0pDIN/+/6ByB1HZ6uc70ledfAo0Hv8GUWpKVtiNRmPATi+sttV/Jbc0uk5UfpwyL60wPpjsM5rqaa7d7z5C1cnyOi9yZGI0BdV6C5CACpZlqst6UBBY6NWWDX+qgtvbWULFXanPFq9F/6oOCA9IXsFX9XfN1e2PN8dzbO8LtYgWrov9QGQLpUbpPOesvyXqccSGrApwe14Kd2ZVpawmuMpadpHEts93sienVyG1hrzzOvRq/yur1S9Rli8V0i+tSTPeD/5YjqtQ1A6jUyfL9mQcq5XgM+tX5qN87PPnVU+4DgfHDw1a+3LG0rxN9JQHr6HP04EX2UiN6WSBUB+j4NoT3YOD1IHjTc7cPs/mVvfzSOj9uupkfLzzCx0pdIpzZGq9TatoFnkObVaNDhxDlaqj7DWL59heqzlOAnBmk3uLz1PwsG7gk2p3JtacMFfq1ClQIVIF2fqa3l+2WqT4B0fWKt6HFm2S2BMBeEtTFL+go2akANf+st+/Pbh3Z81UhraV8qYEqv+TvloKl0ePQrIvoqEX1oxSTY3Qcq0t0R0Ol/FHKS6yRtS6MaBf7Isj9fIpduxrdcNtde1NKq/tOtk/gcvuevI7lt9YmKVAdaHq2MvmFJslyXVpS5TqMgTe1wl/0ckEq3CiRxrz1wUANpri13u0Xik1bbcJ/nfxRu0Qqn75devrcEREWqlV777Yw8LSSZsBognD2wiiq3lv2lSJQq0lUg/R0RvebhVBx/gE6o6OJP/oEmicuKzPuvJ2P4AhG9Kevse0T0ydNvXdIQECDVUNGPjbQS64FCWmFqgrTnG1fR1rI/tZH2J6nCuX7k7XovyY73lYbrWk997ZyfNXgGn3+SPQs/qtNlrtsZqMuI6GwgtdNq7mRvDWe2orSEWK9KjTC19CGvMMO/S1/bkoJUeihlnW41gAZ4hurzK9YOnGgfID0xam2fufulI4dHMxDi+jUbkXx/tGavd/I/40dN21y/HxHRWx4d/R8RvfXx/7Fd+rsZf3rXovrsKdT5O0A6KaDTyznQGoHiyDW1StEi92qHNr0qOzwMoPlT0ykHbA+41iBF9akUdYtkVnINZiYVKAEsTtwAjpFlOhekvWV2vuSdHOqLl9dAFX4fIFt7eioa0KhS07GnB02hj/xlzRHgP80OcuI4whfmvUpLnIcdVJ/Kglols4GbMDmoQOkm75KpCJrnOv30tgN6N9EH8/EeSYsP8drpd+2wqeXDKFRbh3gBrCUw5n5EG1qHch8hos8T0WsLj5xi73NwcqWXWSSzglswoahAgFv46VVjeZdp9Rr/VgJpC54lEHCr2hEJou2Y13lfpRPy3sm/FGatD5sSSPNqNIw73TsdnaMteIY+vpO9B3REb1zzUGA0SBDwbAW4lWprlOn3w+ftWnnVq2pHlS1VghyQpv31oMqZL63xhVfFhfdw9oqZLxLRhx+NJJVxC57Br/BC6dePCozr6gpwEgP6XU+B2mSPIAkjluYGt3KzAmnJbg5Syb2z0ko7r9prenDHH55Vj19H8gMiekclDQFPB/NTOlkcuAwXFBSQLK97cJXmkARmkqGWxjQD0ti3tEqNfeYHTVzQ5hVy3FMO32sffp5/bNPUtPn14w+oPCXZM9lWOgkmu8PlThSIk12ybAyua0BQ4wmpkoylMeXV36z/vSo1reQ5b3jqzb/wWOYnGDnzWyL6GRG9ndEWTQwU6AXSoEuYdKBAfijDdUkLgpKKmONb75HMCLhZkHKr1BSoqf8p2Gtt8vEGmH7s8erA8LdfEtEPiegbjy+O4+iDNsYKAKTGAjs0PwOT00HK3Z+UhI37wEHpgA/zT6K047YIpOPgGLk2A9Lg0mg1W6vMNHKwVuHm4NSuhNMxlYBaew9qvC7se77CKM4wu1ABjSRe6C66UlBgFiaj+6up67Mwz2Wo+VR7ZJR7h4FU7nzpXvrgCXMutgNIpQo7bQ+QOg2MoVtaIJ2BkdYWQZSpViXvAmnvHtvvE9E7O6fvhikA09oKAKTaivq3N1tRzoI4h5/0zoFc4VZ1uxKkrQcCos+Yb/7nx5CHCOyQbEdfNLvHqQ3Smco2XTqX7NRAOgvvUgLUDrLy5b5F30cn5BWcB0ivEEX+GDT2JrVOvrXtlAC18ruQSuOpPYqLecfP2SNaIqBHhEnNSU8g1fCldJhTO9RK9y0t8r4E0vR3af+zVbhaQsCQjgIWCaXjGaxYKKCxLNcCoMaBU89G6msYe8x37bzPK89gv7dnqu2DRb7AJlMBBJMp1EWaeQJpr5rkSN6DegpaS5Dm+6DpLU5hHHGepf5gr5QT4UPaAKSHBErJzdkT++BGD14SV2fB3vOF+9SRxOfeQVP8gKhVv1p7w7M+43pFBQBSRTEPMDV7Yh+G2FtOS2SYhUoPxLWvW7H6jqZ87Jw7CSR6oa1TBQBSp4ExcKtXvXG7BEifVqr1kuzS/OrBnxsHtHOkAEDqKBjGrngE6axPnK0K6/s4ayAtVaOaH0LG6QLzEgUAUolaZ7edXUbH0WvCYNYWZ6uidBCkGcncftwjzbcP8m0GzD3NKGy2hWBuDsDC7rWWlLPwS4c8Y4tbza4Cae0UvrRPi3m3MPFXdIWArlDZRx8eQRqrt/Bf6e1A3kCaz6VSpRrGiTnnYz6oeoGgqsrp2hhnP5EzgJkqsmR/FPDcrQrLijSHee+rSLTvFuDEC20WKACQLhDZSRec/USOq9xKkGMrrUilj01yAWwJ0lrVmY4dc4ybCQe3Q5APDp7Qde8glS57uRX2DpBKtymEoURzbwoApN4iYuOP5nJcuyIdtcf9YLAA6aonpmyyAVbVFQBI1SV1afBqIJWMRxukpeU85pHLtF/nFBJgndY7e5KAp+fnaAVZszvim8QHTZCWIIplfC9jbvB3gPQGQVZ+0YgEYlx1ufud0Z7EhxR+0gOt2F/rNB5ziBvlC7dDElw4uMnQJODpKaJpK/bFPYEfaT8L0vwRULyguZchN/w7QHqPoGvCT9PWCBjDNZIKdgakpRc2p/1j/txj/nRHiUToSnSJBprw07SVgzT8m5OT3BP7YC9/Sz73pvja3qrF+C+RZHceBCdp76zPVcauOfk1bY3seUr7HwFpq4qVbkNcJYcwjoYCAOk90kMKn5YqmrZKhzm9nJSCrLY8r42xBVGLsd8jAy8+yl7SXnz4txmeJgC4z7hLxeUCUrI/mi/te1sHvf1Uq7FLtUJ7ZwoApM4CYuTOFUHKzV1ORZq3qd0mxYW9URhh1qsC3GT06j/84ilwEkhbVePIOPJ7QNMb6CXf6TTSNy86aHW8AgDp8SFkDUATAlbLW46PI33XYFnK/dZ8QDXKSrV7NgJI7xF3DqS4SozAjGOb853vIzBrPZUU/eI85indm+WMGW0uogBAepFAdoZhAdLRxy1brvZAKbl/NO0nheCzyR+4Y9DU7x4Zd7NRAqT3CLgmCCwrs1a1OzOG3OdQpT4nCH0P8AJTaHpFBQDSK0b1pWOagVBubbQq5Cjd8nNmS2EW/pZj5uiCNs4VAEidB0jJPS2QatmpDav1Sr2ZqlDj2uAz5otSQl7NDBLjahEtj0cLgFp2RvZJZ6pCDZBy91PvkVEY5VMKAKT3SAgtAM4Aiat0yddZ/0f9nu2XO2a0O1wBgPTwADLd1wLC7F4jx910eR+rwFEQxv5G91dHr+OME20upABAeqFgNoaiDVLrvMkBNgvwUSDO9nuP7MIosXl+kxzQAKmGDa7c2t/SOeL7yDXc8aHdxRSwriwuJtexw9GAgoYNiYBpFRmvG83XEd9ntxMkY0XbwxUYTczDh30790dAkou0Gix5VTqTqyPfVDpzl8DtEuzuA55Jzrtrd9L4R/cI0zGuBqmmvlKQauil6T9sOVcAIHUeICX3NCtSzgs+lNxWNSOpME/+0FAVDcZ4CgCkPJ1ObzULUmlF51Ev7gn8rFYexw6fjBUASI0FdmJ+FoRXgAu3ysSy3knSnuQGQHpStOZ85VZkpV6uABcpSE/dwpjLElw9pABAOiTbkRdxQdIC6cnPm3M+DDhtjgw+nLZVACC11deTdQ2QnlylcSA5o5GnWMOXxQoApIsF39gdByQ19yQn3huH2Oy6t887o4/XMcOvRQoApIuEdtBNDyQ1F0evczDkp1zoHbihGvUWsYP8AUgPCtakq6NAvFKlVoPlqDaTIcHlV1EAIL1KJPvj6FVkvWX9yQdNcWy1DwVUo/38QYuGAgDpvdJDegsU5yuST1Kw9GGCavSkCDr1FSB1Ghgjt6SV15WW9XlVGsYWIBq/nvkKFbdR2sBsT4F/AIPYl9Ok+xHQAAAAAElFTkSuQmCC', '2025-06-21 22:25:23', '2025-06-21 15:25:23', '2025-06-21 15:25:23'),
(60, 9, 'Mulyono', 'data:image/png;base64,iVBORw0KGgoAAAANSUhEUgAAAR4AAAByCAYAAACFiL5DAAAAAXNSR0IArs4c6QAAD2NJREFUeF7tncvubUURxgtBUIQIiTpQE1EZmSg6YKjIGxiewaFG30B5A41x6iM4ZSgQZ5goGh3hLVEHaqJGFBVvp8iqnDpN9+qqvq3u3t+eHPjvvn7V/dvV1b163Uf4QAEoAAUGK3Df4PpQHRSAAlCAAB4MAigABYYrAPAMlxwVQgEoAPBgDEABKDBcAYBnuOSoEApAAYAHYwAKQIHhCgA8wyVHhVAACgA8GANQAAoMVwDgGS45KoQCUADgwRiAAlBguAIAz3DJUSEUgAIAD8YAFIACwxUAeIZLjgqhABQAePqPgf8eVbyjf1WoAQqsoQDA099O/zuqgNb9tUYNiyiAydDfUOzxsM7/JqJ39q8ONUCB+RUAePrbqBQ8/yCiB4kIS7T+NkINgxUAePoLLuDhJZcVIp8lopexROtvHNRwjQIAT3/d/3UssTzg4VYhNtTfNqjhIgUAnv7CC3i4Jo/etwoejoXxh71D9hYf6G8i1DBaAc9EGN22neoTiLx5xG1yfbvFpZYsSVPaeD3GnMb4/kIFAJ4x4suksoLn1pZaGjoCabGMHqOAz5jx2r0WgKe7xG9VUBJgljyvE9GjY5p5SS0aOqkjB6E39B8swS6xVbNKAZ5mUp4WVBJgvgXw6PiX5ZxTCcDHWBi1uBQAeFxyFScGeOLSlYCkJE+x4ZCxjwIATx9dY6V6d6luYYJ5g+6sK3tG9x8CY8k1bvw2rQngaSrnaWHeSXYGHp58+jDiF4noO+O60qSm0mMGpTGzJo1GIW0UAHja6GgpxbuzpcGjy4/ZbMVf/hqPriavxVZI01kBgKezwKp4y2QJPZmUffSW86qH7LweoLaURctxlkVNbgUAHrdkxRliAWYNmhxk5F6fXU7yemNeWnjJi3M9xcPx2owAzzj9NXik1lB/mVACGQ6i7jq5SsGjz/Rg/I4bv01rguGaypksTDybmN48AVPLpdLJOaZX5bX883h0pASq8HbKdZ8mJ8DTzxRny6gz2MSWFLvZqRQ8iO30G69DS95tQA8VL1JZDjachTW3PrMlv+67PTZRAp6WS6zSy9muHl/b1A/w1JsyBxu9jPL+Yu/62ESpDmyt2qMD4XNfmAP1c8BdAkR3S/ZWBg9sdA3eRycAnrsP2LKOJTEhrX8IHfFAy0YBchUrAPD4pEsFia0xG+8S45bBE2rdAzp/JqLHfUMAqVsoAPDYVIwBxwobXYOAx/pL612S2Hpzfapcv7RnUqJzrIehtwPoXDgOAJ5z8VPAsV7aHivds0Wem6AXDp2qqlP9au3l6EaeXTBW1Rlk9isA8KQ1C38ha119qUnK5XjPQxmT/YmIHmsQ2/CPjL45+NU93HetqX7qnGuvDSKHPdD2hLfT177Z0gGet0sUA07L56EAHiINHtaDPUgZi60AH1rWu8zNTh4kKFcA4LmrXczNbwmc0OOxTLDdPZ5w5Lb2cnT5vySiJ44/WLQvn1XImVUA4Lm7Na5/cXsApwQ8nMcTE8oafJIEvZaxZ90LYzyAz4WD4ZbB0yNwbDGld0t9J/DENO/p5Yg9xNv5FRF9ZMCyzjIObjrNrYLnil9cGWhe8EhbVw+Ixg7vjfI6NHg+qt76IR5lzS7lTQOktPO3Bp7egWOrHTxezOrgSW2RezSw6ppKF6tL4meAT626BflvBTyjAsdWE3gm3argyWnu0cCqayxd6O2EaVhf/sDrqVHZmfcWwKPPh7Q6BeuU+W3JPVvqKx4iDD3LWBxnFHikHo7v8DILnwkU2B084dH7WX7VdgWP5+TxCPB8j4g+f8yz3cf6BDixN2FnY8wKHbaOx4tZ5SyP9/mqEeCROl4komft0wIpeyuwK3hmhs6q4EnFQkp3CCXfG0T0cIeBDm+ng6ititwNPKGrP+KMSIktvFvqI7yDs36kQF4D+N7gWdHb+e5hBPbO+PjEtjGpncBTMwlK4FGTZybw6EvNYjEwvSzUp7u5//z/pQH7nuBZwdt5+RhATx8PzMbm4o+I6DM1A23WvLuAZyXoyFjweDGStuUhQuvJbambvUf+yHvLpR+lXmVP8Mzk7YSAEWDnmLDbPdv39HcH8KwIHTaCTA7L9Ritz/KEmunJoE8Tx4LgrfTuBZ6v3enM1y/cyXqViD5xAPpsfon92ft9gYieO9rM7edg+Es5Mq38/crgWSWekxofJVvqLTyeFDj0eScZFyF4wjtzah556AWeZ46Jy/B5fsDkZNB88gR0GjCvHOk+N6BdU1exKnhmPBToNXQJeGomOrdPg4T/O3wdsnwvyye9zOK08v/8r4yd0jHUCzxeO3jSM2T4YwHNT4joKU/ht5S2dNBcqVErV//KPoQQyB1s9Jz7yXlY/H0qLiNA1/EngV3YhhBSXj1b9Mlbpzf9a0eGj2U8GtbzZwCNXd4VwaN/dXMT1q7E+JSena3aQ4RWWJ+BJwyG67QldpgRPFbQsDfDH3g0hfNmNfDMOFgLpb/n+s/cxK0BT7gszdUlgJF+6d2scKlXY4+avKWax/IxbHIezS+OjE+2rPiWy1oJPPpXe6V2n40v65Z6DXi8HqLWmdvOWqcgoaHm3Va/CjwAzQTEW2kCeyfQKHll+5YfRvRugeodj3dlGmyFlC6mZHLHwHPmNZXU4Y1x1djSAhrWlq/PgEdTo7Qj7yrgKR3cDimKksrWLWcu2b6VfnG8pzV4Sj3EFGTCOBH3WZZtJfYpyWMxEkBjUeniNABPnQHECymBjv7V94DnD0T0gUyzvXGdsLiUdxl6Q/K4BOeXE83WJddfieiRBu8MY9DwM008lmPjmdsIj6ZunDfPvQp4SpYZzcUKCpTngUqh411uyKS3gKfWm8jlDwGkpbGeNSoFz2+I6INHhQBN71HeqfwVwJObBJ2kOS1W4jq197zE3qiZqtgKntIlVklsKAUg8YTCA4q6Dg94BDYp0HC5vPOEGM0Vs6GgToDHL1rLZ4Fag8d6XifXay/sOT1/wvEknmpsC/8MPAwa/rBnkyoToMlZceLvVwCPDN43iejBi7XU0CnZxYo137qMtMCg1c6fpa4zz8wCoRA8Ftj8jog+fPEYQPUNFFgJPFe3VUOnJq4Tms26s5WDQe57z3BpUdbZMow9IA2eFKgYNPwBbDzWWyDt1ZM5J1GLCZCrw/J97bb5WR1W8PyeiN6f2AVqEdfRbWzhOYU7azG4hLpwvfBqLCNy8TQAj82APySiT99J2tLTkZqtcD0DTwtQxMBjgcWZguE1Gqm0v4VXYxuIu6RaBTxXxXe+QkTfOIzd6xpKa4A5BR4ruDxjVj+vVTJGzra89ZUa0qaSOjz9QdrJFJjd4NbAaw9Z5Q2UXHaLC7hSbawFT2tvh9tZsnTLwebMe5p9HPYYXzdd5uwGvwo8Gjoj3kBp7WeYroe34wFP7nxNLF4jW+/8LweZeQz2BPtNT/BZOz87eGRiWe4lbqnxt4joS0Q0Ajrc7lLwWPN5tYldg8pltN7yFvsCPF4LLZ4e4JnDgNadLQENPzbxPvV6mdwdO95eavBIXbGlkuxC8XclW94Aj9cym6QHeOYwpBU8emkltuthQwlkx9RpueXda6k4h1XRiqQCPQZtS7mvWmq17IOlLOsEDMFjfSDT0gaGDXtRZ55NiVdzVre135b2I81CCqwCnpYTbEbzWHe2wtPAtfbLwYa1ar2M0/rX3Kw4ox3RJqMCtQPXWE1xslv5RSwBTymMc7D5o+G+n2KDBhkBnlZKLlbO7OCRCcmyWi7LWkz+e5pr2aEqBfFMsIHHs/IobdT22cHD3SydbI0kGlaMBTyew4KzwiYU1NLvYUZARWMUWAE8twIfAewbRPRwxPw6vpNaZq0CG909gGfMXJ+qllXAo5dcq7TZa+gcePTzUxo8K8ImBh4cIvSOmIXTrzSJd19ynYEnto0uwy52Q9/IAHHt8MchwloFF8y/Enh2DzSfgVXHdmI24+9Xgo2eKgDPguCobfJK4Nk91hMDD283v/fktS2rwiYGntLjAbVzAPkvUGA18LBEnp2dCyQtrvLvRPRu1T8uKLaMkr/vcnnW7kvo4gGxc8YVwaOXXAKinqdrR9ifPZtH1UvxpE65NEt7AzJRc+DhS8y+cOe1ys+O6EBFHWc3K1YUi6wzK7AieFhP9g74lb/S/lXd9NRSivvzlzu3Hz52DJ4YeHJ9Fs+w1dsweo1jgKeXshOXuyp4RNLw2aXcZJzBFGew0U+cp5YglqWJXGTW67rW1jriLE9rRScvb3XwxAA0I3xyns3jyrORGE4qlsWXcX3oiAV9/8j3NBE9pMaa2HXURWa1w1zfM5R7L3xtXcg/gQK7gIeljHk//Per4j9W2OhhELtvp+SJdJ7I3yaiL08wxixNkD5a3gtvKQ9pJldgJ/Ckll/8d/lF/dsRxO1lFits9BWi4uGUtEn6xQ/QvnAU8FxJQRfnsSwfL24iqm+pwI7g0QBKTWqZsC28IX4j5nuOSrWeEiDmrxh4/B7wHGRkF0v3gf/2U2X0pxx3NLccKz3LAnh6qjth2TuDJ1zCnE16/RyUzsc7S/yRGIx8x3cS80fekiB/j5WTOmnMecJX9OoJyP/9QGLMWLfUJxxy0SZhZ2sVSzVq562AR8uV8lAaSRotRoCUez2vPkR45o3tCp6cR9jTRih7oAK3CJ6YvByb4Q8/nhB+UhqlvCTJz48z8Gt5PPcUMxQfOQo4s82OSxNsqQ+c+FdXBfBcbYG31y8T8PWTQPiO4MHO1nxjsVuLAJ5u0hYXLBPwDDz6LE+LAHlxYxtmBHgaijl7UQDPfBayeDM7g2fGA6DzjZLFWwTwzGdAifPkJuBuMRHsbM03Fru1CODpJm1xwV7w/JyIniyubZ6M4sVxizAu57FLl5bAwF1krS5UezPPEBE/Yf58UKosyXYBD3dP+p278qNaYBRwrQIAz7X6p2rXAebU9rqk4X/vn7Mb7lbtdj7JLcCtZAB45rS0Bs8PDo8nvFfnNSL6+OEl7LazlYtvzWk1tMqsAMBjlmpoQh3n+TURPUFEX73z6MY3VSsEPDvFRHbcrRs6cFapDOCZ01L6neIvHR7Pi5FrTCUmsmOcB2NzzrHZpFUwbhMZuxSir7zgS75iL7zbMcCMOE+X4TRXoQDPXPbQrZEJyHft5MCDAPO8dkTLIgoAPPMOi9hthKG9XiWiTyHAPK8R0bK4AgDPvCNDx3n0JfC6xQIeBJjntSNaBo9nuTEgcR6O7/CrbsKdLe6QpPkxEfHthDt8dnscZAebNO3D/wFdfTuvm5CbNgAAAABJRU5ErkJggg==', '2025-06-21 22:27:59', '2025-06-21 15:27:59', '2025-06-21 15:27:59'),
(61, 9, 'Bu mul ', 'data:image/png;base64,iVBORw0KGgoAAAANSUhEUgAAAR4AAAByCAYAAACFiL5DAAAWUUlEQVR4Xu1dewy/1Rj/ROleKrl0QywTCrnMksK0YSbEdDH+KIaNZm0yc91IW4jNUvzTpEas2shcQrHMLcpdUyqVkGsXd/bJe+pxOvdz3vOe837P+8/v8j3vOc/zeZ7zeZ9zznPO2QLjGQgsi8B/pub5570yRFH1bJFRx3i1EgLDSJWAHs1YEShFGKqeawDsO/BuG4FBPG3bZ+3SXQrgkEnJXF9UxPMvAFuuHbje9cs1du/6D/mXReBWANsXJp5/A7j3smqN1n0IDOLxITR+nxOBf4joJNcXVcRDeXPrmlPnUfcw0PCBhREoSRYl61oYlvU3v2lfhr9PYThD/J3Xb16rhhyOsKMuPSQpSRb/FPpsml9358qbYiDp4NJIm6K/1Jmko/ReWn9llxLzMoN4OqKfpR2vBlR/A3AfS0P8bZsaQhRog52UnWurzLpKRhmZotwZdfG5DcAOmZW1RKiZqqz/9bUTjynS+SiA44Rpe8BgrZOwyj43ANgrs7uVSkTMFGO8HoJAD50uRA9TGeZzyExYmd/R0lc/RD+pS67NWtK9VPJgSXxC7DHKZCKQ68SZzc/6uuxgBwG4XLQmHXV/AD+ZVZL8ykt2rDUST0s65Vt7A2pYK/HIjvpnwwoW9eacgHpax6EU8ehR4NJ6l4h4rgOw92TIcwEcvQH9tnsVl3a8uQAM+QKGlJlLvth6B/HYEevJjrF2X235NRKPL9pRxvwTgJ2mf7S8uvUiAJ8qFJ2tLeI5B8BREzbXA9hntT11ZYqtkXhivoAxZZcyvVwmpgw5NtNX+XLqKoFH7lCrB/uVwGl1dSzteKUBDY12VLs9OG5JsihZVwnblSKeEgmIJfQZdQQisDbiiSWSkvkxgZBHFytJFiXrilbE8EIO8YyEwRIWWKiONRGPdETTSpYJYrm6VSIreA4zliSLknWV0DWHeEbCYAkLLFTHmognNtrRh1t8P+fozTlMaNrukWOztRBPqVW+OWw26gxAIMeJA6qvVkSeZBcbuaQSVg3ldKJY6+QyVxjvGwFoyzaLUGNzi66FeHK+gC3PFQziuWfflLZmmsGLN7f79qv5WognZ7wvj1N4BYCzGjJnSeIpPWwrAZPSLybiGdFOCeQXrmMNxCMTAXnQ19aRmD4bwEXTOy3N88gVN6lSqs305MHcYVskzMbiscTDXex7TDWNaKeEBRaqI9WJFxLX2GyJoZKsYz8AVzWgoCnaySELPRExp65S8MQSz4h2SiG/cD1rIJ6cYZaC/2QAJzUW9ZQmnpLDtlJuG0M8Mtq5EcCepYQY9dRHoHfikfMWobk7NpRlRMBldVvHr2WlTSKe3wHY3QPsiHZqeV6FdnonnhLDLAXz+QCOaCjqGcRzdwcY0U4FMqjZRM/EI7OOS+3VaemrOojn7p7Qkl1q9s/VttUz8fxVrGCVGhqVHLrlOk1J4jGtaJUi6xw9lY6uodaIdnIQbvTdnomHkNJxSy+Bl5iszjX34QA+b6kkxWamFa1eiGdEO7ne1OD7KU7coBpFRSo5b5QqmIkoVF0pNjNFTy0Rzx0AtjOANaKdVA9q/L0UJ25cpWzxZEJi7kpZijAHALjC8WKKzRTxkGzURtiWiIfqmvQa0U6KB3XwTooTd6BWtoiyo9a+5ld2NkkUJSIebg/ZcqqodeI5D8CRk6wjbyfbpduqYBCP2R5LfWlltEXJuAVEvwU1xWZKH767JKnqaLtwXsoGbfXQlUqT4sQrheL/1MrZ7Z6Dj+xsu0w7r8/UKoy1mX7Koot4JEHl6BH6ro1cLgDw/IYis1B9RrlABGKdOLDa7ostMc8jO6Ha7HoggO9nEo9OojbiWeIYWBvxtDDB370Tt6zAIB67dWouq+8K4JZJFD09QF+RirWZ3rltxCM7e+xhaqk+biOeloaDqbqN9xwIxDrxJoEpI4VSCYo2/Fxf+FLEowjN1qn1Se0ak+om4llqmLtJvr24roN47CaQWzJKJynaJllN7ejEsz2A2yM8RyeaEOKZW18lvol4xqRyhHF7LTqIx225Gp1Azq3waI5TNJF04uE94b+KcLgU4mH1NXyDeVI7TrqwvV8DeMD075sBPDBCz1G0IwRqOFdHcNxDVHksqsLqBAC/BMCVlxKPj9x04uGE85URDesrVSERTy3ikZnJDwVwjdBr+GaEkXsrOozrt5jqqCQhnhnzBwCXADjM/2pQCd9Eqk48hwLgrRqhTwjxzH0sKhMBHw3g99OfewHgvNYTRIRDTKkbnxaSG0PxHeUSEBjE4wdNj0h4Zg+XuBn15D4hS9g68TwPwGcCG5a77ZWtTUQ3B/G8GsAxAB4PYNsAeSmXknH4ZQBgPRcZBvZbzzcU8tdgLxGSr6ITT0w0YFohMhGP3kbsUOvsiWAe4iAZ5iZxMyiPwOAc1ScBXAbgexo8tSa2c+w23s1EYBCPH0CZTPgSANxDVOLRowybLVoknusAcJI75LkJwOsA8FYI06Prd6E4CTKk/qXK/GYaetfKeVpKz1naHcQTBqtvHiaslrtL6cdeuHbB5xCPa7laRk6hEQ/nt1w3fnJoxyHoBwCcHgiK3nYvPjlnJBwIXb/FejHy0giXcjIOM3bTlDl4GnLYdFyaeF4A4BMAttIEZCTIuaZjM40j56FihpGZzWa/XsonsgXpsYJBPGFW0y/XS8FN33keOpehD8liOqfqHLKt0DkeEgpvVdUzmGNu/QxBt9dM5UE8Ida1lEnpQBnNdf2qdLTYG0t10omZFyhBPKZhlW+opRvrBwB4SFnpp9cOXHr4XRrXpusbxBNnnhTy0YkjlrT0aCsl4skhHt6qyttV53oG8cyFbMP1DuKJM44eufBt18RwzCSyTRLOAX1d/JhCPFJG/UvNXBsuh+vP1QAeFgdPUmlJPD2dNDginiRz/++lQTzx4JmS7W4Ve45Yo2n1h5m7P4pv7s43ZOdMIR5pZ9lhWLc6g1kXrYZvMPqTk9Z/AbBTIka1X1M4vhfAibUb7729Gs7VO0Y2+U0ERGfUiSF0EtmF0xzE47NLDd8w3aZRo12f7r7fHwfg8qlQD/L69Kn++wAtD3K5idRUU+x8jk0aSTyhRKavFh0P4MOGCId5N8w4XiLi0VMFQnXLs1r+26atKPm1blANg3jKGDt27ie21ZQkO0k8/Lu+LO5b1arhG6GJi7F4zV2+1xSAuXEJrr+GcwULs4KCpwLgsRnqCplSKqUQj+tSQMrVEvHIa3x68MlBPJme3YORM1VcxeuxxCOHAgoAtWIUmkBYwzd6jXh6TQFopjPUcK5mlO1YED16sdlNz/lRKttWtdTwaykC4P3wvCdePj345CCezM7Ug5EzVVzF6/oKmp47ZCMcfUjFf7cU8VAeXXbK9xUAz2zYcgrDXibDm4NyEE9zJjEKpBOPcngT4ajtGLYEt9aIx0Q+EgTKq9IU9I2qS1lvJA9mIj+IJxPASq+b5mz0pvX9Xz0Rj4zEKkEa3IwpYXMQTzB85oKDeDIBrPQ6jw61XWlj23CqOoc+LHNFPEuuLql5LBnNMavallldCfo7m9H7icKwVJ5WTV2aaGsQTxNm8AphGlL5tk6ozmHrNHJ+QpKR6ui1fYPEqs5mrt02DcBztLn7Xm9bx5m/8//48Dxp/ehWrzFHgbFXq3UfcE0am77E+tyI62stf1PEw+hJ5SDV7vy/ALDvpEDNtk1bXyiGjdjPAXDUAnK27qtR8tU0cJRgG1z4jQBOdmzgDRkOuW6v0JeC5SV69AdbpDS3Sc4A8MpKHdpF6L6VqpE8WMATBvEUALFQFV8A8CxDXTwulfd5mYZDtvkdV+fQiUcvuxTxUPU52+ZQbhsLobPdvwLYLsCWLmx5HjXPmuZtqM8IqGtji7RAPBcDeHqhIzp88x4tGpoOv7VBMP2IUVOSn+3r7Ooc+m8tEs+ZAF5VwFi2eRtVdchJkDyriBcQ8jA0EoskL1ciITfeXltAh1VWsSTx+G4syAU8xKly20h93zWc+qIhm1dGA+rvynYmG7ru6+qBeH4K4JGJ4PKI1kd5hqr6hlk2xUPteTvGngVW0kg4ph3/iSqt77UliMc1mScRNjmHzQI8QGoHh3laISHbcIpfzjcBOMWhg/y6+uZ5XF9iW4TDpuUczxJLxUrulPOdbX6liFpflo8lGmLOuSEZnV4g7MX6Qh5GTa8HwPvDGJFt5FOTeHhv9i4GlP9o+f9Ug+RMHKa26XuPOu5sKBTTuSWZ8L37TPWZbOgiHv0sGb3skslxKlILvcnCRzZXAnjshNPXxHXKLr9nnT92HGyv8PFNQtt84rBpS8g7ALzd5zhr/b0W8ZiOaChNOCYb2UiITvMdAE+a2bC2g8KuEUvHoSLITsatA9SND7/k+vyPr3PISdyWiEfhRV1tR4v4Piwk1uMAnDZ90HyRs49odPvkEjMjHpIPox0ewraRz9zEY9p9/OUFNgB+C8ATLOP+2zzDtFjHuBTAUy1tneQZTrnasg2RTFGTr3OYiEd9wX3vxuIRU95GPD6yUQl9PpKhLNSPEQ3PwE55lsQnRd4m35mTeEy7jltIf7eF57lY8MD37Q1Wdn29Y5zCRjwpe4lMxKPqWbJj3TGtGlEGNZy02YVlfDZjGQ7xP11olUwRF//84DRXE2PDUXZCwGe4VKD0oVUrk7tSHxNR8ADvgyKUfhuAt1pWQUpHUnMQj5ykboF4XHM2qtO7fJbE9V0Ah0TYMKboOOQ9Bi1H2dLE81kAz9HaK91GIdXvqkaPzEJIksMpm3NzwpATh6Uf32qUbM+XiGfKCVqKeHjlD5fOU/yEmPBed94NVuMZh7wXQjnF2Lam9TuSekrm41eSG/7UE5KYJ3EIIatck5UkHtNkf23i8Z0JbcNrybu3XPlRufbdqPdLEY/uRCrNvzcw9UiA+Lgmi7lE+7RKSvoS/2IiHtdu97nmeNgmJ39jfY56c1lcfhgqQX5XM98A8GRN9lg9asvcdHslwNM760UAntu01m7hfF9i/v7OmYZTLslCiSd0E6Nut9IRD4clXPZP9TFuGP1II35kGpqm6tWISsuKkQOePp+TmlC1LAL3bF2trOi/lJ4sjtVbJ5T7A7h5qkTasRTxpNjTNzns0lltk/DNT8Xillt+rlXQXLm6fj+HeORXgGG0yqTtFRAb4Sh9rhBZsEvoaCIUZQPuqqb8fEoRD+ty+QcjGib5sUyKH1Fe5jVxWdo0TEzZNjGHXUzRjg+bOeRYVZ0pDkMA5BkuvQ+tbITzHgAnahm0qXiVcBoX8ciJfD0T2da2/iVXdZhSIfh/OSRDGVjHzwM2fyr5WyMemXqQEg2W8IHV1JHakUK/qi0D5SIcbthUjz4Rm4pZLhaliecWALsKoSR55QyZpJ62qMaFRavE820AT5wE72nFNtfvZnk/tRP1TDzftOzRYoQjCUcC3gL5uIhHhv6hEQ/fkWX1znQVgIcbvE5++U1OmbIPTdajtk1wKMezb5Z+FEb0AXW9ziCeTKtsEvGkEE5L5GMiHlNeScxyeAhJ8ewgJkSaDitT+OSSjcRZHYzWAvHI7HZTlndm99vc11OJJ8RhW0E1l3BaIR8T8YQOv2y2sNmRfsFEPdPeMxUpfclyYFmu3VsiHomv3BtW42SFXBybfn/NxMNrR9RZLNII3KnOZLDURw67ak4ymkjGlMKvyCQkm1qv881TjpJpMy/rnYtspC24rP6I6T9S/TPVtvp7trku+g/9aDyJCKQatuWIZy7CkRBLh6w13rfNq+l5LzF5ML8FcL9prsfmC8zcPjTRv1JeYzY4jxXhk+qfKe2a3hlL6aWQ1OpJNWyLe1ZshMP/nyPdXjrlDwE8ZiYbqWp9xKPfmR5iW94yuqNBbtqXB1ZxuFX7GcRTG/EF2gtxTpNYLa1q2QiHJ7zxGIM5n5qRn494SBYkH9eRqMSCk8XvthzlcROAPeYELKDuwwHwALmWIh45v9OCXAEwtl0klXjOA3Dkws6xJOEoqzLJTZ5kl4pniJf4iId1yJUXJQv/JAkzIrPJ50olCJGtdJmY4WLptmV9coVQznvNaec59Wmm7hwAlVFqTrASuBYIRxqw1nxPLPGwvOsoUJIUV624itTaM4inNYsUlqcE8VCkGuTDA6P2N+hfY0jlg10OuebKP7ERT0yWMeVkesFTfAot/HtrxMN+UnNYvTD88zefQzyKcJSUc5CPq1O1QDimsJz/x8PEealcyUcnng9N5wj7DjhnRLOTuJWipExz1TWIJx5Z5R8lkznjpQh8I5d42Iy+qTBneTnkGMzWCEdBrUdkJbC1DelCzFu6/ZA2S5VRxPOa6S7yUvXG1MNjUNRd6i1HPCdPu/ylbs3bvpSApsOz6DwfA/Byj7VDhgqhF7zFONYcZUvv6eJ81oGefBZ9xUXpVcq2c+Dkq1MRD2/qDL2h01dn7O96hNniUMt2b1vzti8p4FkAXlYo6YtGPh3Aa2O9pYHyepp9zJU+DwbAzF3f5ki28S4AvOWCjynRraRta8PaOvHcON2xXhsX1Z5tgYW/80QAFaktJZ+33bmcMySK0YXrJarxgqoNP11DT87P8Dxh3y0LvjwSE95z2TZE/9wyrRPPHPOZIZi9D8AJ2sddyaIw6+K887md82oAFwM4PgTVlZWRUYjcN/VxAC+1JPBJCDgpzPNy1MmCrlBf7tlSEVBMpNUa9GrofhmAgxcSzjXUUiKdC+DoSvKZPi7vB/AGLeq9EMARlWRKbmZu4kkWbCUv2vb6mNRjWd5mYOtovrwp2VbOBH8L0CtduJeMZ0sv8YQQD+WaE2vbgfmua6uXHgYG2WoQTxBMwYV4+PruEfNc7FgPms5J9jUis2hNS+hrIh41h7HkWd6SeJhoyVUuPuwzptMrFf58j885AQsr0uYht3K4hniqfRMp+Xyr+u+DeNIhv2SKTjikCcWRzkHSiImElITqnRsA7GUQe03Ewy0c3FO25LyfJB6evX2qIB7dJuleFPZmyGJLi6tuVu1CO0wYPOssxQ7wFi2nI0RTztHsBuB27eaHkHNy9PpDNuXKMl189RwgcnXvcwDOBHBaCNgzlNHxtG2+vQ7A3gXbJ4HIzb6hVfODpDb4Nt+vmxcwFPWZysnNsK4m9OVtU1n5RVJ3SIWKHfI1kzlEw66hyNrL6Xvw1GR9q9hy0UJNdLcq411oNy9gvv9k1cADsL6q1UAS4Ncl5SsnCYRXvaiT9nxC+uZ31Pscmuzsq2z8HoRAb8RDpZSf8AYRHvDW7DOIp65pfgZgP9FkCPmYjjetK/VmttYj8bR4QJ/Rewbx1O9UOvn45ny6cab6UM7aIufmtp1akAmcLfeZMwDwznk+xwLg8KvJp2UQmwSskFA6+YQsk86ZL1JIrdVVY1p9bL3PKJmb3jrROoir82ShkE4+aozOSWJ1h9W1APaZ3rle/H3NuLSkm5xba31yWeEmI7Vm+3ezgrXkfTPLYtrZb2py2GpmQxiq75F4jgFw9qRLsz7TrGD1fWzxFl0ba3vPy1kc3EQB5DYV1Vd66DNK7hcCOD9R91lf6wHEWQFouHIOuRgNua4Oblj8VYjW4xyPGrLzT15GcECLlhjE06JVhkytINA78Sy55cRpw0E8rbj4kKNFBHolHpXF7kvVWAzz/wK7pDi+u4Wl9gAAAABJRU5ErkJggg==', '2025-06-21 22:28:23', '2025-06-21 15:28:23', '2025-06-21 15:28:23'),
(62, 9, 'M Julaikan ', 'data:image/png;base64,iVBORw0KGgoAAAANSUhEUgAAAR4AAAByCAYAAACFiL5DAAAAAXNSR0IArs4c6QAACRpJREFUeF7tnemR5SYURhkvGTgEx+NMHI4DcUIOwDF4K7qKqTsYiUVAf1ec92eWfoLLufQpFgl9CXwgAAEIbCbwZXN9VAcBCEAgIB46AQQgsJ0A4tmOnAohAAHEQx+AAAS2E0A825FTIQQggHjoAxCAwHYCiGc7ciqEAAQQD30AAhDYTgDxbEdOhRCAAOKhD0AAAtsJIJ7tyKkQAhBAPPQBCEBgOwHEsx05FUIAAohHtw/8E8LHs3R/hxB+0A2TyCDQTwDx9DPbdUUSz78hhO92VUo9ENhBAPHsoDxWB+IZ48ZVDgggHt0kIR7d3BDZQwKI5yHAhZcn8cQqyNNC0BS9nwAdej/z1hqteFhgbqXG91wQQDy6aUI8urkhsocEEM9DgAsvt+JhZ2shaIreTwDx7GfeWmOUTfognlZqfM8FAcSjmyYrHhaYdfNEZAMEEM8AtE2X5OJhgXkTeKpZTwDxrGc8WkMST/yTRydGKXKdJAHEI5mW8FcI4fsQQpJPzBPrPJq5IqoBAohnANqGS6x44u5WkhDPbG2ATxXrCSCe9YxHakA8I9S4xg0BxKOZKiueOMqxUy7NiIkKAh0EEE8HrI1fzcXD2Twb4VPVegKIZz3jkRoQzwg1rnFDAPFopio/EoMjMjTzRFSDBBDPILjFl+WiyUdAi6uneAisJYB41vIdLf1KPLE8cjZKletkCNCJZVLxTSC5eH4JIfzOTYSaySKqfgKIp5/ZyivilCp+4hZ6yk16ZOKu3vy5Lm40XJklyn5MAPE8RviogJJoHhVoLk4yQkKziFLONAKIZxrKakFWMldrNXbkkp7PitOu2nu1amXHclvKqTaCL0BgBgHEM4NiuYwogzTauOKcRBOlED9JMDO2z+0JhjbCWQ+b5rJjZLWuL72uZMQzN6V3srGjmdroY+b2eZKazfWofGrtQz5z+9NrS0M8c1KbfiFznmmKY0czLTXOFI+tr/cc59oaFMd2tGST7/yPAOJ51ilKwpmxnrJKPKm1talcj0h5/9ezPnTk1YhnPO35GsoM4aRoVosnlR/rs0eqjojUnpTIVGu8Px11JeIZT7f9haut2fTWslo8MZ6r58FSrC3rQIx2ejPL9z8IIJ7xjlCbroyXHL45+nTVKKJ0vGqMuUU4Vk691zzhwrUvIYB4xhNppys9v6wtNe4Y8dj4e0Y5retELe3kO4cSQDzPEl9a55kxQtkhnjz2ntfn8HrlZ/3m+KsRz/MuULpR7+kIaLd4RqXztJ3P6VOCSwKIZ17arm7UizWMjIJWn7M8uhs1et080pTkngDimZ/CkoBGFmBXimd0lLZyQX1+JihRlgDiWZua0V/wJKr454oc5W8ptRSunmpn63xtXzmq9BWd+iiAjY0deV5q1YinNGqpCZLF5MZE87U2AoinjdOsb/WsA60QT8uoxcaYx8Bi8qyecHg5iOfzOkBpK94uRM8WT++oZdWtAp9HnJplCCCez0/F1TNf8X3ps9Z4Rp5Kz49fHdmZ+3y6RCBJAPHopKW0zhKj67nHptSaHulcPSSKdHT6ySsiQTx6aZw5xemRTm2BWY8UEbklgHh0U9cjjScjnauRFgvJun3DfWSIRzeFJSG0TrtapHV12Fckks4WslMsplu6fcVdZIhHN2VJHlE2rQu9+RPnV6OWXEx2EftqN42+ottX3EVGZ9JNmRVPfPtEbRST/zz+O38tTj7KKUkm/l/p7GhGPLp9xV1kiEc3Zbl4YqT59CuOhuInbb2n1pSmZCUx2ZGUJdFy42B+EDxrQrp9SS4yxCOXkq8BlR5tSD+82oFKUyYrgdIoJwrnblE5n3ql0c7dupC9RpcqkUkQQDwSaSgG0SOeJBp7Tfx7vjaUpl9X4rq6pjQySqMiKxz6k25/koqMjiKVjm+CKYmnNHqp5dC+/aL2Fom7RecYXJKNXT/ifB7dPiQbWa3TygZ+QGC5eO4Wj+9GMPlrkRM6K6S7KVwSTmmx2tZLXzqgU85qIp1lFsn55bS8BeLuxXv5LlTL4fR2+lQS05WgWFien/9Xl4h4dNNbuicnjTpqi7x2VNOzDR7Lj5/S6Abp6PYVd5EhHs2UldZy0sKvXcxN06B8l8reizNzNJJP934LIfyqiZColAkgHr3sXK3X2FyVpkH5NMkKaoZ8bFxRjD/qoSMiLwQQj1amru6tuVsQtj/Lp1i1u51bWv9nCOEnczdzLDO/YbGlHL4Dga8EEI9OZ7iTTm3EcveM1lP52O3yP0IIP+sgIxKvBBCPRuZy6dinw2OOnognLRanXNfKyomkBeeeRWoNqkQhSwDxaKTGbp3bHaXWN4qWxJWL4unIR4MUUbyCAOLRTmOveNJuVstxGK1n+2gTIjqXBBCPftpa3jZh73KuTc3syAf56Of/lREiHv20JlHcScJ+p+XtFKXnwPRJEOFrCCAe/VT2iic9SV4bzbSUq0+HCF0SQDz6aWtZ50nTMXtMaqt4ene59IkRoTwBxCOfoo8Aa+s89uet0yh7709NUj4oEaUbAojHR6pq0yIrnpYRUmp1q6R8UCJKNwQQj49U3cnEjlxSPmuiQjw+8v7aKBGPj9S2iMeu1bSOZGpTOB90iNIdAcTjJ2VXo5iSlFrWbzg90E/uXxcp4vGT0qtRTO3/YwvzPPP4hJ+8vzJSxOMrrXbbPD9LubQtbqVkWzr6wKgvWkQrSwDxyKamGFhpdFNbz7k6boP7d3zl/lXRIh5f6Syt3bTsYKWjLexuVv56Y18kiNY1AcTjL335CIedKX85PD5ixOOvC+S7WIjHXw6Pjxjx+OwCPcdg+GwhUb+aAOLxmd67M5Z9toiojyKAePymmxsA/ebu+MgRj+8uEOVjz2j23RqiP4YA4jkm1TQUAjoEEI9OLogEAscQQDzHpJqGQkCHAOLRyQWRQOAYAojnmFTTUAjoEEA8OrkgEggcQwDxHJNqGgoBHQKIRycXRAKBYwggnmNSTUMhoEMA8ejkgkggcAwBxHNMqmkoBHQIIB6dXBAJBI4hgHiOSTUNhYAOAcSjkwsigcAxBBDPMammoRDQIYB4dHJBJBA4hgDiOSbVNBQCOgQQj04uiAQCxxBAPMekmoZCQIfAf9G9/4Ik+7p1AAAAAElFTkSuQmCC', '2025-06-21 22:33:11', '2025-06-21 15:33:11', '2025-06-21 15:33:11'),
(64, 9, 'Andi Budi Srtiawan', 'data:image/png;base64,iVBORw0KGgoAAAANSUhEUgAAATYAAAB8CAYAAADjCJwXAAAAAXNSR0IArs4c6QAADRdJREFUeF7tnUuuNjcRhp0LQSJihhgxiJR9ILGDhI1kC7AhYAlB2UAWECmZMEHMokgkhFuFz6R+y5ey2+725TlS9Oec07bLb9X3nLLL3f2W4wsFUAAFNlPgrc3mw3RQAAVQwAE2ggAFUGA7BQDbdi5lQiiAAoCNGNAKfO+cexdJUGB1BQDb6h58034Bk3y9bZhWeI20fefVjrgwCMgl8ypAAM/rG6tlAiQPqVp//luB8F/O/bDnKj+zgNFqH9ehwO0K1H4QbjeQAaMKeJjF/CdgEkjFvjSwwrbSTn72T5ajRN3qCgC2dTyYgpnPugRmtftjHoAxyLX0t46aWLq1AoBtfvfGgKazslqYpWbsAal/z7J0/vjAwogCgG3esAiBNgJmfvbh/pr/3v8ewM0bJ1gG2JaIgRTQemVmMRFShQMNOOC2RPhgpChAxjZPHDwBtFTGplUhe5snRrDEqABgMwo18LIngRaCLVcRJXsbGAR03VcBwNZXz5reZgCa3kOzZPDArcbDXPuYAoDtGelnW975iqglHvQdCr6gMXL/7xkPMerSClgCeekJTmZ8LEub4ZR/DdjC5at8T2FhskA73RzAdk8ExM6izXTCvwVsohxL03vih1EqFQBslYI1XD7bsjM2BW9jC2yBW0NQ0GSsAoBtnL6zLjt7g43MbVwM0XOjAoCtUbhCszCLmf2+yysZm5ciLCrMsHc4xrv0Or0CgK2/i1ZcmvV6ZBFw6x9P9NigAGBrEC3TZEWo6aVkj+omcOsbU/TWoABgaxAt0URDrWUTvp8l9T15GPUAm4wO3Op9QIuOCgC2PmKuDDUNol5gA2594opeGhUAbI3CvZrpymdPKFyzqq1161m23Ghkbm2+oNVFBQBbu4C7fWg92FqX0ZK1xiqhq+47tkcGLR9XALC1uWA3qOkCQgvYSsdFgFtbnNGqUQHAVi/cjlDrBbbcchy41ccaLRoVAGx1wu384bxyls3advUiS120cPVjCgA2u/Q7Q+1qZdQKNp0Z6pfHcJeCPQ650qAAYDOIdMhTLK6cZdPQt8RU+GAASxubp7gKBXjngSkGds/UtAitRz509mUtPug2qx+VMQUSF92nAH8p81qfBDVR4k6w6SKMjE0s3ve5334kgint4hM3ukvHNlJqtWZfJ2q8PVRmmCBgi3vh1A/c3WDb9ejMDJ/to20AbG+6//QPWk11M7Y3539mjatwOTr7XtvfXxN8L0ENy7w/dc594Jz76tWHfP/7oyk0YPIWRwwYdsouT9tPizmhtTKql6LSr7WAoPf1vD01bUcH0rfOuZ+8Bhn1WfkdYOvvxlHO6m/puB5XyxrGKfHj44ZqMycPNvlXYqoGTuHRj9qxe+vxnXNOXicY+2yEAPcZnLfhZwVjPnHOfeSc+9N///38de2fe0+A/qhErfYI79ExqyFf80cvBFsNnEIfyLg17XtpEgLWZ5P/eA3w014D0c94BWqCd7w1941AlpbWuvbIh16+ChzeqQRTDGy1y9krkSPg0i98lvnLzwDZFVUfbnsi2MjS8kFXWxkN9+Vawaj323xc1ixp/azEfvkq3aYl8BII+7HEbplLqjDw8EeV4WsUOAlsZGm2yKgFW1hJrW0fq0S3VmetS+nwj5sA1BcJbCpx1dQKnAI2Kp72MKyFylWw6UxN763pfbtS9uVnp8GWyvaIBXssLHvl7mBb6aXFswRRL7DVFABiELNAKtQsdw4x/B1Z2iwRN8COncHGXlpbwNSeZQtBWNterEzBtBWyfuY6vmv7alOPVlMosCvYWG60h1ctmMI9tdr2Gmzh8rE2a0udiQNq7fGwZMvdwMbSs08Y1lQ2Yy+BqWmfy9hKvwtnqwHmY9ufi/N7edb9uj5K0ssjCuwENpae/UKo5o1VMYjVVkZzGVVN1qZt0X2KMk8d/O3nFXoyK7AL2Fh6ml1uutAKptLemPUcWqkCallKhkvgqweHTUJx0ZwK7AA2oNY/tiwgyS0Ta/fZSmCzZG0xm1NL0/6K0eNUCqwONqA2JpysYErtpVnbe+v1zeWpmCzBNvb78FC2jGfNIscoS6+3KLAy2IDa2BAp7bOV4GUtIITwSYGnlLWlls+pSulY9ej9UQV2AFvNQdBHxV5scMs+Ww5+lvZ6OevlyWVUuawtB1L+CC4WfFfNXR1sMn/K91ejIN6+lJFpKMVg1Aq23B+q1L2gJVutWeEYJen1dgVWBtvtYh02oOWG8lwGVdoT83LWLhVjwLSMpcdhn23zYAZsmzv44vRKWVcuUyplUSHY/NN3S1sLpepnLoO3APCiZDSfQQHANoMX5rWhBIJSVmcpIIRP3xU1cnEZA6ZlHOnXCtt5PYJlJgUAm0mmYy+ygMCyaZ9b+un2pUqsd0Q4phVspX3BYx2928QB224e7T+fEjRyy9XSUlasjd0GVdoD0wCUpWft7VICbP048P6q0eOjCgC2R+VfYvASnK4UEMKMsLT0DfflBIAtYFtCeIxsVwCwtWt3SssSbK4UEMK+LUvfcDnpwVbK8k7xF/MsbNIiEApYN9xze2OWPThfCS0VI2IZm7yQRb74I028/l8BgoFgsChgXY7GsibL3Qn6iIelgBDe3F46ImKZI9dspABg28iZA6dSWiLmfl9bXChBVC9FrWffBkpD1zMqANhm9MqcNuUyqRFgy2VhZGxzxsg0VgG2aVwxvSGlIkIKfLU3rpeyQ73v50UjjqcPn3sNJCDu1Xvl0Uob+6klZA5UscJCaRzAtnIU3WQ7YLtJ6E2GseyXhUvIFNgswOOlx5sEzt3TAGx3K772eK1n1nKZWWwvrVRA4Plqa8fRcOsB23CJtxsgB53UmbXaRw2V9tl4BNF2YdV3QoCtr54n9NZSAa0Fm+hoWfbKdcTwCVFXOUeColIwLv9BgVIFNNwbawGbBaAczCUgowoANgKjRYHUEY4UjHIPh7Q80ii8Rj/DjUfDt3hw8zaAbXMHD5pe7bsHWh8OGQOiHpsb3wc5ePVuAdvqHnzO/tjysgZ4pee8ycxi/enCAfH7nP+nHpnAmNo9UxuXWnamgNX61NswayvdATG1aBh3jwKA7R6ddx0lVxRI7YvJz+VLHjdk3fwP7w31BQz213aNrIvzAmwXBTy8eU1RQEOw9qm3eknqJWd/7fDgy00fsBEcVxTI7YHlbq2SMWvfU6D31nz7K7bTdmMFANvGzr1patbHe+s9uatgsy5hb5KAYWZTALDN5pH17AmLCJab2/0DImuWk5xdWy82HrMYsD0m/VYDWyue4XLSCjYqoVuFy/jJALbxGp8wQlgdLd0M7zWxxB/n1k6IoM5ztARW5yGP6e4T59xHzrnfHDDjEGylh05awcbjiQ4InhFTBGwjVP1fn1865z5wzv3ROffbccNM0XPqxcexpaY1A9MVV4oFU7h5HSMA2zhf/cE59/Gr+8+cc78eN9TjPYfHPnJ7YlawUSx43K3rGgDYxvrupE1vvfwUVVN3FljeaXCSbmMj8NDeAdt4x/sPqfzr31o+ftT7R+gFNqB2v++2GxGwjXfpF865D1/D7Aw3vc/m55naG5Pfy3/vBvJbl6njvcYISysA2O5xn2yi+xu2d90ID5eYlscSafU11Kzn2+7xHqMspwBgu89l+oP7F+fcr+4b+raR9HLUL7stMQbUbnPRGQNZgu4MJe6Z5e5wiz3Bo5R9AbV7Yu+oUQDb/e7eGW6xG91zYANq98ffESMCtmfcvOsmeQ3YgNozsXfEqIDtOTfveruQPlibeuYaUHsu7o4YGbA96+Yd4abPocXABtSejbkjRgdsz7s5hNvfnHO/fN6sZgvCx3jr4y1ArVlWGtYoANhq1Bp37V+dc794PS5bRln5rFsMbPpgsswtdjh3nLr0fJwCgG0ul++yNA3n4eNsZWDPFSlYk1UAsM0XIBoKq2Zv4RxWncd80YFFJgUAm0mmRy6KAU4MmfldmrIM9a/W06KVDuk+IjCD7qsAYJvbtwI3+Qr9NNOSzsMsZqdXF7DNHWfbWQfY1nFpanknM/jGOffzwVMRgPkvnzXGgCvXhE8xAWyDnUP3byoA2NaLiFQW52fiD8j677+LZH3e79r/8v+pZW4uTvx4YaWTox3rxdY2FgO2tV3pIZdbBvaaYQjM0pEN3lnQS3n6qVYAsFVLNn2Dr51z71+0UgNTugofCGnpHrBZVOKaIQoAtiGy0ulLAX171czVXBy2mQKAbTOHTjYdwDaZQ04xB7Cd4uln5ml5I9UzljHq1goAtq3dO8XkfNGBIx9TuOMMIwDbGX5+cpb6ceEtRYgnbWfsRRUAbIs6biGz2WdbyFm7mArYdvHk3POQvTaytbl9tJV1gG0rdzIZFEABUQCwEQcogALbKQDYtnMpE0IBFABsxAAKoMB2CgC27VzKhFAABQAbMYACKLCdAoBtO5cyIRRAAcBGDKAACmynAGDbzqVMCAVQALARAyiAAtsp8B/WH7CqPH73DAAAAABJRU5ErkJggg==', '2025-06-27 22:15:32', '2025-06-27 15:15:32', '2025-06-27 15:15:32'),
(65, 9, 'Febrian', 'data:image/png;base64,iVBORw0KGgoAAAANSUhEUgAAATYAAAB8CAYAAADjCJwXAAAAAXNSR0IArs4c6QAADjFJREFUeF7tnUvPZkURxwvwmkh0EsICMGGQLahrEXHPQv0cGvwG6jeAsPFTePkE4mXHBmGLzCxGF0LiEIlKvL4Fp0il7T7POeep6q6u8z/J5J153nO6q/5Vz2/6drofoDjXfxZTHoxjEiwxUoBj+wAR/ZeIJL73iOjx4jOj6lDM2RXgZMMFBbwVqIGt9pm3HSj/JAoAbCcJ9GA3BWL/JKLPLLYAbIODkrl6gC1zdOP4xl1QvnS+yWd/JKIn4pgKSzIoALBliGJsH1otsxrsYnsC66ZRAGCbJlTTGorxtWlDN6/hANu8sZvFcoyvzRKpRHYCbImCGdSVWpcTEwdBg5XFLIAtSyRj+oHxtZhxSW8VwJY+xEMdXFuYW86SDjUUledSAGDLFc9o3kg3FOvXokUmuT0AW/IAD3YP42uDA3DW6gG2s0be3+/W+Jp8joW5/jE4bQ0A22lD7+44Jg7cJUYFLQUANuSGlwK18bV/L7t76F0+pP7fLH95bvkpucn3vq+M/BURfc/LaJSbQwGALUccI3pRG1/TYBObr81BgC9i9AfbdG1SDTYf1QdVQHdDtwJMQPghEb2+PPQ8Ef2MiL6t/Pxi8TJ9S4K7RHQ7qD4wy1kBgM1Z4BMV/3siemYjdBhiv1PwukamS+AD4K5Rd9JnAbZJAxfAbAYZXzWYMbhkx1wB2GNE9JWOO+beIaInlU4AXICk6WUCwNZL6Rz1SKuMvSlzh2H21uLms8tPfY+Mr3E39aGOcgBwHcWOUhXAFiUSce1Y62IKzL6qzOe3DD5VAZuMu/UGG5vCcOMLLbi4eWZqGcBmKmeKwi51MdlJbplpmGnHI69fKwH3LyL6KRH9IEXk4MQnCgBsSAZW4G0ieqrSyuKPdBezBbNLYOPye46vXYqqBtwHRPTwpQfw+7kUANjmipe1tQK01njZFpCVNtVabKPG1y7p9Rci+hIRvVYsKbn0HH4fXAGALXiAnMyrAa02Xnak+rUX30eMr6358NIN2F5ebgDcjkQ76DMAW9DAOJjVgtk7RPS0YX1rJ1JFzDd+ReuFxf8fEtErhlqgqEEKREy0QVKkrbYX0FhAmRHV74JGG1+rBVq6pPdvwHYrbSacyDGALW+weVyL46tjzMCxbqFpBWcaXysjj/G2RN8FgC1RMNXsZk+YXQLbyPVre6Krx9vwvdijXMB7EcCAQTlg0j0i4leWRgFNTBaI8fqwTy8fznQw8ky2HkiT8zwCsM0fa4GJeOLd3VxTrATDDONr2h+Abf7vw0ceAGzzBpJbaY8r80dvtV2bOIi6fq0V9R8tM6R6m6R5M+TElgNscwZft9Jqu9GO8Ko2cXDt+NqrGx15sbiP16Zh2cZG8TLeBrDNF9WIUGMVa2Db07WTfdW2biS5JXK8fOON5cZfAHZbJMtxD8A2TxyjdT1L5cqJg0vjawyy7yyFtPKQJyG2XKyNXAwz3sWDX5WqXRp2P755lerXWyrAPXMpALDNEa+orTStXtk60+Nrv1xuXAOZPM8tK6vDWngJh9T5tRXYMeB+MkcqwMotCgBsW1Qae88MUCv3YJPW2Fp+ySEsvU+d0rDjlp3s0Qa4jc1z09oBNlM5TQuL3vXUzpaHt9R2C+H75fNoefctdElNc3d4YVESTAaO8Z7exykxQytNkpfPA+WzQMvFwfxvbpVJ11K6mlFmcYd/+WCAnwKRwPbdm11Zf244vuKnmm/Js0CtBTQ+vOUby8HIsk3RLD75Rhald1MgCtjYYW61WQ0adxPQuCINgNELbluurbXQeMKAzzso169Ja43LRIvNOGlQ3P8rEAlsZ4+Phtq7RPRoMEHWWmjSFRWw6RlSPf4m3dMHg/kGc5IpALDFCGhUqK3BjE9pl0uDTNav8e8EZNJSA9hi5Ft6KwC28SGWfcAiddO2Aq0GNr1+TfaD0+CrdUUZ7Hz1aMnx0hTZeWR89GGBiwIAm4usuwplsPFrRO8H2L11L9AswKbH37zzsXU04K6A4eb4CngnUnwFYCErUDsU+R9E9DoR6S5nS62yRVZ2QznP1l6Sl3I98xEzsyfKdc9EOpGMU7uq3xpgQPFyjS0w004L2P6wnB9aG1MrwcbvgT5UKOeVj4Da1Cm633ivRNpvCZ4YoYD+wutdb/fYIoBiuMmsqIyz6ckCqatcEqJbe/K7PfWv3cu28bid5DmWmlgpG7wcgC14gJzMK7ueR6HG5tXAxp/xejbpkvJPDTYNG91NtQRb2SIE1JySKWKxAFvEqPjaVHY937p54+PIie9ipQabbhmVSzsEbOUSEIZc2Zq7VoHaduk9ZlyvtRvPGykAsBkJOUkxFl3P0tWtYNPviragZ9FiA9QmSUZPMwE2T3XjlF12Pd+8spWmPau9WSB5JT9L2OguatlNlS7sXvXK8TR+Ht3PvSomuR9gSxLIFTesu55lVbUWUqtFJs+WwLm2K1oDJ6CWP7ebHgJsuYPv0fW0AFuZd0fBVmuloaWWO6c3eQewbZJpupu8up56AkBEqbWWyq7mpd09joCttg4OUJsuVX0MBth8dB1ZqlfXU4NE582lbmD5+1rO7QVbC6Zbup98dihvA/7aza65OD90ZKY61g2wOYo7oGgNn2vWptVM17OfeulEuap/bXytBZ6tYGt1Pfe01HgbcIaaXHw839cHxApVOioAsDmK27loWe3P1VrOepZdztbAv3a31aI7CrbaGwS6u7ulpVaGgw+ReUF9eJeIbneOGapzUgBgcxK2c7Eaavy+5tMO9bd2xri0bmzL7h2tg5VbSziuhZqW5446qYo/B+Ackqd3kQBbb8V96hMwMGTKF8utatwKNr3IdsvL57WxuxbQuDz9OtaHRPQ5AwcZbnzJUXz8d5y/YSDsqCIAtlHK29WrN3b0ghpb2xoHW4OX/l0r1/TYXQkurpehzZ/rsxT4cyuola23L6v/HAA3uzztWhLA1lVu88p0F9Q7lq3u4hawrY2BbZ3h1Pd5QE0HR+9qDLiZp61/gd5fBn8Pzl1Djy6oKHwJbDV4tZ7RUdNdUd060/e0usGe0QfcPNV1LhtgcxbYsfheXVB2obXUQ7qK8rO2DGTrjKXe6khk4118P7v8Y2s5lpIDbpZqdiwLYOsotmFVPbuga2Bb64bq3TyObhlkUca1sgvcRoD1WttP+zzANmfoe3ZBWaFWV7D1qtSWSQNRnsHB160iFCO6n7Vs4ANuvomdQub6ogBsc8VLQ8ZzaUepSg0ya+vX9kCJ4Xi/ANseMPaI4Jaxwh52oI6NCgBsG4UKclvvLqi4XVvqUZvN5HyygFKELqgOOcAW5Auw1QyAbatS4+/TJ6z3bK3pVmJ5EEupigbb0TGpPa29HlHhnVKeXSrC96WH4gZ1IFAGInYqQr7wvaHG7pUtllo3VF5+l5w6AjaL1p5lODTUrDcVsLQTZRUKAGxzpIR0QY/AwsLDEmx60kCWgpRgO5JbkbqgevsnQM0iizqWcST5OpqHqpazOmW5hNcL7mtCl2vYdFeR80eDTco5AuC/EdHng8w+AmqTf/UAtvgB7L20o1SkHPPSrSrOH94i6Rl1KDE/fySv/kpEXxgMNh7HfErZj5Za/O9H1cIjCTipq1OaHWEgXdsg0GK4Se7oVlvrlait4o+afSyBxvZaHAW41W/cZ6wAwGYsqHFxEcacyq4nu8itNJ4p1F1OCyj19LcGM66f//A2Rh572hmnB4prKQCwxc2NKDOEeqKA1eJ/S2tGd9Vqa932qrv2itbeslr3t4D2DmBmJfH4cgC28TFoWRChGyogKycFxLYa2I5MHGgNSri9R0SPHgzTveW5x5afZb5zXWidHRQ38mMAW8zoRGmtlWDTa9RkvE0UXNsBZK/KelcN/WzZetTQuwQxDWe0zvZGZLL7AbaYAYvSWmN1al3M1nga38t/eLdbi4vLKgG6p1yx80/LQ0/seRj3zqsAwBYzdgKTd6/ohll6pvdKG7nbxZ+J6JHCsbIVCYhZRn7SsgC2mIGTlsrRfcw8vfr7coAKbwLJC2pxQYFwCgBs4UIS3iCALXyIYCDAhhzYq4CMW/2WiJ7f+zDuhwI9FADYeqicqw6Lhbi5FIE34RQA2MKFJLRBIycOQgsD42IpALDFikd0azC+Fj1CsO8jBQA2JMIeBQC2PWrh3mEKAGzDpJ+yYllfh4mDKcN3HqMBtvPE2sJTTBxYqIgy3BUA2NwlTlMBJg7ShDK/IwBb/hhbeYjxNSslUY67AgCbu8RpKgDY0oQyvyMAW/4YW3mIiQMrJVGOuwIAm7vEaSrAxEGaUOZ3BGDLH2MLD+UEKS4LOWOhKMpwVQBJ6ipvmsJlR9sPiOjhNF7BkbQKAGxpQ2vmmN6mG/liJisK8lQAieqpbo6yZdLgPhHdyuESvMiuAMCWPcLX+YfW2nX64elBCgBsg4SfpFqZCUVrbZKAwcyPFQDYkAktBdBaQ25MqwDANm3o3A1Ha81dYlTgpQDA5qXs3OVKaw1d0LnjeFrrAbbThn7VcbTWkBdTKwCwTR0+F+PRWnORFYX2VABg66l2/LruENGTi5nIjfjxgoUNBZC8SA1RQEPtLhHdhjRQYFYFALZZI2dr96tE9P2lSEDNVluUNkABgG2A6AGrlMkCQC1gcGDSfgUAtv2aZXviJSJ6mYiwc0e2yJ7YH4DtxMFXrjPcXoEUUCCLAgBblkjCDygABT5RAGBDMkABKJBOAYAtXUjhEBSAAgAbcgAKQIF0CgBs6UIKh6AAFADYkANQAAqkUwBgSxdSOAQFoADAhhyAAlAgnQIAW7qQwiEoAAUANuQAFIAC6RQA2NKFFA5BASgAsCEHoAAUSKcAwJYupHAICkCB/wEulROq/BtFYQAAAABJRU5ErkJggg==', '2025-06-27 22:15:55', '2025-06-27 15:15:55', '2025-06-27 15:15:55'),
(66, 10, 'Andi Budi Setiawan', 'data:image/png;base64,iVBORw0KGgoAAAANSUhEUgAAATYAAAB8CAYAAADjCJwXAAAAAXNSR0IArs4c6QAADzRJREFUeF7tnU2uRkURhgv50xAjJIZER5owVhegAXagrIAhAwnsQNgBBAbM3AG6A8ANqDFxZIIDhiZgCERBga/CKajbt3+quvuc06f7/RLChdu/b9V5blV3n/4eIHygwLcK/I+IvrP9A12gwGUVeOCyI8fAeyvAUHtwaxR+0VtdtHeoAnDgQ+UeurMviIj94UtEbEPbqdfgnr419AoRPbPZvVe7Q7QDsA1hhiEGAbANYYZDBsFQe3frif/97CG9HtgJwHag2IN3BbANbqBOw/vdFqlxc1NCjScGsHXylgma4RSUP/8noocmmA+mcF+Bd7bUk3/Daeirs4oEsM1qWf+8BGzwCb92o9fQ62k8Vl5Xe2/0QbeMD07cot5cdQG2uewpswnX0zhSmxpqSEXndOTaWbWCjY+LIIWtVX+fekusp8WkQ8S2j0NdrVU5w1Z71KO1/tX0usJ4l1lPA9iu4I7njLEVTDjce47dYr2+REQvE9FPtl9Ov54GsI3jfKONpBVsclSE54Vd1fOsq6O0v2yAm349DWA7z+FG77kn2GrT2dE1Gn18GmrTnk+zGgFrbFal5i4HsF3Xvpx68k7n49sUlocadkXHdmaGjfdTuyvZE2zwK6/V6sv/mYh+sVX/aAPc6/XNzVMTEds4tpQrg1rBIMc2uB2+gsjy6Q02rLNZVK8v8wYRvaCO1yBKC7QE2Oqdq0fNHMw0oCx9pWwp7eQg1wo26YP/jRtCLNaqL/O+2vHkVv5JRD+tb27OmgDbOXYVoGn9BQ68w8if2rRS6sciv9TCfi+wcaTGd7phA6G/X4VRGtvs4f7dzNEiwHasHVNAYxjVgqw0A30UQ8qG4OkFNonWWtPp0pxaf/8hEf3A0Ig1lTc0VV3kbSL6tbqwgm31FhG9WN3iAhUBtmOMHAKNwbInzGKzSkGVH96eYBOQjrbO9jERPVZ5ow3bSyJqTgWf2tltQphJd0g7jcIDbEahKouNALTY0MMormVtLITiaPe6xYAmkPo3EX0eCPRD9d+l50On/XKteqWrkMAsjHZ5rH/cGn2utvHV6pUMt5oeveY7KtDC+cUA502/QrC1Rn+9bKDTbv6ZAcEg488Tzk4+IKIfbXX4mck9NxLdaej9fasr/evuf6naDcfMQAPMnMYK/zJUVEeViAIaFmeknDVGaQFcLEJrvSmkZg65yHSPzYx/qN3IEuws8xHNADOLWoUyiNg6iKiaCKHmjX76jsbXWux4iQUIMbCNss52BmAZePwCutazlKYCZj5fLZYG2IoSmQvoB/zojQHzIDMFNQRCQHO1FKRzYLOAscfYj47W9hoz2u2kAMDWLqReTzvzQW6dSRjdWNPTGNhq19nkNbIeR1/OiNZabYD6nRQA2NqE1PeQXRlqrEIKBKU1w1Ta6QVLLQwRrbX58JS1AbZ6s84ENQ222Pmz2C6vpKYpsHnX2XqCzQvVei9AzSEVANjqzHLlTYLUjC0gis27BDZrJKv/ULQc7h3tHF2dh6FWkwIAm1++GaHGKljApsuF6WsII28E1htsnxHRo37zosYMCgBsPivOln7q2VvBxnVir2elwMblLX7WS1ukoT6fnrK0xeGmnHjlpOShsaZXld2cUs0DNhlgKXr1tNkDbP8lokdwu8gp/jNUpwCb3Ryzr93Uzk8fRA2B7wGbTm3555p1tto52L0AJS+hAMBmM5OOTGbVrBYK4RsLGm7edTbdFsBm802Uiigw60Pa29gzp6BhWulNs0UbBhEfARGf4v/mj+fiyVJqW7Ir1tdKCi3ye4CtbOjaSKbc8lglaueZe2NBbtS1biAAbGP5xGVHA7CVTbdCtMYq9AKbbkvWzdjPLKll+BqXxz9rx1/2AJS4nAIex7nc5DoMeKWHxbseJvJaXsUSwJVuOwnBZoFhayrdwU3QxGgKAGx5i6wSrbEKNWAr1fGmliHYPOt9UhdfcjIaZU4YD8CWFn2laG0vsMXS0lzUpjWXL4YpRXlhxAawnQCS0boE2NIWWSla2xNsHriFYLNuOug3IQC20ShzwngAtjLYVtGolFbGlLLWsaaYuj2BmmWdTZ9/A9hOAMloXa7y0Hp1Xy0NLW0EpPSzgk2XE5+LrZ/1ABt82uvtE5aHE8SNCrDZnL0GbDq9DOGm22MbWA/36ogNPm2z3dSl4ARx8656gt07byvYWGXddm63VL/JIF+CUvLTVf8QTQ2nlsmVHKal7avW9TysV51jatx7gi18IV7DTa+jxQBYWmfzvmw/m90wn0ABgO2+S6z8198LCM8fgZiusf8XA1vpPNvKNgPUIgoAbACbVmBPsKUgGEJJj4HHZllnA9iAtzsKAGxpsJXSnxld6Qiw6c0D/llfMMn+mEpZc/bwRI4z2g1zQipa9AHvw11s8EIFvJGPFygpbXW/Aj5JPy1j8o7jQibBUGsUQMR2XzXvAnqN7qPWsUBEj90LlBTYcufXLH1YyoyqOca1gwIAG8AWW2MrLdZLHS9QcuVz74nqIyCxb4n3jmOHRwlNjqQAwHbXGqs/IN759yyfA1tpecAbaY70DGIsOygAsAFsLamlF2zcVyrVD1+78nx3AsC2Axyu3CTAFgebLGBf2bY1Y/eCyluex5SLvvSrUWE6nFv7BNhqrD1xHYDtvnH5IeGP9R6w2dzDs3nSG2y5V61yQATYZvPCxvkAbI0CTlh9b7BZNhAkZdV/XCz1rJseE5oNU9IKAGzwh1CBUcGWW58rbS7AyospALAtZnDDdD2QqElFLRsIsYgttz7nGbNBAhS5ugIA29Ut2H/8HkjUgq10UDcFttL7piu+BtffAyZoEWCbwIidp3Ak2GJrYrnvmgjfK5Wpe9LnznKhuREVANhGtMq5Y/LsMNZGbLl6pS/RiYEXYDvXZ4brHWAbziSnD2h0sMWgCLCd7jZjDQBgG8seI4zGE4V5yoZzS8GoFLGF6WgqPR1BS4zhJAUAtpOEH7hbD6w8ZcMpx1LK3AFdXV9Hlfyz5TLKgSXH0HorALD1VnSO9jypnadsCk5yENcKNh2lcf/eb42fw0qYRVIBgA3OEVPAAytPWd1XLNqzgo3byd0GAqsurgDAtrgDJKbvOfLRE2y5l+DDoeqojX+HM2zw5W8UANjgDDEFjgAb96uhmLu2KGUlHeHBl+HLABt8IKuA58hHbcSm00mOtnidTdbKrGtmLZsXcIGJFcBfuYmN2zA1DzB6gE02ACSlxC5ng/FQ9eu/kPhAgdT6leUaIE/amutHojQc34A/NiswK9ieJqL3mtVZuwFrJNYCNr3OJj8DbGv7XZfZzwg2htq72z/PdlFpzUaswLKWs24AeNLgNS2DWRcVmBFsvyei528zf+W2GP1qUQEUKAGnlI72Apv0A7DBJ5sVmBFsHxLR40T0MhG93qzQug1YAdMCttiBXGu/61oGMy8qALAVJVq6gGWdrRZsGmoiMvsjwLa0y/WZ/Ixge+e2vvbMLWL76BaxPdFHpmVbsUDLc+ZNhNRQ02fY+Gf+4LjHsi7XZ+Izgu2lWyr6GhH9h4i+10emZVvZC2zh1US6H4BtWXfrN/EZwcbqyIPzJhG92E+u5VqypIXeiC32GpTuB8c9lnOz/hOeFWyfE9FD2w0QnNbgU6eA5RJHL9hiF0nqfjgdRSpaZy/U2hSYFWxvENFvtzn+gYieg8WrFRAQpW7P8IAtV1YDz/quaPWkUHFuBWYFG1tNjn2UzmHNbeH22ZXW2axgK93EgfvV2m2FFiaP2MTA1ocODpFWoLTOVvo9txzeeCs35upeATZ4YTcFZo7YWKS3ieg3m1rYJa1zmxK4Sr/nXktf0BLCT+rEAFg3C9RaSoHZwcbG/BMR/Qpwa/Lr3DpbCWzWqDm8ERdLCE0mW7vyCmAD3Np9PLfOlgNbeBCXd6pTH4Ct3U5oYZE1Nm1oRG71bp+DV+53lhRUj8rznQf1s0HN6RVYJWITQwJudS6dO8+WAps1BdUjir0UXzdi1FpagdXAFqal/FA+vLQH2CefS0fDl+VroMYjAdjs9kDJjAIrgo3l+Ottx/Rnmy78UP6NiH4OT8kqYDlcy/5UOq+W68RyLARmggJFBVYFmwijH0J5R7Eo2qIFrGtp4lO13/NZetNhUfkxbY8Cq4ONtZL3SiUVep+InvKIuFDZFHT0oj/LUQs1rguwLeRQe00VYPtaWbkTTEdyeHn+vtel1tk02FqgptfZWtvZ65lBuxdQAGC7a6QQcDgkelefWDrqOatmfSS4n9yZN2s7KLeoAgBb3PDhtdUSkaz+ik947CPUCVHWoiAZbdoAW9oiHxDRj2/fdKU1AuC+3fXU394uPwNsoz3hi44HYLMZPoxMZJF7xQguFqWxDuxLAJvNn1BqZwUANp/AANzdc2oCstKdbT6VURoKNCoAsNUJyA8yf8I09V9E9GRdk8PX4vU1icxksDJ/gG148601QICt3d4rbDSEbwQI1MOIDbvI7f6EFjooALB1EHFrIpWm8q+vvBYXe38zfL2q9t3QfuqjJSigFADY+rtDLE2VzYYrQS5MPXU0Fp5nA9j6+xFabFAAYGsQz1C1BLlPiOj7hnaOLhJLr8OoU9/oUbpF9+jxo7/FFQDYjnOAFORGiuYsQBPF9IYB/z98F+hxvoSeCgoAbOe4iAVyR6WtfAmAvBcr/sDRGI8x91qTTj/lZhRsHpzjT+g1UABgO98lPiaix7ZhxOyhXzD/jIi+22HI3A5/GFzhkZUS0KR7nX4CbB2Mgib6KQCw9dOyV0ufKnjl7BNeFWTtPwVPPrrhvU1Yr7OFt+hax4NyUKC7AgBbd0m7N6hBx433sJm+88wLMz1Bvc4WprPdhUCDUMCqQI+HxNoXyvVVQNbpPK1y+sifRzyVMmUBtk5Copm+CgBsffVcrTW9zia+BJ9azQsGnC+ccECjXGhIGmySJuOGjwsZcNahAmyzWva4eeGyyeO0Rk9GBQA2o1AollQAYINzDKcAwDacSS43IH3zBw8eqejlTDjfgAG2+Wx6xox6fkvVGeNHn5MpALBNZtCTprPHN1WdNBV0O4MCANsMVjx/DuFFlFe+f+58NTGCZgUAtmYJ0QARAWxwg6EUANiGMselB4PLJi9tvrkGD7DNZc8zZwOwnak++r6jAMAGh+ilAG7R7aUk2mlWAGBrlhANbAoAbHCFYRQA2IYxxeUHArBd3oTzTOArPtpHubwyQHwAAAAASUVORK5CYII=', '2025-08-10 19:47:29', '2025-08-10 12:47:29', '2025-08-10 12:47:29'),
(67, 10, 'Miftahul huda', 'data:image/png;base64,iVBORw0KGgoAAAANSUhEUgAAAR4AAAByCAYAAACFiL5DAAAAAXNSR0IArs4c6QAADOdJREFUeF7tnV3O9sQNhk2BtiCQQOKgB0iFJbABaJdA91HRHcASqNR1wBKAY05YABJwgJA4KRKVgJa2vIb4wwyTzE88mbFzv1LV9nuS+bntuWI7k+Qxwh8UgAJQ4GIFHru4P3QHBaAAFCCAB04ABaDA5QoAPJdLjg6hABQAeOADUAAKXK4AwHO55Lsdfr/98pvkiNRG/8+08L/t355YZzoYCRTYVwDgucY7BCrcWwksViPKASrt26ovtAMFmhQAeJrkOjw4F7G06JuCYi+K2YuMeHA1/el+ACI7+6OlBgVqHLWhuVsdqgFQ0nEPKizYqPSoFoQyNkDoVu47d7KlBTN3dGv1XgKNhotEKyPB0qsOz0Mgk7M/QNSrLM6rViA6eBgA/J+eqKIWNN4LuzL+PQghEqpeTjiwVoHI4OEFxfPjK3jt4pFo4CgS8A6aI9/Yi4ZaNKz1PRx3YwWigkegU1twzQFHUo7IoCm5vtaRjwWASorh9yoFooJHoHG0UPaiGz6nNz2rEt3ZQblUDAByZsTVhhsRPEcp1lEqAdgceycAtNrqdTyeiODJRTulVKqn+OzY7KeGnqZfSMFOyXnPk6OBR0c7/L+5qJx75ADRzXl/z9V/oOt5XW/RQmTw6LmhbjPOnVGAHqdt2JYjgSe3ANhwuApf474A0DU6h+glIngQ3cxzzbQAjbtf82yxdM+RwCNF5UhzWtp5DgZ3h+jnYzX/P2a0eNKr8a4Yd5RF2rNL+Qp979xHeifRc/TzJRG9sBmzdc18u533IRG9emeH0HNvFXFV3Wo2DK469ujjSqOf/3Y+OzdTp9y7jdKHgtP//9vMgBlCT82cyCp9RwAPop1VvOl4HBpA3uAjUPmciF5slPub7fjfb//tOfJrnPr+4RHAg2jHzB2GN+T1ImFVP/Q6f3PH8A6e1odBzQVEg80KeLxQWIHnHSJ6fVPsXSL6S7N6QU6IAh6Er34ckovOj2/D9ZJyWUYqXxDRH4joKyJ63o/ZbEfqHTxWVyJbVdFaSQHLhVzqy+p3qzHDZytfDm5lOOt2rBzBelxor04Bj/bTqf2/iOjZuqk+OuoTInqJiD4lopcbzw11uOeIB1cO367oMeVixTV8WlP8/2xbCQAep74rTttqeKfTDTtsj1FPL3zeI6I/bZb0fME3cUavAnh1WBOjBWrEsx1bIx+J0N8noj8HsmHXVACeLtlwkoECEbZCfE1Ez2xaMFh4Z/LTGW0k2gF0nId8qO8YrPyJTej6ToR0WUOUdypr+CDFyjiax4hHO63H8U9c78t07XETYUm8XOr1BhG9vZ2IaEcp6HHheq4LlJz3Dr9Htl8Kn8+22+eATuLZAM8dlvo6c4xQ1ympmT6N/xERvVI66W6/ewSPhOlettvfzaf25hutrnNkV/2KjAg1LHMf9gwej2M3N6CDBiO9EKxG7jcfDnpr++qq+Cjg4zzVWmnjoITUPVvnaxzY8zF3/wb7aw97dT7Ybq//Tt1u588t4c/hs1orFSYlnAZ4flpKR7Dh3+/6tQ/e2wP4OI94VgHPKuOYffVk2PBf+uFEgfJdYZPaBfABeE6vVS5qS8h819w990loFhafFtp3L8BHaeOtQLtCpHGHW8Lp8tlLowCbtuvYd0QkL4H/t0rB2loJcDTA02bE1gcD21pf42gNGR5RzkcQ2fTbSvvQbeHjFTyz9vCsEHH1u/yvz9Q1mj3ISFRz5wKxpeaiI6+9u6bq2auZtciW7c1c+N5TrB7IsO2esDQg2nqkwExfnm4GrxHP1VcKbykWIDN9aVUNIOLDslUTB3jKMumCIB9tlZcLHHIjOLPRbM+m+hY3Iplfqp7Wtc7oX/aon4/QvnX1xbRlnObHAjxlSfVzN0d1kFxLtZFHeRT9R+jxY19NXsf0wc4rIaD75ncy5z593G/9Rc/0Bp6rH5modcgUMDWASoEmLiJFxxrbnIEiNvn9vCh1vUVsNwM+V/Y5FUk1zj11gEnnV74ETDsjh8T87WveBPbkNiYJx480LKU3LRFRqa3UTjkYHgFRQ+yqVGMV39JvtLz64iYa3KrY7A08bCQx0Mhb6mkxuRTBpOnMXg2ldo+MdsZR9Rieo46yUgjInO4AodSnZrxal2uHclELn3J5BM/IK9LeowB6UdbWTGqjmVVSntLu5MgASn3qiotbLtq7Tb3HI3jYYJYvA9t70FH3Izrt6dUDmVGRjFX6kta3RI+oANKwkYdeR0bVe3a6RcrlFTxnjVOCjb7788+HF3Y/p3aZRoTMEawkJdO+ErEIqqMeSa1ngEdf8CLq/KOveQVP+hpNnkvNlbiUSuVyaw250h4ZqUFF3e3rbSNla/SXRnmzwKPrPV7X6KH2nieVu9WdA1AJNrqI2hPNRIVMtFSA/aW0j0lf0Hj+s8Cjb6LwmKTo3ArSZY/3DB595ydNA47u1kgoKylE6bY4g4nbZydcvS4z2tG8Pq/WkprrOc4ED0fffFELmW5FAM8egHJ3otipjkCT2ysjDvAPIvrr6JW9cPte06yecbeAaqTJZtzWHzmfR21HAo8OT2vFk/fKHEUydwdPmn54uwL3RDA9sKr1uZbjZBzh0q27gKd2g1/OKe4KnrQ2JpD2VtPStq/19/RRlFmwDZtu1RqihdKzj9VPfVsskm+2xyXukmpFAQ77YXr3s/bO5+ObE0t9T+qCNedb+79AMFTUExE81oZ/42Efz9tE9BURPW/d+GLt5e4UzlhsVrL0FMPT+s7stGvWLmorG2TbAXjq5A1b5NumHynK0RbtKRLnzpkJH4Cnbo2GPEp2L//tIer5e6AZRgVOeqOhpUazB6sUPqU9QVZuAvBYKemwHUm3PiWilx2OPzfkaGlVLtKRf2sBz1F0O+MOn+Vzicu4LlKtOlPwt7DfJ6KPiOiVulOWPSoX5axQx0lfGdIbUaQF5ZavOdSmZldCO2SaD/DU8+HNDT4f1J+y1JGrplV7j7S0RCl7dR0GBN+hqm2rFjzSXw5AkuadvaOa6hJqrYaazFLLfK3BXHmFbpl5Oi59bo9vpuBofXdTT3TBffJfbry9L1Nb1V4ttj08tse4Zp2joeEKeIly9H4ZFqXnGancrfMW8LRGO3t1sxKEdESk95zxv8t7gHpqU8OdybIDgMdSzbXamnUXpqRCOq50oZ6Fjj6/BTw90U7NXPdAdHSu113iJT0e/Q7wVEvl5sBVw/Rc9KUXZW0dJjWEnm8KrVrwWEQ7JQfRxXNZd+mjGToaKrXn+neAx7X5fjH4VdMqWUx6sfFC12nFCOhwv7XgGRHtxPGsATMBeAaIOqHJVdOqGuj0pFa63aO0pAY8V0Q7E1xi7S4BnrXtUxrdqntyZNxH9ZzeOoaec02kdLTzN1eQLmmO3w0UAHgMRJzUxMpRTi7Ssa7n1EAnjYz0RsmeJ9cnmTpetwCPT5vOfGixRrF0fGl9p2dzXe+cU8DI+PWYVti5XaNrmGMAHl+mTJ8V6q2PjJz13qbA2gglHZtFOpkbU+/mvpHa3aZtgMePqVdPrdL0SpTtreXw+Wm00vv8loxN1556oi4/3rL4SAGexQ20LT6LW8+jZ5rbP3QWFEiHRlttUvsAzyThK7v1EOVY7x+ySK0q5cVhsxQAeGYpX+63t5habtnmiFzd5GzNyQNobdS7eSsAz3oOsHIBee8VFqxib/E4reWcbWs9i2JEv1IA4FnLKVaNco6AcwYU1mnaWtbEaHYVAHjWcI5V6xo54MhdKv0JmJ59MKs+zLqGRwQfBcAz38Ar1jXSl1ule17OPN8E4Mz3uekjAHjmmmCl1OooutF7Xnqfb7K+3T7Xcuj9lAIAzyn5uk9eKbWqBY5MVqKf2mIygNPtJnFPBHiut+0KqdXRC9aPNv3VplitMLveCuhxqgIAz7Xyz0ytemGjFTp6xYRF+9daA71NUwDguU76GdApwYBn3/LMkk6ztHKpH515Pus6i6CnaQoAPOOlTxf/2d29pRFbwyYX8eTGILBphVlpPvg9oAIAz1ijXhXljIRNqhD3lftriZzGqo7Wl1cA4BlnotHQuRI241RCy7dUAOAZY/ZR0AFsxtgLrV6sAMBjL7gVdAQyMsK9Ai5qKvY2RIuDFQB47AVu3WDHI5C6iTzztGcXFHDt7YUWJygA8NiKrr/jJM87cQ97D1Ee6S8Ak3ZQvLW1FVqbqADAYyt++i6d2tYBmVqlcFwIBQAeWzPqiCfXso6CUJux1R6tOVIA4HFkLAwVCkRRAOCJYknMAwo4UgDgcWQsDBUKRFEA4IliScwDCjhSAOBxZCwMFQpEUQDgiWJJzAMKOFIA4HFkLAwVCkRRAOCJYknMAwo4UgDgcWQsDBUKRFEA4IliScwDCjhSAOBxZCwMFQpEUQDgiWJJzAMKOFIA4HFkLAwVCkRR4Adq6GGgIMZsCQAAAABJRU5ErkJggg==', '2025-08-10 22:35:54', '2025-08-10 15:35:54', '2025-08-10 15:35:54'),
(68, 10, 'Aguspri ', 'data:image/png;base64,iVBORw0KGgoAAAANSUhEUgAAAT8AAAB/CAYAAACZicVzAAAAAXNSR0IArs4c6QAACppJREFUeF7tnUuu5TQQQKvpRvwGiAFMWAOsANgBEmIVTJBYCggJsQrEGoANsIcewQAmqBF/LD0jKyT32km5XC6fN+t+SarqVPVp53NzHwk/EOhD4O+Hwz46cfi/RCTt96eIPDmxP7tA4C6BM4N596BsAAERQX6MgWsCyM91e6ZO7or8/hCRxw8CfW5qCiTvlgDyc9ua6RPTkF+CwIxOPwo+C2CwfPYlQlZX5Jfqz/tz3S/CNDisAfk5bEqQlK7Kj5seQQbBaxnIz2tn5s/rqvy47jf/DLiuAPm5bs/UySG/qdsXP3nkF7/Hoyq8Kr/yuh9zOqqLgeMyVIGbO7g0Dflx3W9wEyOHR36Ruzu2Ng1x5WMkkfK839h+houO/MK11E1BGvLjpoebdsZLBPnF66mXijTkx3U/L90MmAfyC9hUJyUhPyeNII19AsiPyehFQFt+fNKjV6cWPS7yW7TxBmVryU/rOAYlE2ImAshvpm7NlauWtLSOMxc9su1OAPl1R7xsAC1p8bjLsiPUt3Dk15fvykdHfit3f4Lakd8ETZo0RS358azfpAPgPW3k571D8+aH/Obt3RKZI78l2jykSOQ3BDtBawkgv1pSbNdKQEt+Ka7GSxJa82f74ASQX/AGDywP+Q2ET+j7BJDffUZscY6Apvw0j3WuGvYKRwD5hWupm4I0haV5LDeASGQsAeQ3ln/k6JrC0jxWZObU1kAA+TXAYtMmArXCSs/xpReVplnMNzb2AuXf81LTpjaw8REB5Mds9CJwS36l8K7EvyXLFD/9PLkSgH3jEkB+cXs7urKt/I6ElwSWRZVz3lvdac3qkTDLHBDm6OkxiK81UAapEmIyAuULCbZzVgqvRjRHH3FLf39LmOl3V2d8K0tOuycbRE57gzRsgjJqVng1wtuWqvWgcxbmLYndEiYvVZ1gCGtSvPq/Yk0MtolP4NY1vLzKOyO8kpyW/Fq7Ua4uuYbYSs/x9sjPcXMmSC1fJyvnaCsprRkbJb8J2kCKZwhoDeaZ2OwzL4HtSi+LKckwr/C0ZZWPx2nnvHPjKnPk56odUySTb2SkZG+d0mrLr/a5wSkgkuR4AshvfA9mySDfcc35JrndumkwWn6fi8hHIvJURD4Vkc9mAU2eNgSQnw3nmaPsneKWp7dHtY2S31ci8v7m4eZPkN/MI9gnd+TXh2uUo5anuKmmlutt1vJL0vtg81xfEveXIvJxlIZQhx4B5KfHMtKR9lZ7rQ/39pLf9nR7T3pJ2l8gvUgjqV8L8tNnOvsRa29o3Kuzt/z2pJdifi0iH95Ljt9DAPkxA5mAxmqvPNbjh7vBrSvGo46UH5dL25Sz+/O/1/Reo5UQaCGA/Fpoxd1Wa7VnIb+yC0gv7kx2rwz5dUfsPsBWfBorNc3v2v1GRN5hped+jqZLEPlN1zLVhHuILyWoJb9nIvLipuJ7zxeqAuJgcQkgv7i9raks35TQFspV+W1Xe+XNE+1cazixTUACyC9gUytLKm8gaJzqlmGvyG+7Gv1ORN5TXE1W4mGz6ASQX/QO79fXU3xnT3vTau/dIt1fReSl4s9XhLpml6n6JgHkt96AlCurlk9stJBqEdXeKW5e7W1jaj872FIT2wYjgPyCNfROOb1ucGzD1spve0Pj24dT3KMykN9a89q1WuTXFa+rg5dvZel90+D3hxcLHMW5d4qL/FyNTsxkkF/Mvu5V1evO7l6sI/l9LyJvFc/spZyOTnFv1cDcrjO33SpliLqhdXXg3jc4tsXuyS+J7+1iw3unuMjP1QjFSwb5xeupB2ls5VeK78opN9f81phXkyqRnwnmoUHKa31W/S7lV95RTrk8f5JG7U2Uk4dnt9UIWP1jWI2rp3qtT3lT7Vl+JYcr4kvHQX6epipALsgvQBPvlOBBflfFl0ocUUf86Vi4QuQXv/kjrpOVzxNqiA/5xZ9T8wqRnzly04AjVku9HqQeUYtpswhmSwD52fK2jmYtjO0XHl25s7tlxff2Wk9P8HjIL3aDrYRRPrzc6/VTVrXEngiq+48A8os9DBbC2HuG797H285QH3Ht8kye7DMJAeQ3SaNOptlbfkcPLyO/kw1jNzsCyM+O9YhIPeVXPsu3vaOL/EZ0m5hNBJBfE67pNu51w6P81Mjeoyza8uMB5+lGz3/CyM9/j65k2Et++frb0ctQteXXq44rbNl3cgLIb/IG3km/x4opCS9950cSUvpi8r0f5Bd7rkJUh/xCtPGwiB7yy6s+K/mVzw4yr7Hn1bQ6hskUt3kw7Te61Kz6UpGaKz9Oec3HZo2AyC9+nzWfj6tZ9SWivz28uurqJzxY9cWfz2EVIr9h6M0Ca8mvdtWnKT/LV++bNYRAPgggPx996JmF1mlj7apPS36s+npOBccW5Bd/CDS+tS2v+hKtmpnROO1l1Rd/NodWWDPIQxMkuAqBq19U3rLq01j5sepTaTsHuUUA+a0zH2eF0rrq05Afq7515nJYpchvGPohgc9c/2td9V2V31lJDwFK0HkJIL95e3c28xYBnln1XZUfq76znWW/JgLIrwlXiI1bboCcWfVdkV+LmEM0gyLGEUB+49iPjFxzA+SpiLz5kGTrnJy529vruz9Gcia2YwKtQ+24FFJrJHBPgFl+Zz6l0SK/nt/70YiEzVcigPxW6vb/a7212uotv3T6nd4Ok2cwSTbl82TtllC9FQHkZ0Xab5yjldeV62+3Vn5Iz+8sLJUZ8luq3YfFJtGln3Ie0kos/fnMae+RODnFZd7cEEB+blrhIpHtqiwlle/4plPU2p+t/PZWey3Hq43LdhCoJoD8qlEtt+HeKi1ByKvEEsieyMpreVzXW258/BeM/Pz3aFSG5epNY06Ovu9jVH3EXZyAxlAvjjBs+dtT170V363i8/VC7uCGHZG5C0N+c/evZ/ZX7vZe2bdnTRwbAv8RQH4MwxGBH0Tk9Ydfts5Jll965OUFEEPAI4HWofZYAzn1I5Al9qOIvNEQJt8hRn4N0NjUlgDys+U9W7S8+mt51o9T3tm6vGi+yG/RxjeU3br60/rCpIYU2RQC7QSQXzuz1fZoWcm1bLsaR+p1RgD5OWuI03Tyai6ld3QKzBuYnTaPtPYJID8mo4bATyLy6uYNLL8UO76y+R0fXauhyjZDCSC/ofinC779yNu2gGci8vJ0VZHwkgSQ35Jtv1T00Sc9WO1dwsrO1gSQnzVx4kEAAi4IID8XbSAJCEDAmgDysyZOPAhAwAUB5OeiDSQBAQhYE0B+1sSJBwEIuCCA/Fy0gSQgAAFrAsjPmjjxIAABFwSQn4s2kAQEIGBNAPlZEyceBCDgggDyc9EGkoAABKwJID9r4sSDAARcEEB+LtpAEhCAgDUB5GdNnHgQgIALAsjPRRtIAgIQsCaA/KyJEw8CEHBBAPm5aANJQAAC1gSQnzVx4kEAAi4IID8XbSAJCEDAmgDysyZOPAhAwAUB5OeiDSQBAQhYE0B+1sSJBwEIuCCA/Fy0gSQgAAFrAsjPmjjxIAABFwSQn4s2kAQEIGBNAPlZEyceBCDgggDyc9EGkoAABKwJID9r4sSDAARcEEB+LtpAEhCAgDUB5GdNnHgQgIALAsjPRRtIAgIQsCbwD0LSFZ7SlMa2AAAAAElFTkSuQmCC', '2025-08-10 22:37:52', '2025-08-10 15:37:52', '2025-08-10 15:37:52');
INSERT INTO `master_partisipant` (`id`, `agenda_id`, `nama`, `ttd_base64`, `hadir_pada`, `created_at`, `updated_at`) VALUES
(70, 10, 'M Julaikan ', 'data:image/png;base64,iVBORw0KGgoAAAANSUhEUgAAAR4AAAByCAYAAACFiL5DAAAMzUlEQVR4AezdS7LkSNEF4Ns8zJgyYAEM2QUbYFEsiR3AGpgyYIgxYghmQLe+qvKyKFVmSsqUUlLo/HZPxcvD3eNE+DHdqv6Nn33k/8JAGAgDb2YgwvNmwifC/eHL+u++tGnCQJcMRHiOda1/GtL5ccBfB+QnDHTLQITnmFd76Xs55pUkqzUZyANfk834CgNhYBYDEZ5ZNMUoDISBNRmI8KzJZnyFgTAwi4HTCc+sU8UoDISBQzMQ4Tn09SS5MNAnAxGePu81pwoDh2YgwnPo60lyp2AgSS5mIMKzmLJsCANh4FUGIjyvMpj9YSAMLGYgwrOYsmwIA2HgVQYiPK8yOLU/62EgDHzHQITnO0oyEQbCwNYMRHi2Zjj+w0AY+I6BCM93lGQiDPTOwP7ni/DsfwfJIAxcjoEIz+WuPAcOA/szEOHZ/w7aDP7fDtIPA70yEOHp9WafPlc2hoHtGYjwbM9xIoSBMDBiIMIzIiTDMBAGtmcgwrM9x1tF+O/gGPy90D1YH8zyEwaOxcBC4TlW8h1m84svZ/rhS1sNAWnFxf8Ezs+HRWB7D9bZQu0ftuUnDOzLQIRnX/4fRS+xIRoEpBUX+8zPAVuo/fZEhDAS7MZAhGc36m8GJja1UGJjTCzgf8MAiIi7mwO2YD8MLj6MgQAZB2HgrQx4uG8NmGA3GSA4RIDYlAGRAELjnsCvYlA2S1r7geDwa6++uPpnRfI+IQMe4gnT7iblVnCIAEEAByQI7udZoeHjHviteFqx7tlmPgyszoAHuLrTOJxkYCw4NhCcd99HCQ7xkZM8gjCwOQPvfuibH+gEARS7X6kUu3QJjv4ed+FrSnx57BFf3OCCDPT+2I50pb4oiA6RkZeCr7+/Md4L9QYqr73ySNwLMVCP7kJH3uWoBKe+clrB8cWxS0KjoHIyRRy1LcyBM7ADfWjt0g8DsxmI8Mym6mlDBVpfE4oW53MEh93TQZ/cKGaJjLyBYEKdgWt9sG4chIFFDHhoizbEeBEDClOB2nSEX6vk8QhyLZHRB/YEU/7GYGxeXxssYCCmHx8Rnu1eQSs6Pwxh5nzlDGZv/amvG/lVYKIChAaseSdt/sZs7OFDG4SB2Qx4QLONYzibgVZ0FO/sjYOhvUOz+Y849XVTwYiJNwGEBmrtXsv23lrmw8BNBvJobtLy8qSvBE4U8pziZftOEJ02R3kujV/7+Vq6N/YXZyDCs/4DqEJUzIv5HdIpoarCHqZW/ZEf3/LzNSZHY0H0tVPgo2wq3xqnDQOTDMx9aJOOYvCVgSrirxNPdIiCbVv8/UmbH9EoEamY4s7FM3vm+o5dxwxEeNa/3CrGKuj1I7zmsfJ7xUuJV97PKyxeeG8eznaXvwa3a/gYn7AEkXjoa9noa6dQdmsI2FSsrB+BgQ1y2OJhb5DmqVziVFEqaG0V6lEO4dcreclHjlowr51C7XHOKVvrfl08GgfyCnZkYO7j2THFU4bGa1vcSwtvqf1Sktr8au+cmGVTZ6u9t9oSnPone+Nbdpm7IAMe4AWP/ZYj47YK1FeCvsI9agG2Od4jiI01Z9Peg3OW4LBx9rlfVOyDzhmYekCdH3/z4+FXsSo8wfQVpLHivCdCVaTs7dsC5Vsu+lpxqj/OTb7Wy07/4+PbP+1hx0etsMdDjdOGgfy/TLzpDSg8xagIK6QxEVKoUPPVlq1irrm12jae3PjVyqniVm7W5GBNn522hXU+7Sk763zdsrd2D/8cFviy929DPz8dMrD0UXRIwVuPhG+FqahAcGMwVnBgfkuIx7+Y2hZyrHl2+ubY6GsLjwSn/uPEsp1qnZv/3wyG4g7Nx2/9EfTHQD2o/k527BPhHRSYYgMZG4Ox1hw77VpQ4HyJcc+3ecLBhu04l3uCw9Ye++vXRXNTkFPFaG19QbXj9DthwAPZ7ijxPIcBdwAKT9FCu8+8wgQF36490+dvzj7CIa82HzkAQeDHWitQxvaM/csb7GVTMIby9a9h4z8G+NHXBh0ycOuRdHjM0xzJfUAVYiVuDApe0SrWgoIuu6nWHjZ8iKM/BXHLRh+Mywc/5mpsTU4gHsgb2FkvGEPt/fWw8O8BfiI8WOgUHk2nRzv9sRSsQyjKFuYUa0FBW2dfUPTsxrDHHDvtHPA9tjPn7fDT+jQGOYE1sN+e9uvIHJjnSx/+7o8B1Q7d/PTGQHvhvZ3t7Ofxq44zKFz3VDCuAla0UHbWQNGbB0JQYGeufBtPQVx7CmXPp1g1FtMYzLGXJ5gjhnzp1/p/ho65ofn68+cvvWq/DNdq4ucIDIwv/Qg5JYfvGVC07SzhcHcFxazAFXuh7K0VzOkTjcLYN5sxKo6Wfz7Y6GtBXw5gna08QaxfDkbmy876r4a58c8fh4nfD9AOTX56ZMDl93iuXs6kSOeeRYG7z4IiB0JQPsqf+YIvFfPEAcr2Xls29utrQVw5QLu3bMyJU3bG9/CXewuZ74MBj6CPk+QU9xioO66iJxLEyBhqn3kwRyzg1tcQYWFjX/nWn4I9S+yn/GX9xAzkIXxzeYcdPHtPxIOYOFjrg3gYg/WxEJmD9muIj4J9+mxuiZO1Alt22ppLe3EG8hj6fgAK3gl9bWjvYSxE7KHs+TEmZDVnXP20YWARAxGeRXS93bgt9KXBay+BWHrP7KEEhw/xa1y+zbHTBmFgNgN5NLOpOpUhYSASkn71ju0H/loBMuZfLG2wDQNdevWgujxYJ4fyK5CjVJHrT4EQlH0JxdSeueveC9+tX3Nz98cuDHxiII/mEw1d/UEYHIg4bHG/rbCJI55Y5o2DMDDJwBYPczJoDBYxoKhtmPrXIzZV/Pasfbfi80toxKq+1tg8G/0gDDxkYO3H+TBYFldnoHVIdBQ/IVjzXokJ3/5pXTz+/fN7xdCas6avDcLAQwbyUB7Sc5pFwkB0JKyvfRWt4JRvAuPN1N89VQxz1titFb98p+2QAQ+mw2N1eaRHd6XgHVrxj0XB/BLcE5z2K+eWvxIcufBxyyZzYeATA48e8yeD/LE7A1XQ9xKpdaLz7H0SCuDLr1TEQzw+S3CmBM06e/uezcPe4OQMzEk/D2QOS8ewKTFosyEUNf/MXbZi86zgjPNpx+mHgZsMPPNYbzrK5GYMtF8ShOJWoPrSuLXWztkPBMueW2JDyLwLcdu96YeB1RjwwFZzFkdvZ4BI3ApKXApEBkpobonN3F+nbsVq50qs7uXV2qZ/YQYiPOe4fMIh0/F9ERPzCl2/QFwK1oBdrRMa4I9YgPVXQez4EEf7HTIRBjDg4WmDczLg/m4VubkWRIb4sAdCA2ufmu+1fcZfhwzkoZzjUkskiMc4Y3dovoW5FrV/vHftsRzW9hl/HTLgcXZ4rC6P5AvGwerXGf0Wfh1jo23n39Vv4+ZdvYv1k8Y51AM5KYfvTnvqzvb46iA6FZf4vZuTxDsZA1OP+GTHuXS6VfhIuPdVZG1tjEUnb2pthjv0l0dynktV4PeyHa+9617FLcHzpfOuuPd4yPxJGMhDOclFzUxT8TMlBlt/9VxDdLAZrM5AhGd1SndxSGgEJgYlPlvdLUETp2KKt1UsZwo6ZCAP5jyXWv8kXgVfmROB6rNxp8SAXbtWNs+2JTj+w0S+xfDfB4n3rM/suygDeTT9XDwhqNO4V+MSCKJRa0ta+4CAleDYz7cYhM44CAOLGPB4Fm2IccPA+7sKXlRioAXioh3fpXHZEw3iAWzH4K/ApmAfVAz+8pUzZi/jxQx4nIs3ZcNhGCAQkiEI2jHcb60RDzAeg7gU2BT4Y0tszPGXrxysBC8x4CG95CCbd2Fgyb2xJRoEBO4lbK1AaMA++yM291jL/FMMeFRPbcymXRioL5wKThj059wjG7DnFqwVCA3wHZyKgXMk66GdI9NkiYESA8JRIuQrxVoQBk7DQITnNFf1NdESGuLzdTKdMHAmBiI8Z7qtz7m6sxIfM8baIAychoE82tNc1TeJujfi4y+Av1l4PMhqGDgGAx7wMTJJFksZcHf1dz5L98Y+DOzKgMe7awIJHgbCwPUYiPBc785z4jCwOwON8OyeSxIIA2HgIgxEeC5y0TlmGDgSAxGeI91GcgkDF2EgwnORiz7pMZN2pwxEeDq92BwrDByZgQjPkW8nuYWBThmI8HR6sTlWGDgyA2cWniPzmtzCQBh4wECE5wE5WQoDYWAbBiI82/Aar2EgDDxgIMLzgJwshYGlDMR+HgMRnnk8xSoMhIEVGYjwrEhmXIWBMDCPgQjPPJ5iFQbCwIoMRHhWJHPKVdbDQBj4zECE5zMP+TMMhIE3MhDheSPZCRUGwsBnBiI8n3nIn2HgmgzsdOoIz07EJ2wYuDIDEZ4r337OHgZ2YiDCsxPxCRsGrszATwAAAP//GkJXawAAAAZJREFUAwDL8g0DjcmKIAAAAABJRU5ErkJggg==', '2025-08-10 22:42:30', '2025-08-10 15:42:30', '2025-08-10 15:42:30'),
(71, 10, 'Zainal Septiadi Baktiana', 'data:image/png;base64,iVBORw0KGgoAAAANSUhEUgAAAS4AAAB4CAYAAABM4B8dAAAP60lEQVR4AeydS64tNxWGN88GSASUNEg6PNLmMQAQMAMYBzRgBjACaMA4gBEAgj6vNgg6iZASAZFCh6c/7llH/3aq9rZr21Xlqj+qdb1sL6/Hb/tX1dG5N++/+D8jsH8E/pNS/K8I/dR9fnTuedDKcREwcR13b49SGST1PikGfe7cMiemVo+KwNwBOGq9rmssBHiTUjJSPSrBJnS3J0HAxHXAjT5ISTkhTZHWQUp1GbUImLhqEbN9bwT4NFTSQp8jLeYinzmbmHd7IARMXAfazAOUAmkpAaH7jB5gY1uX4EPRGlH7W4oAb08QVaxXPca0xT7692zDbtzWmV8hYOK6gsOdjRBQEiIFExEoWGYRMHHNQuOJFRDg01BJC72WtGrtVyjLIXojYOLqjbD9zyGQkxT90vOI7Zxfj58AgdKDsm8onN1oCOTEw1vTkrPIutFqd74NEFhyWBqEtYuTIpB/GgJDLfnkpIcPy8kQMHGdbMM3LBfCUZLK+7Wpqa/atbYfHAET1+AbOEj6kJSmCuncOXtq/qznfp4nHlDiLRDf6A+48tK1EFhyeNbKzXHGRwAigBCiEnRIK/pL2xY+Ijf15fuwdEdWXueNWhnwE4XLSYr+I+eN9S3gmyIs/CqB0bfsGIFHDtKOy3JqGyOQkwyk0Oqs4WtJeXOEha+lPllrKUegmWWrw9QsITsaGoEghygCAmtBCvgJn7Vt5DSXx9x4bRzbr4iAiWtFsA8eCoJQEoBsWp8v9X8PTuIjt9bcmrvn3/MbItD6YG1YikNviEBOWhBCq7MF+dSUhj2ia/I+c+RIaxkQgVaHa8DSd5fyqAlBCkoCqj9aE77Dxz2/kKfas44+6xD6IXk/xt0OgoCJa5CN2mmaEIOmthUhkIfGjj7nG30POWoO1h9EgI190IWXnxSB3oSg/pWUFO6ptyxs41yrD9YxR2sZHIHY4MHLcPorI6CEgL4FIeRxtT9HaCvDdLk4YB8ETFx9cD2yVwgi6kPvcYbwGzFyUpwjpciDeV2DL+2HX7cDIxCbPXAJTn0lBCAESCDCQQZrnp+IT9zIgXxu9ZlbM8fIy21nBLypnQE+iHtIAxKIclSPsVYtZBS+Ig5joTMXfT2/jDEXovYx5vYgCOjGr16SAw6BwJqkNQXIFCHpuSU/tUE3aU0heaAxPQAHKsulNEIgJ4HehEC8SB0d0X4eH9LSMex9pgOxA7fe5ANv7oOlQQLqQglCx3vpGg89P6vkx3jER89tYq5l+1ZyFvJG0sljTiDWfyWbkF8m3U8DBNbY6AZp2sXKCHARNSSkoP15fflMHjM8TcXObadsYn1t+/e0ACHGlLyc5kNeTfqth7w+kAxCvpT08Amp/S31/5TkN0m+ncRPIQImrkKgTmTGxdJyuXzaX0snj6nYjGsOuQ2EgA2idujvpj9UsMnlY8kGSc3i58208o9JyOXfqUX+mVp9yPulNPCpJF9I8v0kv07ipwABE1cBSCcy4RJHuehcruj3arncxFL/xM3PZm7HGuxiXczrGDYqH0nGKql783knzb79JPgtldfSmteT8Kb1wdQiH06trv9J6v8lyZ+T/DYJb14/Ta2fAgTyw1GwxCYHRYALHqWhr3E2iMNl1rjaj3FIScfRyY9xfCCMhX1NCzkhrM+FN6JXkjMkNU2fbyRvn0zy6SRfTPKZJN9N0vP56jLn+1vF5u8vK2e0JgJx+SMmJND7XOQxI/ZUXPKBUMIGPdajxzht2DJeKpATwvojCmT1s1RYCBil7tjP1EEZuyJnX4MABMAFjzXovc8EF4c4ETPaqTFsY56WPpLbxljv3Mlh78IP+RGIClxoIS/k5yn57yUZ/vFGD7+FiwuYIq3FzgoWEo+LVGB6mbPNCYs+cuZzDEkhf03AIvyQH4Go0tAFsvra5XIJ6f05mkL1f8684Y3QHdINBMKFj+RVj7GWbR6PvvrX+JCW9tUudOaR6J+tnSKqjycQkNRc+DULiAqMaCEv5HKU/0xcR9nJ8jpukUa5lzJLSGgq3ty5w5bLNuedOWRu/qjjEBXEwxsVGPFGBUkh1AxRfScpCPh8IunYp+aYz9wBOma1ropDryhwyLXfUieW+tc+esQKGx2LOVrGsUHon0F+mIrk1yP43S/qh6i+ksaUqH6R+kpUP0h9JDXHf0xcx9/jqJALEDptLyKofcsilykhX3Lc4oxO5dNzLCeqb6Zg/GIqv/+V1At/ZSjeqsCENyp+hnUaogIElTMcCq33rDokoLVz+LXfSieO+s77xGGMFglbyI4+wjzjRz6bP06FItRNvVNEBVn9KNmBxYdSC1mdlqhS/VfPkQ/HVaEn7nAxonx0LkL0W7VxAdUfcUrPF3bYI+jq5wg6JIUETl9PRSHUm9T/v1HlRAVZfYtJy3sROOIheW+V5x2BqKJ69B77zWWMC0gs4mifsRDmQp+zifnR2yAq8IGkkKgZHBD+2g9vVZAUYqIq3PUlB7nQtc02RIDLwsWIFNB77DVx4jISC71HHHzvXfgna/g5FJiAdxAVmJA7YxAVAkYIf+3HZAU6lQJ4lUtsvnMEuDhxWUgVvcc+cxHxTQxEdfq5YB9j92zDbs8tRIVQF8I/WcNfHYraGOOfx4GoGGMPICpkz3UNkRtgDpGokyxCYIq0ihZWGnEpdQkXU/tH1XOigqzyWpWo+PUFE1WOUIO+iasBiDtxAZkogah+N8UKA+KoeUkcXVNir/631JWoqGGKqH6VEqSmEBNVAqT3Y+LqjfA6/rlUGolLpP1WusZBr41Ta98q71I/EBVCbcgcUSlZfbnUue3aIWDiaoflVp64YBq7FzloHPTSs4Ot5rc3/XcpIX4VgTwhKiQNXT05UZmsruBZv1N6+NbPzBFLEOCyqV0P0uLnZhoHvfTcYBv59cgtfNe0EBVCbsjn0mL+pdLUPD8QFULOyJhE9VzO8ZTSA3i8yseviEsXVaBzwaLfqoW01C/6iGcmJyrISjH6ferkRGWySqDs9RnxEO4VyzXzgqgiHnqPfcQvRBVxVI+xWy3rY752baxb2kJU8flHHjlR4ReyIi/k82nARJVAGOXpceBHqX3UPLmIkTt6jz3Eb8Sg5XLT7lkgK/JGIKr88w+iQqgFgaz2XI9zu4FAj0N/I9yOpsZLhc82LmVkzuXrsX8ag1jEoa0R9bFkfUksiKr2rcpkVYLsADY9Dv4AZQ+XIkSgBKB6y2KIo/56xdEYNfofkjE5In6rSmCc9TFx7X/nuaSaZS8y0TjoS+OwNvJd6iPW0ypZfZaBTPLPP79VZQAdsWvi2veuKgmQaQsiwI9K/glKzK3PxT2y4v8SDRaIEJWWZf3ICGx9QI+M7aO1QSDhA51LGv1WLaSlftEfORPkGbnhK/SStoasXi9xaJvjIvDIIT0uKttWBpkoAaD32CfiKLmo/igCpb5MVo8ifdL1PS7ESaFsUvYUmfTYI8hQyUX1pYXgs2TtG8kIW2TqZ1b6Geg3qwTWyZ/J8ntcislAHryLABdZCUT1u4srDIij5i3iqM8pf5AVgt2rGvxJN1k9AeGmDAETVxlOva240Bpj6vLr/FJ9rTiRn5JVTlgmq0DJbTUCJq5qyJovWItMesVRvxBukBXjOVm9mdDDBvFnYALDzzIETFzLcGu1issdvtC50NEvaUtt8K22PePcIqvXNAnrRmApAiaupcg9vk7JBL3XXuA7skVvRVrxZhW+teXNCiGWyUqRsd4EgV6XpUlyB3YCgUR56L32Ad+t47yVHOI3f7NKwxclKxMWiFi6INDrwnRJ9iBOufRRCm8kvfagdRz8IS9H8tJSB2KyElCWql53H4Fel+Z+5HNacPGjctVjrFWrviGUpX7j7Ur95b4e8Z/7ct8IFCFg4iqCqYmRXn70XtjjOxJWPcZK2iCs/O3q7WzxUv+ZG3eNQB0CvS5PXRbHt9YLjt4Ld3wHmui1cW4RFm9Wr4Tzp7bW/9MyN0bgMQSGO3iPlbvZakiE4LS9MMc3MRD0mjjYI/kbFmSFBGFhg3+EcVqLEVgdgZrDvXpyBwoIzlx02h5lKaHgvzQO6xDWhPA5SK5IjNGqXT7HvMUIrIZA6QFfLSEHqkZACYXFJaTCGgT7kCCseLuKcbdGYHcImLh2tyVVCeXkc4+0sEc0yDupw7pbhKVrsE1LGj52ZQQqETBxVQK2I3MlE9K6RSjYItiFBGG9FAMzra67FWNmuYeNQHsETFztMV3Do5IJ8eYI5d00mduWElZaeuHfB6O1GIFdIWDi2tV2FCWTk8kcaUFYHxGPNYQVy9S36jHv1gjMINB32MTVF98e3pVAVJ+L9Y80gd29T8JkdvVAfDHA+tDdGoHNETBxbb4FVQnUkAlkg3y0KsILY42j+otZ/2kENkbAxLXxBlSEVwKBkCqWPmTqM/IQfF7cAwEfyh6o3vVZbaCkpXq1o4IF6n9NgixIzSZG4AUCJq4XOOz5TyUS9J57hv/AwqQVSLjdHQI9L8Huih0wISUS0vd+gYLl9Aj4Iuz3CJT+2kOrCpQk/bZVj6pXrIiAiWtFsCtDKXmoXummyNykVQSTjfaCgIlrLztxnceaRKKxVL/OyD0jsCMETFw72oynVJQ8er9p5Z+jPg9Pm+Bm3wisdVD3jcJ5s1NiVP28iLjyIRAwce1rm9Z821oz1r5QdjbDI2Di2s8W6mebkkqPDNW/37R6IGyfXREwcXWFt8q5EkjPfVHSUr0qWYwtRmArBHpekK1qGjGuEogSWOtaNA6+vf+gYBkOAR/c4bZsccL6KYqTngSJf4sR6IaAiasbtMWO9S2oF5lAWupb9eJEbXgCBAYp0cQ1yEY9mKYSleoPuvVyI7ANAiaubXCPqGu8ba0RI+pxawRWQcDEtQrMmwUxaW0GvQP3RMDEVYNuP9sen28mrX77Zc8bI2Di2m4DlFhaZ6G+VW8dx/6MwCYImLg2gb1rUCUqdO9xV7jtfAsEfKi3QP06ZsvPRIgqvKN7fwON2dYTIyLgg73NrkEqLSPze1rqEzL03rZE2L52hYAP9662Y1EykBZEFYtVjzG3RuBQCJi4xt5O3rKUqFQfuzJnbwRuIHCHuG6s9FQLBCCepX7ytSatpUh63XAImLiG27ILn4ZKWugmrfH20Rk/gICJ6wHwGiytJZycpOh7DxtshF2MhYAP/Tb7BeHURMYe0TWQ3pL9Ux/WjcCQCPjgb7NtijuEhGgmfA4ijCM6Rx/S0jHrRuBUCOgFOlXhOyg2Jx8IKYQ5RNNkjjHvmaJi/ZQI+BJsu+0Q0a0MICsEO+/VLaROPne28n0Ztt9xSGlO2B9k+yydgRHYEQK+FDvaDKdiBIxAGQImrjKcbGUEjMCOEDgFce0Ib6diBIxAAwRMXA1AtAsjYATWRcDEtS7ejmYEjEADBExcDUC0iw0QcMhTI2DiOvX2u3gjMCYC/wMAAP//nIOmdQAAAAZJREFUAwAHsH4Pz+jkLgAAAABJRU5ErkJggg==', '2025-08-10 22:42:51', '2025-08-10 15:42:51', '2025-08-10 15:42:51'),
(72, 10, 'Adi purnomo', 'data:image/png;base64,iVBORw0KGgoAAAANSUhEUgAAAT8AAAB/CAYAAACZicVzAAAAAXNSR0IArs4c6QAAB3ZJREFUeF7t3U2S40QQhuGaXnBOjsRFuBFbdmxYEETABBAKWoNxW63ST0pZVU9vZmJarsp8v/QbJdvh+VL8IIAAAgMS+DJgz1pGAAEECvkZAgQQGJIA+Q0Zu6YRQID8zAACCAxJgPyGjF3TCCBAfmYAAQSGJEB+Q8auaQQQID8zgAACQxIgvyFj1zQCCJCfGUAAgSEJkN+QsWsaAQTIzwwggMCQBMhvyNg1jQAC5GcGEEBgSALkN2TsmkYAAfIzAwggMCQB8hsydk0/EPj7/e/Tn2/IjEOA/MbJWqf/J/BXKR++z9LzYaApEfZAYWv1G4H5tDf/g1PfgMNBfgOGPnDLTnsDh//cOvkZhhEIvJLe1Lf5HyH9hR6FP3D4g7T+fIs7te02d5DwP2uT/AxBrwSWTnvE12viG/siv43AXN4EgVenPbe5TUR3XZHkdx1rO8UTWDrtEV88++Z2IL/mIlPwAoGl057bXCPzkgD5GYzWCTjttZ7gTfWT303gbXsKAae9UzCOuQj5jZl761077bWeYIL6yS9BCEqoJkB61ahcuEaA/NYI+X0WAm5xsyTRSR3k10mQHbfhtNdxuHe2Rn530rf3GgEfVl4j5Pe7CZDfbnQeGEjAFxEEwrX0vwTIzyRkIkB6mdLovBby6zzgRtojvUaC6qlM8uspzfZ6Ib32MuumYvLrJsqmGiG9puLqs1jy6zPXrF35rF7WZAasi/wGDP3ilj/7nJ5vXLk4DNv9R4D8TEMUgc+k55MGUdStW02A/KpRubCSwNKt7fxwp71KkC6LJUB+sXxHWX3tlDdzMG+jTEQDfRrGBkJKXGKt9Jz2Eoc4amnkN2ry+/uuFd60A+nt5+yRwQTILxhwB8tPsvvsDYr5Nb7nWTJbHYTfcwsGtOd09/e2drp7PNE9v8FhpvZz98gLCRjUC2En3WrtZDeX/XwL+0qQ5ilpyMr6SMCwjjkVaye7JeE9/vsjOa/tjTlHTXdNfk3HV138UdnNGzntVSN3YXYC5Jc9of31rQlvfq3urXKL59f2zjztzbfetbVUluwyBJYJkF9f01EjvD2COetNjZrXF81kXzOZthuDljaa6sLWvjhgWmiP8KbHPa+99bRXI7vnRs1kdfQuPELAoB2hd99jI4W39KbG2qxsEd3zLffjyXJtn/uo27krAgatrTjXpLf3hPdIoeZNjS2ie5TpUn1LH5RuKx3VNkWA/PLHFSm8WWIzhVfzsFVMR95IMY/557GbCg1bvijXTlVbXndbW+uM7rfU82q/WZZ/llK+O6MgayBQQ4D8aihdc83aCW/tjYu1d3rP6GLrqa5mz60ny5o1XYPAKgHyW0UUesGa8F69Rrb3NPf4psK0buTn9rZAq/ny0+maP0opX0spP5ZSvt+ygWsReEWA/K6fi5on+2NVWzOqOZ2d9bm9M+it8TC3Z1C2xgcCW59YEB4jcPataY3oHis++rm9Y90vP/qX95Pd7++X/FZK+fX979Pvpp+fSyk/lVJ+iCrCumMRIL/r895z0pmqPOuNhblj2V+fvR0TEfAESBRGYCmZbnMD27Q0AvUEyK+eVYtX1nxgucW+1IzAYQLkdxhh2gWyvr6XFpjCxiJAfn3m7Ta3z1x1dSIB8jsRZpKliC9JEMrITYD8cuezpTq3uVtouXZ4AuTXxwg8i0+ufeSqi0ACniSBcC9amvguAm2bvgiQX9t5El/b+an+RgLkdyP8g1sT30GAHj42AfJrM3/iazM3VSciQH6JwqgshfgqQbkMgc8IkF9b80F8beWl2sQEyC9xOC9K87+ctZWXahMTIL/E4TyVRnztZKXSBgiQXwMhPX3lvMzayEyVyQl4IuUOyGt8ufNRXcMEyC9veMSXNxuVdUCA/HKGSHw5c1FVRwTIL1+YvpIqXyYq6pAA+eUKlfhy5aGajgmQX55wiS9PFioZgAD55QiZ+HLkoIqBCJDf/WET3/0ZqGBAAuR3b+jEdy9/uw9MgPzuC5/47mNvZwQK+d0zBMR3D3e7IvCNAPldPww+wHw9czsi8IEA+V0/FL6d5XrmdkSA/G6eAeK7OQDbIzATcPK7bhaI7zrWdkJglQD5rSI67QLyOw2lhRA4ToD8jjOsXWF6o2P6eat9gOsQQCCOAPnFsbUyAggkJkB+icNRGgIIxBEgvzi2VkYAgcQEyC9xOEpDAIE4AuQXx9bKCCCQmAD5JQ5HaQggEEeA/OLYWhkBBBITIL/E4SgNAQTiCJBfHFsrI4BAYgLklzgcpSGAQBwB8otja2UEEEhMgPwSh6M0BBCII0B+cWytjAACiQmQX+JwlIYAAnEEyC+OrZURQCAxAfJLHI7SEEAgjgD5xbG1MgIIJCZAfonDURoCCMQRIL84tlZGAIHEBMgvcThKQwCBOALkF8fWygggkJgA+SUOR2kIIBBHgPzi2FoZAQQSEyC/xOEoDQEE4giQXxxbKyOAQGIC5Jc4HKUhgEAcAfKLY2tlBBBITID8EoejNAQQiCNAfnFsrYwAAokJkF/icJSGAAJxBMgvjq2VEUAgMYF/APvBpoCaj65VAAAAAElFTkSuQmCC', '2025-08-10 22:43:07', '2025-08-10 15:43:07', '2025-08-10 15:43:07'),
(73, 10, 'Dedy triwibowo', 'data:image/png;base64,iVBORw0KGgoAAAANSUhEUgAAAPYAAABiCAYAAABj5S6dAAAAAXNSR0IArs4c6QAACF9JREFUeF7tnc3KZjUMxzPjqAsREcSFuBlxK+JeRO9AvA/RC5ib8D5EvAXFGxC3Ii5EUAQRERQcP8Kcztu3cz56epI0bf6zmRme0zRN8mvatOd57hD+eLDAv4sS94noe2GF/iGiO4tM7uduhfykT2pX0QSPeLIAHOfDGxpg/71AnHz8kIjuVQ4XYFcayutjANuHZ6TBLrM0/78Wap4QniKi2uzuw4LQ4pYFALaPgJAEu2XpnVsBYPuIiUtaAOxL5hNrLAF2ufRuzbhpYmhtL2YUCGq3AMBut51ky6tgX1l6l+MA2JKe7SQLYHcyfNHtFbCvLr23wD5TbPNhRWjx2AIA20cwtIAttfQuLYCKuI+YuKQFwL5kPrHGZ8FOBS5WgNueqXofKQ2wjyw0wOcA24eTzoAtvfRGRdxHDIhqAbBFzdksrDZLakLNyqNw1uxCXw0Btg9/HIF95RbZmREC7DPWcvwswPbhnD2wNffTWxVxnGH7iItmLQB2s+lEG26Brb303gIbR12i7rUXBrDtbb7W4xrY1lCnCjv/jbjwERfNWsCBzaYTbZiDbbWfrp1gRAcKYTYWANg2dj7qJYHNf599d/pIdu3nKJzVWmqA5wC2DyclsJM2PYpXANtHLIhoAbBFzHhZSA52D6h5AAD7shv9CADY/X2RF8l6VqOTHj116O+NSTQA2P0cWRbJelejAXa/WBDvGWCLm7RKYHnpJPmhpz+Obr9VDQwP+bBAz0DyYQF7LdbOpz1A5UEHe29M2iPAtnXs1qWT3lDhe85s40C9N4CtbuLHHezdJAPYdn4I0RPAtnHzUeW7N9g46rKJA7NeALauqfPK9943nQBsXT+Ekw6w9VxeVr73floHYOv5IaRkgK3j9rNvZnkBO/LllI+I6OPlt9Pe0wkLO6kAW97WZ6FmDQC2vB+OJH5GRG8R0asrP3/0LhF9cSTA8+cAW9Y7LVB7ALv3xCLrhSelMcT85/3l77W4563Tn0T0gIg+0VZIWz7AlrPwUeV7r6feYPXuX84LN5K+JKK3d0DmMf9ERJ8S0YcaCvSUCbCvW/9MkWyrt95g9e7/uhceSWCY+Q8DXcY2j/Hz5fMPpDr0KgdgX/OMBNS9l+Iz3Dr7moje2ID5KyJ655qbx2sNsNt91rqfXuuxZ8Yc9XIKYN6JXYDdBrYk1L0z9mhgrwHNE2PIzLwVvgD7PNhXimQe99ijvIe9BfQ3RPTmeTfO3QJg1/u39npovcSbJ3suxXv2XWOrNaDZF0/XNI76DMCu87xUkcxjxvYI9rdEdJ+I8mu4rCeyc1284ovhK+wkvZ/2VDzzVhFnoF8rqtsAuiJIy0eQsfeNZgF1XjyzvqvtpXC2BfR3RPR6Q1yHbwKw10PA+tc4ehWweoPNExnHYB6HnKEB9MWpCWA/aUDLX7dMvfcG23Kl8AMRvQKYL5J70Bxg3zaQ1dK7dEsvsC0LZwBal+Vb0gH2jTl6Qc0a9FgS5ysTrThYgznVFLDcVgRdy6GKKouLtt5Prw2gJ9jSPyn08zLAl1aW2z8u7z+LOxECb1sgOtg99tNrMdjj2ElyMtmCOWVnAG0880QGu+fSu3TziGD/SkQvLANZe0USMBvDnHcXFWxPULM/eoLdUhHP7ZfiiZf0vxDRyx3jGV1vzLQRDOMN6l5gp4r4GbBLoAGzU2KiZWyPUOcZj/9t5ZPao67fiei5IhFw29/+/26wF53GdXi1rILIg6E1XreUHFctaBJ91h51rWVoAC3hAWUZEcDWfN1S0j2WYNdUxMvVzR9E9LzkgCFLzwKzg639uqWkZzyBzV/D++wyOOlzbkmbQdaGBWYGeySo2T2W10qPMvbR5wDKuQVmBdtzkWwrJHqAvVYRB9TOoa1Rb0awR4TaOmNvLftz280YGzVMTPHMbM4bFeocbO097dZlmL+I6Bnsq6fg2uzM1MJa3o+zjmxgtQTe6seq/yM74HMBC8ySsUeHml1pda10DWBALQCTJxEzgD0D1D3Azgtnac+tvQ3wFPtT6zI62LNAnYLM4iw72Sz5Htl6QsRHBns2qK0q4/nkgSr4hFDzkEYFe0aoLcAu9/FYggNsNxaYFWprsNPEjn21m9CWU2S0jD0z1BZn2fl+OvkeYMvx5EbSSGCPdve7xcnahazyNcyRt2Mt9g3TZiSwI+wHtc+yy4yNbD0p6qOArZ3JvLjXCuw03lH878U/w+gxgmMjHclog51WPRygyNbDYHpeUe9gj/xSx3lvPGqheUklB9u771vth3YDnGNHWYLnwagFdsRJMizk3mdtrSD37PDyyqeUrrMfFUrZaQo5nsGOmK01L6lEOFWYAkqJQXgGO2K2BtgSUQ0Zbu+KR83WFmB7nsyBpJAFvDoZYMseR0U6MhRCY2wxANuf/zQmNe3zcX9WDK4RwPYXAIDQn0+G08gr2LW/LTWcwSsUBtgVRsIj+xbwCnZeREq3se4GcSbADuJozWF6Bjsq3ABbM+KDyPYOdkS4AXYQ+DSHOQLYPP4IX7KQ/AywNSM+iOxRwC7hnnnfDbCDwKc5zJHATnaY/S0lgK0Z8UFkjwh2ue+eLXsD7CDwaQ5zVLDXsvcsgANszYgPInt0sGfM3gA7CHyaw5wB7L3szfvxe5oGVJANsBWMGk3kTGDvAc6fjXJzDWBHo1BhvDOCPTrgAFsh0KOJnBnsLcC9F9kAdjQKFcYbAewjwL0t0zXex1YIHYj0bIFIYOeA87/LsXv4Av3ZL994ZmEq3SKCnTtw7Ufq0pcoWhbbSj0eDljNnwqM0QcTHeyaLK61VOe9NE8euQ94UhnxiG50DqbTH2A/6VIGa22pnopuZcY/ExT5KgBAn7Ecnj1lgf8AxIZIgWiNX2IAAAAASUVORK5CYII=', '2025-08-10 22:43:07', '2025-08-10 15:43:07', '2025-08-10 15:43:07'),
(74, 10, 'Yopi R', 'data:image/png;base64,iVBORw0KGgoAAAANSUhEUgAAATcAAAB8CAYAAAAMyvcpAAAAAXNSR0IArs4c6QAAEW1JREFUeF7tnVnuLTkNxtN004AEUvPAO+yBV9RsAbYBCJZA7wAEu0CCJTA9swbYQSOBxDx04FgY/53YGaoqTr4jXfXte6oyfHZ+x05SqXfSGZ9/ppTeeXX1Hyml94J1O1L7c1vz51PBNEZzN1OABvxm3fq/7kQCQ80O1I9/NYDj70qBV4Kda32Cb+08bsL3bXcH3AVs5GgZbPljRZ8Zajly0uyby8i6XAE5al9u4+6+FX7w796B3R2QBltLtLOyzT3RWwbbu69OcNhI4FiAbNWB/5D0wI2AjHS2VXlcryqwM9w8IIjoFrXoTYJNA8UV0awEW+uPCdLZiJ64eJt3hdsVA3gVU3KAyejLG6nOBr+MEFvhhnR2Fe/aqB27ws07yKOaUoNTK7C883eWRrxeSkdb4Daazlrtw/eHKrAj3FoHeVTTczjR4oGMoKy+kf1b7+PllhYt+DU52ny/0BhedwsUrb7h+8MV2BFuu0dt5LI8PaV/y/aUkdBKLk62oblA2dbZixwr9R1tuVmB3eB2StRGblKKerQJftpcy12MR3za9yV3pHppOwmBNvtTKQqUvpavk/+2mz/ePJxRnZVSRFZo1jxSFA0smFurmPR9T8Qk6ybta4AigJZSWWwDieJ5Adq50y+lNdADmKOpid6UTm7o5anhiGYcZj3laOkz5tyaXAAX1xTYCW6eyGEnb5DpnxV9aVFc1oNSyZaoScJsFG48Rf1jSukLOxkKfXlGgV3g1jO4nlF8Tq1yr1t+IsEb9cyImOQPSc8Pi5wv7AXtHEVRynYK7AK3nsEV2Zil+S4reuN9tubjSvpoPySt+suV3uyHf0gpff5VKaK3yN65SNt3gNtpUVt2HQmTXg207SRWBDijbg5WXp/cEJz72pIuLzKs0IwVFNgBbq1Rwwq6j7RBAxmHVItN6T5NQw1yWt09YOUpKW/vxymlD5g4FmhHdMS9myvQMhBWlKJnYK3Yj5Y2lfrcs62Dwy1HSNrKKo+cShCk+TJPP0pRW763BjdqW77/iuOaPG3HNYEUiA6306I2LSUld5Og8rhh6R7vymrPjwsvW84R1uDWU5dHA1yzqQKR4Xais9f63JOaWkC0VlZbbVCL2miIaU9deO7bdIiiW70KAG69yj1znwWT1tTUglvuZSlV5cDx+pEFqdIKrtzT563vGSuh1iUUiOwkSEnfupAHVvwu7/XeNNVy6tJCgha1yRScb/SN7LeWRvh+kgJRncSKYCbJs1QxXhC1PF/bWubIw+6tURvBjR/LRH+P6rdLOdTujYnqJCfCzdtn73WUclpPN2jppwUqbdy0Rm0cbrQl5MRofXcGXda/qHBriU4uE+/mgr3zad5ozAO3EsTkHBiBqLTh1nq3Awcy90mKFAG3m51th+qiwy1q+3t8xxu1XAU32rYhIzlPFGddw/umgZOnplm7k+ze4yu4J6iTtKRduxi5tc+zQKilklpbvPDSwCTLk3DjTyl4+7WL3dGPAQUi/gK2DvQBeZa5tbXPPIXNncjpopYy1qI8uUKafaW2l66UenrBJ1NPEh9wW8YNYzUkMtxaTsCIZZW3rfXOt9Gd/Ho6SlzTqwVu+X5+LHkNlnwOrrYfTvuutqcNkVt0T76x/RHhdqKDt/aZR3qUCrbCTUIm309vsq/5jYzg+HyZBKKMSEubeHkUhzm3GwERuapocOt5xCiyfXLbW1NSuQpKNm6BW+kopFyW96QOC1SaLa17WiEf3fZo/4AC0eDWM9AH5Fni1t4+1ybmqWPeB+e5EF64cTDnv0u4av2yHrMC3JZwyRiNANzWt1Mv3KwoSEZ4PGWU93KVWnxGS23puCIJKhktahAF3Nb312Va2OKoKzS6dWJ9hTaPtqF3QGsbY6W9S5GbtteMLxJ4+iRXSXl6rC1MeGDcq4WnvbhmMwWiwe00527ZkMtdswQWaW8tKtQiqNq8XWlIyJVQDbY8OtO2nsiyT7P/Zri5tzuR4NY70O9VdG5tPSlpS0qpla9FUC0LCaQAgagEMJl28mhRS0lPtP9cbzqstEhw6xno0c3Z02dtGwjp4IncZNSX722FmyxDO6qcA8wz3wa4Rffmm9sPuN0seGN1rXOMpVSwBW4yghpNSfkqaWlezTPfBrg1Os/pl0eCGw06PJlQ9lqZCsqIyIrcWlLa2tjhgOR1avNu/MkHKjNfRxuG+b+1RpCnj++j+x8RbpHaPOpcLZGbZ3GgBDftxA/Zdq/unpQ0l1UDKeA26jm4P8zRMaemJN7VQQ4KGdmWoqjs/hKepS0gNO/mGTIluHkWLxC5eRTGNS4FvL/GrsIuvAhwq4urrUzKdE4DlITnjP1tvAwO2lIbtQhOi9xOnJa4cEjtX3QUuPWsGu5gPU/kZmkjFxm4Lrx8bT6MrtW2Zmj6lvaq1drYCrcoPruD/4XuQxRHsQZwaCNUGm/BrQYuLXIrpax8DizXKf2iB27a/jatHA/cTo3cd/XrW/oFuN0ic3clFtxq6ShVyldMOdw4MHgayI82ao3ctI241kkuWiosIXjqj1u34+DGOGfRt6wa7mJXK1rxDngP3Gg+LkOFg46iOE/kJiMwuQJbe+og1y9Bru2P87RjF/ujH4MKRIncrAhmUIYlb/eekmvZ0Dr+m6ehMj3l0Cu92YpHd1xIaldtIUCurEqwUp0n/rgt6ZSRGmUNjFX6Arj9zxLWa/I0m2npq4y0KCri13rhVirLii7lnOHfUkp0JBJFcxlwJ9p/lbEXth2A27qmsw6SbEnRvHAjmMk00aprFG5UPsGN+k5PJJCfRvHXdb3qoJZFcBZr7mlXc2n9tiKhkhYeuBFIZJqZ/9165I2Xz8uxoCTbxeGW75WPYEXw1139MVy/IjgL4Pbft07VnkKwHM+CG0/7+CICRXI1uGn74+TcnfWmLCqfw+3T4lWCVvRoaYDvD1MAcFvX4BLqnm0fvZEb3/7RCjcZtVFKa0Vt2h49CbdcVtYhf/hc3LpWQ8uWUSAC3HpTsWVE7mwIh5t3Yr8XbhxotGLJV1FLkRu3DW+jp72aXTW4dcqH205XAHBb1wO01+v12kuL+koRlwa3Ur3ayipXtNZerU2A27r+GK5lvYPlzo6eHrmR1iNzTgQSiqgodeQpJJXPI8ZaainTSm1RobY3TtveAbjdObI2rwtwW9fAPfvZrLQ0f08pJgceQS7DyAu3kait9EzsX1JK77/akBcU8IEC3QoAbt3SXX6j56F4byM4yLSTb3lU6IGbbFtpn1upfaVonOD215TSZ7ydw3VQQFMgEtysvVY7WVg+lmQ9+mT1XUZp8noNbrV0WM6XyfItvyrB7U8ppc+mlP6cUvqc1Sl8DwVqClhOuIJ6pz1X2BoFeWxkwY37gfUmKg1MvHzP3GAuI38ktAE3jzVxjUsBwM0l020XyXk22u1/ZeQmYWTBjUCmnbKbhRrxKcDtNlfbv6IRR7xLnZMiN57u8S0Zs+CmndUmfaAGt1I6ObLBmPsR4HbXqDqgnghw07YM7GgaCY6Zj51JDWvba0pwqy1waNFcj40Atx7VcI+qAOC2hmNosLkKbtZiRQlutegsf+eZa7PUBtwshfC9WwHAzS3VZReWHohfCW40lzYDYDUhAbfL3Oy8ggG3Z21uRVGzUnJejmdlU15DfrIS3D5kpvt6Sin/+cUnCxofPWtS1L6KAqvDbWb0sorm1A7PEwiz4ZbL4za3Hojnml0NtlzXr1JKX2MpLgGM4EXtyf9f+qzu06v54bbtWd0RdoabZ4Vx1kpxaZ9bzf5WVDlrUHCAfSul9KUX3CzfzFEaffLf859fzmoUyomvgOVAT/dwV7h5DwO4Am48evPAbWbE9t2XQ33/9d8PDAcjgMn/AmJPj8wA9QNu9xup5ZlRLwStXshnS/Px3Ra0RsGaQfad11MIX0wplUD2u5RS/kPR189fqfPPUkrftDqG76FA1PmJ3SK30spoyT6z+s9T4FyX58mH0b1r8k1W1Mfff/IXitx+qHScNALcwK0hBRC5DcnXdLNnAUEWOANupRM8rMhtdDHjJymlr7469JuU0q9TShrMZJ8/fkV5VvuaxMfF5ykAuN1nc88CgtaaEcjIDbnZ3t5Ud6TeEVV/mlL6hiNtHqkD9x6gwOpwyyZ4apDNNL8XKFqdI3Nf8oQRDrfaEVIzIsYR/Xaw+Uj/ce8EBQC3CSIaRbQsIGhF9YJGgo3PtdHfS03vrXOWmph3m6XkweUAbtcav3UBoQY3C0j8Xu3opBa4jUSaMxSl04J//FpxnVEmyjhMgUhwi3YSb88CQsn9WlNTCSft8au797i1DK0fpZS+jXcptEiGa6UCEeDWOrBXsXLvAkJt3s2zgqilwXxbR8seN099V+mNeberlD2kXMDtGkPPTut4FFiLYEtpcC/cnoyWaZ8cUtNrfHT7UgG3+SYeXUCwUtNSNFVLg3kU6dnAu0K0jNR0vm8eVWIkuD2ZInmdYsYCgrWCmb/XIqpaGhwZbi0LKV474boDFIgAt6e3JXjd4EqwURu0dDfrk9+xUIvIWuG2ynwXUlOv9+G6NwoAbnOc4q7jgXJrZV3chiV7RodbfrD+K3NMhVJOUSAC3LItVokkaiuZ1M7RN1V5fE9u0LVSdgk3a6FgFb0x7+bxBlyjKhAFbitMcGsCztzL1uqiue78ec9xY1S48R+27zkfvHfIgUtOUABw67fyk2BrbTU/zy3fa9l9lcgttzWf75aPFc9HJeVz4fCBAi4FLCd3FXLDRastKkQCG49+yFQ1u6+mNaK3GwbYjlUAbu1WjQa2HeCG6K3dT4+/Iwrc+AB9ss0RwZaP984HQPJPtMgN0dvxqGoX4ElQtLb26UWFiGAjjVvm3GY/OtZq59L1dEIv5t5mKbp5OYCb38AzH4T31zrnygys/Gl59MraXjKnZf5S8gtnfvC6HCunft2OvTIS3J6c6F41mmlxXK9+T0fItT4hemux+OHXRoIbn3exNqHONOsOYMt6eOG20jYQaUcevUXz3Zk+ibIcCkRzkLtBc8fzog4zTbnEAzfPNVMaM1DIb1NKX37tfcPLmQeE3P3WaHC7c/DtBDZv5Hb3j0fP+Prw9QLn/O7Tj3oKwD1nKBANbtkqd8wJ3fkg/F2e5gGX55q72ot6oMCQAhHhdnX0FnnLR80ZPOC644djyGFxMxTwKhARblcuLOwKNh7x1rZ4rLyY4PVpXAcF/qNAVLh5opBWE++YinINLM042KP6RavNcf3GCkR14tkDcXeweSK3q9P9jYcRuraiAlHh5hmsXr1PAJtnIcaK7Lx64joosIQCkeHmfd2dZ5Kd5vHuOEX3KcNbiwWA21OWQb2XKBAZbqPR286LB5qzeOF259Mflzg1CoUCkRcUuPV6Hmg/JRXVFhRK8OIvbvYcXY4RBAWWViB65JbF5RGYlV7y1+BZ1y5tuI7GWds8rO87qsQtUOA5BXaAGwGO3t1JatJgpeN++Pf5u/zvJ0UoNXhhvu25MYiaL1JgF7iRPPzcspJkq51TdpFp3xQLuN2lNOpZQoHd4CbnmOT/nxSpSQerwQ0p6RLDEY2YqcDOcJup0w5llQCGlHQH66IPbxQA3M5xCsDtHFujp4GfLYXx2hUowQ0pabuWuCOAAojcAhhpUhM1iOF50kniopj1FADc1rPJVS3S4Ib5tqvURrmPKwC4PW6C2xoAuN0mNSpaQQHAbQUr3NMGDW545Ooe7VHLAwoAbg+I/lCVNbjBDx4yCqq9TgE49XXarlayhBvm21azENozVQHAbaqcSxcGuC1tHjRutgKA22xF1y1Pwg3zbevaCi2boADgNkHEIEVwuM1+B0UQCdDMkxQA3M6xNocb5tvOsfuxPQXczjE9P2b83Ve3Yf9z7H9cT+Hc55icR2vZ7qeea3eOxQ/vKeB2jgO0HMd+jiro6bYKAG7bmlbtGJ1UnL/c+TWGZ1kVvVUV+DeNNsnIa6SZowAAAABJRU5ErkJggg==', '2025-08-10 22:43:24', '2025-08-10 15:43:24', '2025-08-10 15:43:24'),
(75, 10, 'Dhani k', 'data:image/png;base64,iVBORw0KGgoAAAANSUhEUgAAAVIAAACHCAYAAABEUdHHAAAQAElEQVR4AezdS5bkSlaF4eS1ii59mvQZQlWTYcBQGAnMgjZjoE2TPj0W9dYXN08uSw+5hySX3E2mzYodkpvscc5vx7Yr895L/eW3/F8IhEAIhMBTBGKkT+HL4BAIgRD49i1GmioIgRAIgScJLDLSJ9fI8BAIgRAYmkCMdOjtTXIhEAKvIBAjfQXlrBECITA0gf2MdGhMSS4EQiAE7hOIkd5nkychEAIhsIhAjHQRpnQKgRAIgfsEXmyk9wPJkxAIgRA4K4EY6Vl3LnGHQAh0QyBG2s1WJJAQCIGzEujRSM/KMnGHQAhclECM9KIbn7RDIAT2IxAj3Y9lZgqBELgogdMa6UX3K2mHQAh0SCBG2uGmJKQQCIFzEYiRnmu/Em0IhECHBMY20g6BJ6QQCIHxCMRIx9vTZBQCIfBiAjHSFwPPciEQAuMRiJF+G29Tk1EXBH4/RUF/nK63mpryMxKBGOlIu5lc3kGAWZbKMP80BfJX3/UX0/VW+k/N+RmFQIx0lJ1MHkcTYH5UZunaGibjLMOci0XfP0wP6K+na34GIhAjXbaZ6XUNAoySmGQrJsgoqczS9REVY5gm6eusMVB6NC7PTkjA5p4w7IQcAg8JMENqzfDRPdMjRkmMr5XFPHe9J88pxnmP0MDtMdKBN3fg1Jgk3ZojIyNmSK0ZProvVMbek/HVr676Mk5ylihvnEXnQlcbf6F0j001s+9OgFlSGSbjIiZJzK1VBaDPnBjenGoO58Fa5qm2umozZ43Xrj/jJM+jixJQCBdNPWm/kAAzJCa1RAyLmCUxLaqQPSuVsbnqQ+q6ZEy1Mbw5VWzmrPWM85lqbnPWeM+jEPggoDA+bvIrBJ4kwIyoNUomRMyJGNoSVSjGlpgZGa9uS2VsrjVu7iq2tt1nsZq/YvPcZ+tQu4ZnUQjMElAosw/SeBCB807LeIj53Ir5MCNidKXK1vN7YlhzMof6LDFKqjm3XNv4K1bzVGzisJ51yLMoBL4koGi+7JQOlyHAaKg1yjIZxkMM7lYAVT9XhlTSV53dE8Oakzn3lNhJPGTuirViE4f2KARWEVBAqwak8zAE5gyT0RCjKVXCTKdVGaWrvmqpxJBKNf7V18pPbO3alYM2XxjidB+FwGYCCn/z4Aw8isAh85axlJHMGWY9c2WQxIhIrbRiQKVDAt44aeVZ+bXTyEcObVvuQ+BpAimqpxF2OwFDIW9djPHWWLQRc6Fbs+zRJB/BnstTflTjbuv99nP1yzUEVhFIIa3C1X3nMk6mwjiJQQqcoTBM0mbv6WyGKZdWcpWbnLS7b3PUVqo+9TnXENiFgIO0y0SZ5OUEmCYxEmIgZZwMw2dqTeXsptlCrpzlqr1yVdPy1Ebtc58xcyXP2s/aohBYTUDRrR6UAS8l4KAT4ygxDaZJzIAEpZ2Yp72l1lT0ObswkGObc+V7mytu8tXfdU4YzbWnLQQWE0gRLUb1so4OP5VhMEtiHCXBMIcSIyH7SbeGov/ZhYl8MZCL+8p5Tb74GF+q+epzriGwmsBtUa2eIAN2IcAkGCcxTWoPONMgxkGe2bsSI6FPwQzQUGwwkU5xkPtXOetjDGHrOidrzLWnLQQWEWgLbdGAdNqFgINLDjdjYBLMkSygjWGSNvtEjIP0uYLwKTbyxaM4+PyscDaHOV2jENhEIAW0CdvmQWWezIGYpMkcaGIU2uwLwyTPryac8MBC7nW/lQdDrrE1p3m1u2qzpvsoBFYTcGBXD8qA1QQcUof21jwZJ9kHqsO+eoGnBvQ1uDiJioEWH5/XikEa84irNfTB3zUKgdUEUjyrka0eUMZQh9rBdY+9A06rJx10AFbYSA+nYuTzWpnLGPO43pM1PLOuLzz3UQisIlBFtGpQOi8i4FA6zA6oAQ70M29X5hhVt6xezcneYJvzgEK0mkAKZzWyRQMYaP0x3iEtYzjx2+eivLd0mmO1Jyfz34ur6r+uvvSY+r3+aQ+BWQJVQLMP07iagEPLOB1Ig91jvKcxmHcU4dULK3uFq/1yjUJgMYEUzWJUDzsyBAexNYV6C3048KIPvfVh1vLauxZr7vZLzB7dQ17rGye+e/3SHgKfCFTxfHqQhi8JOGzMwOF0+AxwXwbaHmDPrqAlOeI299ceS8Ye3cf+WePZc/G7aRK10Wpqys+oBJ4tmFG5PMqLETggZQb6OoAxUCQeq7jphZn66+kLRzzi8sVon8W5VPrLj+Rkjlbal86VficjoHBOFvLbwq2DEgNdvwXFjrEYzayOrD3r1Tqua1SGtzQ+axlTdSFH+Wn/7bSw++mSn5EJLC2WkRncy81BIIfEYaiDor/PeQNF4mvhV+w+uE1Djq67r+YX0xTGN6bn2srbpDg9s//ts/beM/NUbp4ZV3XxN1PDryb91yQ/5vsPN9F4BL4quPEyfpxRHY46IHOHxIHAzYF7PFue4ogXEkzmLNzELWbxut7K86oNeTFPeep/Wxf/OA3+30l+/mn69etJ+RmMgI0fLKXV6ZR5OhB1OBwKE2lzSAir20OiTzRPgNkUx+I33/O4VjHMzW4vtdtf11vVPotffdRz9+bUrs14c1V/bXP6u6nx3yf5+Y1f0VgEFMFYGa3LxqEo8zTSwSAH32HBxyEhz6NlBHDFD0vX9fyWrXOvlzU9e2ZdsZtDDbjKqWrFMzVSzzz/Sv8ydRDXv07X/AxGYE0hDJb6NwdDYcvLoSA86JkDaL4rq7gyGyxfzcJbozWt77pVFbsaqZzMZV7PUiNoRB8EFMTHzcV+tQeDgToUdDEMu6dbXMtsdl9gwYR71rQ8LMlM3auVPec3dzQAgasVhbcVB6I9GDHQfQr5DSa6T+B3ZlEr6qQeyy+1UjRy/YnAlYzUwfB3XAAwU7nnYKDxvJgM0ymuz8+4fQZxGG1/XVvVM/G27bf3nre14vncfNqjEPh2leK4PRhXyfsVJY7tUoM6Oh6xWIOhu95TfYFW3G0/c1S7eXz2XJsvY/dRCPxE4AqG4iA4BBJ3MK6Qs1xfIcbSsi2DesXaS9dY02+uVuSkbsyT2kEh+kRg5MJwyOcOxicIadhMoOqH0dT95sl2GFimbt8fTac2PBe3K2mr8drbfGo+z/XTPwqBHwTaYvnROMCNwvd3XArfocg/bd1/UzEuvj3UUWtw3iLXZqxejFEvt/mYT7vnt8+0RRcnMGJR1AG3tYpfjg6Cz9F+BJjofrM9P5N9Nos9d32k6lt9/vj9xtjbZ98fffx7x+7l3Zq2tujiBO4VzRmxKO45Ez1jLr3HjLMYHxmP52eQXJijWB+dB1/G8v2qn+fRxQg8KpwzoXAY/NHMgVDs+aP8cbuHNc5W6Kl+tsZU49SNnB6p8jXGF/ejvnl2IQJVGGdOuT3YDoOcvD2cOaeeY2ci4sPatQepAXGsjanNRd2Y475+eVJrLO3/y6j8HprA2YvBAarDkLfQ40sVb6swk7PXjjxKa3Kpvuoub6VF8OLXKoozYnCoFbPYmWjeQpE4VsX72FXWz15xqYm1o30pbB1z5vOzNuf0f0DgjIXgLcCBcXgcAteY6INN3ukR5qbCvNe6eVUdVP5qTz3i8l25XJFAFcRZcle07T9UOlv8Z+F8GycTZRrae2MuNnExeNe12ppPrbd1/No4079jAmcqAgeGicKpiM8Uu5hHEO4j5FFfCs/ko/6MN5cv+BG4JIeNBBTDxqEvHcZEFaxFFe9Z4hbv2dWy75F71cWW2LaMafcTG5/XzmNMNBCBMxSAb/s6LDHR9xUf9u9bfX5ltTH/5HPrmr6fR8+3+DtZXNTnEfPPr5rW7gicwUjzx/n3lg2TEEGPtVIxMTMxvkN5K30H9c7WrELsLKwf4VSROii9x/oj6IFuWv49plUmX3E+ivG2ftTUo/5Ln3kr1Vcsu76VmjQ6B4Hb4uopaodDcYqp5zjFF72eQGtaZWavj+KXFcuUU6e/8Ljc71433iEpE60ivdzmdJSwL7WOwvkIpWq3h/oQizjUrNr9CDC/rkNAAfSYbcWlOOu+xzhHj4kxyPHdb3xiuFXF1ovJVxyvrddbKvn8FgI9brqCrEPSY3xv2ag3LFpvVr7M3rD8wyUrNp16MXlxYKV22/jEGA1OoDejak3Ufz8/OP6u0+utNlpYFRvjatvffa9+xVDxuY8uQKC3DfdtDrsD4hvefRQCtwSqTnqr34qz4qvPz14ZtDNB7lfOl+5HE+ipEKtAFEtPcR29B5l/HYG2TtaN/Lk3s9v7j+C+/NWvlfac+3cm/C5xWwMH+t6cyzsJ9GRYVSA9xfTOvell7d4OqzrBZo862WMOscxpz7l/NS0gbwZK08dvPpPP9oi0R28gsOdmPxu+ougpnmfzOft4+yEHb1muPajMgnnsEY8ca8495jPH3vOZs+R80P9PDRjQdDtrqv/nwQql6xMEbMoTwzM0BF5KgPHttWD9w0xzHml+e8XbzvO30wdnl8TPUGlq/mGq+vybhuh4Ajbi+FWywtkI7Pn3e3vlXmbHMPaoW2/aR5ipeeXM4FxfITzImv89Lfg/k/z88/Tr15PyczAB8A9eItOfmADT6iV8JrFXLJUX06t78+/1BVJz7jXfmrz/Yer895Pk85vp+p+TdvvJRPMEYqTzXNLaF4F6GxXV3jVrvjI+/5/G9jQ/c4v5XYqJvoj8uzf6RWlmmZUEeq2LMryV6XzZXb419x5m2hr/l4unw/kJKKDzZ5EMRifgj6lyPLJezb2nmYr3mrpg1orngmkn5RMRqLe7Mrk9Qq85b+dyHmodb6b3+t2Ou/3s7161+QLY868KzBl1SEDhdBhWQgqBHwSY0Y8PO92U0c1N50yUmVp7q5nWHHNrpG0wAopmsJSSzo4EtprIXiG067+yVq1VRlhm2sayJL/qb64l/S/WZ6x0s8lj7eeo2ZSp7ZHf0rmcjerLTKnMcY84MsdABBTLQOkklYEIMC3mJaV31al1xdAaqnuxiSsKgQ8CCuXjJr9CoFMCjOvdoTknMdTX78JpVlQgpwk2gb6cwLvqwxsf45Lwu2Kw9q3EwtjJMzG6Fy9piy5IQGFcMO2k3DkBBiVEJuXak5wZEhuJTbzkM0MlfTyLLkAgm32BTT5ZikxIyEyp5/oUG5WBilfcPpd8jg4m0MP0CqGHOBJDCBQBJlT3Z7k6RyR2htqqvhjOkkvi3EDA5m8YliGDE3jX4a91GdFZa1PcrR79y/+Dl9F10rPh18k2ma4l4A1r7Zit/f2nlLVeGerWuR6NqzUe9cmz0QgcnE+M9GDAJ53eW5S3QuEzONcjZQ3/bbs1rGt991EInIJAjPQU2zR8kFWHTLTu9066fctl3HvPn/kuTOCoor0w0mFSL+M5ukas44/bR5qoTfGWaw1yry0KgYbA9tujD8n2yDLy3QTKbJjcUW9wZaJyfUUtWoOsF4XAbgRSVLuhHHIib28SO6JOWhOt/xE6a0UhcDoCRxyQ00FIwHcJMDsPvT43NAAAAf9JREFUvZW67iXz1pzMut5+95o/84TAUQRm542RzmJJ43cCDI7R+bjXH+/N05poahDd6NQEUsSn3r6XBO/t0UL1rye53ypz1TwMOvW3lWTGdUUghdzVdnQZTPtWygi3BOkt1Ni8iW6hlzHdE7g10u4DToBvIcAELcwI697nJWKi3kKN9RbqHyyl7paQS5/TEEhBn2ar3hqot1IGKAiGuNRM9WOixjFR9WYun6MQGIaAwh4mmSRyKAEGyAwt8shMvYEyUH310999ag2JaEgCm4p7SBJJagkB9cIU9WWS7plmK2+gnunjuTdZ43yOQmBIAinwIbf10KTUDKNkkhZy30o7lYF6k9UvCoFhCTgUwyaXxA4loHYYKMMs43SvnWKgh+LP5D0RUPDHxJNZr0KAYaojV7pK3skzBH4QcAB+fMhNCIRACITAegIx0vXMMiIEQiAEfiLwZiP9KZZ8CIEQCIFTEoiRnnLbEnQIhEBPBGKkPe1GYgmBEDglgTMY6SnBJugQCIHrEIiRXmevk2kIhMBBBGKkB4HNtCEQAtchMIyRXmfLkmkIhEBvBGKkve1I4gmBEDgdgRjp6bYsAYdACPRG4FpG2hv9xBMCITAEgRjpENuYJEIgBN5JIEb6TvpZOwRCYAgCMdJP25iGEAiBEFhHIEa6jld6h0AIhMAnAn8GAAD//9gQcfIAAAAGSURBVAMAv3scPGLPk8kAAAAASUVORK5CYII=', '2025-08-10 22:43:30', '2025-08-10 15:43:30', '2025-08-10 15:43:30'),
(76, 10, 'Yoyok ', 'data:image/png;base64,iVBORw0KGgoAAAANSUhEUgAAAR4AAAByCAYAAACFiL5DAAAAAXNSR0IArs4c6QAADaFJREFUeF7tXUnIZkcVPRm6TeIQcFqYhdGFZoCgG5VoUKPgQlEkIiGouBCJgriIEgVxWpqILiO6UsSRIAgOYEBBERHBIGgWikQwKDjExiHpduLme5X/dvX7Xg3v1quqV+dB0//f36t7b5176/S9NX0XgQ8RSEfgvwAuUs30z+nS2GI4BBgww7ncrMP/U5IeAHCtmWQK2j0CJJ42XHwpgH9XNMVlMEImF0faobOelHaR4vnanhEg8dT3rh7Atfyhs5dYG+4F8EaWW/UDqEcLYoOsx771YrMb9DWzhlzyyyGsXvxCOwsiQOIpCG6E6FMAzk7v/QeAlFw1nn8CuHxSnBITYrv0QZ57ALyrhvHU2R8CKUHWX+/at1gP+CcCkN9rPbmZV267Wv2k3gYQIPHUdYIucSRzqDnBnEsgLLfqxlCX2kk8dd3W0qDNtUWT518APK0upNTeAwIknnpekvmcc5P6mhPLDoFc4rkfwA0KRsZUvZjqRjODpJ6rrgHwq0n9vwBcUc+UxzTnEo/ftgUSrQwl1YcQIPGEECr3ucznXDKJP62yn3IalyVbEY9oYVzV8mInehkg9RyVu3emlMWWxMOsp5SXdiKXxFPPkWsGegmr19jzKADJ2vTD2CrhpZ3IZHDUc+SagV7C6rX26PbOPsZXCU/tQCYDo54T1w50a8vX2qP3Abm4Ysll7aWdyCPx1HPk2oFubXnqnNPfAchua0curj9y9ENOuLvYug/Aq62Npby+ESDx1PNf78Sj7ReycSt0blXLun86i6rnNWo2QYDEYwJjlhDrgZllhGqUmvH4czryu4sn+ft7AF41yc8tuUSOXDAmcm4FcCOAWwDIlRx8OkaAxFPPeXsjnkcAXDbB6eJKk1ns6funAngJgNsA3ATgKnWCX07Qk3jqxayZZhKPGZTJglIzjGQFiQ1SiTCU8Tj1MXKvU1nNiwEIScmhWcHoYQDfAfDt6Y+cB+PTOQIknnoObIl49PUcbo5mCRm961qXWK7NJwDcOf0SKrlk8vlmAHJsRB7ZDyR3OH8dwFfVsZK55fp63qPmVQiQeFbBt6rx+wDcNUn4CICPr5K2rnHqt0b4pOmTgpRd7mIxsUy//wMAr1Dm/gzAs72s5q/e2bF1vWPr5hAg8dR1id77EnvJegmLfeIIxUWIeOYmk5dKLndWjVlNCe82KDMUYA2avCuTYuY/SnfYL7NiSi3f7phdy5qszgC4snTHKL9dBEg8dX3TwjyPX2aVIh6R2wLR1vU4tT+GAImnbiC0QDxzRx1CceGXiDEZjyD9NwBPmSCPXV6v6yFqL4JAKMCKKKXQxxH4LIB3TL/VuAxMl1miP/abJnKJh1kPg58ZTyMxUHOC+dgkcSgb0TbrzFkvrfsrWw7u7wN4+fRL7o7mRlxHM3IRYMaTi5xdu5rl1rHMJUQIc6WVa+M+WyKvmn228xwlZSNA4smGzqyhX+5sdfeyHvyuzIvNvuZ2LbvtALETyDEEZQYyBbWFAImnDX/EDlYra/XOY79UcjrmYmNu6d3PjmKzmViSs+oz5TSEAImnDWfEDlYLa5eORywR4Nyy+9yEuLunRxPanN1b9tkCN8owRIDEYwjmSlFbZQCaXHzi8MlAfl8ikLn4+SGAlwbaycex762Elc1bRIDE045XtsgANOnoyd8QwTiUXHt97458pm3XK1uh+PLlteMNWlIUgVBgFFVO4echoEug0HJ2LHQi092REyp9lmTqeRy/HPPni7ScHwF42RHBWxBtLE58b2MESDwbAx5QtzTHoklkC78d0+HbOLe07rr5DwBP8vrszxWFlu7b8hCtMUFgiwA2MXQQIUvZgzUEMuCFBOQ73PUTKn+ObR70712OsZekE4PSDt8h8dRzqkUG42cbmkj81avY8i00ya0/d/GjCWRu9WsO5WM7m+t5hJo3Q4DEsw3UjmRy8D6WmSxZ7mdOsaQjMmOJR+v3+8X5m23iqlstOQOh285WMDz2f3834F3GsoY4fJ2ph09TiWeO1GL38lRwCVW2gACJx94LIbKJzWBS78mRS9J/7F11kko6OuORn+fiQ5d3x+ZoPgbgwxO0jDH7GOteIoPCxoVLk8KxRDNnybEjCnou55juXN+Gjm+EPnf9CE1S2yBPKV0ikBucXXbW2OhSZDNnZiiL0m3WrhSFiCX0uU88D03fjWUMP8X1jACJJ817oUnilEncNM2Ht5cIyEp3iFjc538G8PSFTrj35vby5PSdbXaEAIknzplzJY9raTXg4yw5vKWX4mVZ2vIqjRDxxNoZmqSOlcP3dogAiWfZqccIZ20503IoWROP9JVx1rLHK9jGgDgO+lxZUyO72TosrIjnnNoVzTjb2ouN62NAXOigOcLZc4bjI2BFPNzL0/jgr2keied89HmA0e67r7iXp+bIblw3iefEQf6dMjW/Urhm2FhlPNKHEnt5ZCL9lQBunv5+IYC3AfhCTdCoOw0BEs8BL70nZ6Syai5aShDPmiX1SyaSuQmA+yP/ph/Jrj6aFvp8uyYCJJ7D0rT7IjuuwNiVWjrjSSWeN0xZzLXTXqFneIPk/unqVLloTP78ruYgou50BEg8tgMt3QPttSiR8YQI/ZkA3gvgdQCuAXDag+XXE8E4ovlle7DRohQESDwnxDPCUnlMbGxFPG8G8BYAcrhViEc/YsMfpqzmLgA/jTGc7/SDwOjEo+d2RsfCRW0p4rkawLsBvAbA8727oEW3nKR/AMB3AdwD4MF+hhEtTUVg9MFmOchSsW/1fUtM/Cs0dLy5rOYnAL4M4CutAkK77BEg8RwwZZl1EltriUdKqA8CuB7AKS9kmdXYj+EuJY5MPCyz5kM2h3huBfABANfNkI3TIu8wq+mSJuyNHpl4eC/wOuK5DcCdAGTJ289szgKQlafnqZPzI8ea/cjtXOLIwZDzP3vn7o4yfwmXtwJ4/7TkfYxsPgXg85OmhwFcOf08cqxFAT/SSyMHA++Lict45DjCHYHMRpONlkriGYlNEvpK4uHEsh8uOuORksnfzOfKqGNkQ+JJGICjvkriOewfsbzBr8dYkgOxbwfwHgAvmOlACtmQeHqMgI1tJvEcdi6PehJdjih8GsBzjmDwcwAxmc2xsP0tANk4KM/IsbbxsG5f3cjBMOrksuyv+eK0z8b/3nTZYuD+zYqQS1yN0f7IooWLCIxMPCMtpwuZ3AfgRTNHFYQY/gjgkwDujvgK49QhReJJRWyA90k8+y8D5O4auf/Y9/WfAHwOwIemndsu3K1X+0g8AxBJahdHJh7Byg2KPR+Z0MQj9+J8DcA7JzKaixdrorCWlxrjfL9BBEg8J07ZMxZCPjKBLplP6LEmCifvmwBeH1LOz8dAYM+DLcaD+rzWnrOeGCzknRLn1xzxSGnn3yQYaxff2xkCoxOPLrfk59HxKDHhTuLZGWlYdGf0geb/Lz961lOSeCSb8s93WcQwZXSIAInn4LRR9/T4IVuSeJhRdkgQpUwm8RyQ5VxPOQImqZcavR3LJfGcOI8D5CTzs9q1zGyyY3IoaTqJ5wRdfr9WGeI5A+DJE8yMt5KjuSPZDITznaXnOEacaHZZn+WJ/d8DeBaJpyNW2MBUEs+FII9acpXYwyPokng2GMi9qSDxXOixUUuuEitaJJ7eGGEje0k880DrQWg50bqRW7PUWB8OdUZ8CYB8w4Q8jLcs1+yvEQPhuE81+YwwaEoRj17ZYrztj0OyesRAWIZtFPLR5WWJmLA+eJoV7GzUDgIlgqyd3tlYMgL5lJrfcR4g8djE4m6kkHjiXKlXfKSF5XJznAVl3yq9kufk3w7gM2W7Quk9IEDiiffSnsmn5PyOnuN5CMBV8ZDzzb0iQOJJ8+xeyafExkGNrJNP4kmLt92+TeJJd62/z6f3Hc6lNg6SeNJja5gWJJ48V++JfEpPLLPUyouxXbci8eS7dy/kU3p+RxOP/MyYy4+53bRkEKx3pV4R6m2Xc+nVLIfuVnrWe5MSNkGAxGMDc4/kozO20oTpyrnSemy8SSnFESDx2EGsyUektr7XZ8ss5DcAnjtBzZizi7luJTEIbF3n73Ju9X/4ra96JfHYxln30kg89i709/q0lv3UuvaDxybsY61biSSecq5rMfvxSWfLcpDEUy7WupNM4inrsrnsp9aGw5qko5fUbwFwb1nYKb11BEg823jIz36c1q1IyNe/ZabjL6n/AsAN28BOLa0iQOLZzjNz2Y/WXoKEWppvcqUWiWe7mGtWE4mnjmtKkpDIvvjIDuGa/ibx1Im1JrXWDMQmAalgVIiE3ICVcunSyT5HLs7ckB9rlFY+lK7cewTA5RVwpsqGEAgFbEOmDmFKiIRSQBDCkkF+RUqjgu+6vpUoKQuaTdElECDxlEDVRmYOCbW6YVEQOQvgFIBzAE7bQEQpvSJA4unVc/3ZLdnXEwA8CuCy/synxZYIkHgs0aSsJQRIPIyPxxEg8TAYtkKAxLMV0h3oIfF04KSdmOiIRyaX3zT16Rs76Ru7kYgAiScRML6ejcAdAO72WjP+suHsuyEd37f/erPerWyJ3Q8CuLq3DtBeGwRIPDY4UkocAjcC+BaAMwBeC0COT/AZEAESz4BOZ5eJQG0ESDy1PUD9RGBABEg8AzqdXSYCtREg8dT2APUTgQER+D/uHZKRRyX3cwAAAABJRU5ErkJggg==', '2025-08-10 22:44:10', '2025-08-10 15:44:10', '2025-08-10 15:44:10'),
(77, 10, 'Angger ', 'data:image/png;base64,iVBORw0KGgoAAAANSUhEUgAAAR4AAAByCAYAAACFiL5DAAAL8UlEQVR4AeydS5IkORGGq3kbrDBjwy24AXAANtyDMwC34BQYNwBOAOxnCTsMM4wNMzxm9HWn92iyMisjIvWOry29FFIoJPdP8r+UVV1VX3vxnwQkIIHGBBSexsCdTgISeHlReNwFEpBAcwIKT3PkzSf8f5oxLF2O/9LD9QkoPOuu8X9TaAjOu1SG0ZaqviTQl4DC05d/rdkRnK+nwRGcVLx8zgdNAqMQUHhGWYlyfiA6ueDENTM8u96cmBifsTQJHCbw7EY8PPHRB33uTQKIQggNp5xYX9rffHDjTcZjfARo4yN2k8BrAmyk1622zEYAIUBcEAV8z0WHuiaBoQgoPEMtxyFnEJz4eg6C8780iuuaIPgal4AbdNy1eeTZvVPON248GG1xIrrRZVeT+ybH5fVuAm6g3ciGeMBTzhDLoBNHCSg8R8n1ew7RiZMLb61YwzjRPOvVZ88O4PMS2EKATbuln33GIHBLdEp5xtjfTIO9JT70SV18SeA5AgrPc/weP12uB0l/fdLZMzqnI/rztSHKe1bq9HRvfNsl4A+JTrAHEIpnRWdLmMyzpZ99JPA0AU88TyOsOgCC0+pb5d+6RBKnqkvVQgLlCSg85ZmWGJHTB2+NQgS4Zq1qvw1iHvz/lA/aqgT6x8Vm7u+FHuQE4pRDG0LQ4z8EMi/zaxKoQkDhqYL10KCcchCdOOWE4NQ+5RxyduNDxLSxq93OREDhGWO1EZzrr+XMLDhQjZgoqWsS+EhA4fmIossFJwISM045vMVhTTqKznsO+PT+wg8SqEGATV5jXMd8TADRiVMOveOtFdc1DXGrOf712CGq1+3WT0xA4emz+JwoEB1mRwhIzt6nHHzBD8rv8qGgIbIFh3Oo2QkoPG1XkAREdCLBEZ0zrMEZYmy7kyafbeeGmDzavu4jOJxyEB0Ep9Vbq61R/2trR/tJ4FkCCs+zBLc9j+ggOPRGdOA+wlsr/An73uUC/y6XhwpOdVjEe2gQH1qbAAmwdoR9oyMBc9EZ4ZTzrLDkRIkvjDgxTnVY3s9rCXyFgMLzFRxFK5GEfOYn2RGd0U45WwLOhSX2S8SEwITRhhFrbsxBO2Vu8GHsvO3Itc9MSCA20oSuD+0ySRXJRhLCeWTRuRYA/Mdv7FpYrsHTB0NYMWLN7bo/deaDD/2oaycj4MKXXXASiiQkqRg5EpHrUQwBRFjC8BdxCZ8psfCX+7nRTp0+GHsIY1yM+7nRlzpsKHPj+VvteR+vFyTAhlkwrC4hkcgkMJOTbIjOrUTkfm0jmfEHwxeMJGdeytxo4z4lht9Y9GGPhDEefUoaY5ccz7EmILD6ordYgkhyEpX5SGK4thSd8AFhYH4EEH8wfMJojxJhCaMP/nIPw2+Ma00CVQjkG67KBIsPSsJHkpPYJHMLpsyLyGDMGz4gIiCnDcMfLNq595/0AWEJS9Umr3tc8I14mjjhJGMQuLcZxvBubC9IehIeL0lyWJLM1GsZCRrzkrAYczE/AoPRhi8Y/mD06WX4+2hufI0+xIg4Rt1yQQL5gi8YXrWQSCYSnAlI+hYcmROhY17mxHKhQWAwfJrVPkmOEyNxEG+qrvcyohd/2fuBTUBCvLs8R/K3EJ3LdO+LmJN5SdD3jQN/CB+DWe4qsWDc46Tznewmbb/N6l4uRIDNu1A41UPJRYfTRg9+JCR+VA+24ASIC8MhLpRb7WdbO9pvLgI9EmcuQl96S7KT9LQgOvGZnHoLY60igfGDa3zaOzd/tG/vMzX7RwzEF3/pgtgQKRj/qebkjt2HAIvdZ+a5ZiU5ItkpSYgqETwYlPUiKTG64gu+kaTURzf8v/YxWBJLfu83l8qPUvn7ZL4WInBrIywUXpFQSGySgmQfgRc+YPhDgPjGF2TxE6NtNHvkV8Tyg8zxX6TrPyTj9ZP04ZfJfC1CgA28SChVwiBhSGwG55pyFGPt8C2SlmuM+i1fPxvF8R1+/DT1DfH5Vbr+cTJfCxBg8y4QRrUQSGQGJ5njLQH1kYw1xE98xPAt6rkA5df0aWnBDr9uzRtvFW/dR3wQHQToj7cetq0ygQrDs2krDLvEkJGoJPMMnPARw1+MRSCRuY5YaOtl+MHcITJch8UXlaN+Xf46NSBAqfC1AgE26gpxlI6BRCVpGXc2RviLRaITA7Hk/0eGttEs93c03/SnMAE2aOEhlxiORCWQmZOBtSWOiIFrYupt+HXLB39M4haVRdvubYJFw90UFqed6LgCH2JAdHIB4jqPM+LdX25/4tF8305D4denqcTnVPhalYALfH9lSYL7d+e7c73WIUaPBKFlpPg4+lvCljyWnYuFXja4g4GRkDy6MhtEFSNO4m0hPo++s4Uv2kkIrJxcJ1nCQ2Gy7lguPocG2vlQzMfcOx+1+0oE6m6A+UjFt3ojQeaLYJ/HrD8nnjxerlucgPZ5au+lCLDxlgrIYA4RuN4HIUa1BIjxDznqQ2sQuN5wa0R1PIr86xBx+jk+2pxPcuLB8B6B4LqUAJUaB9+0iQkoPK8Xj0SjdUU2EdtfCTCzv1yuuU/cGNcYt0KAaKc+sen6CATcSK9XIT4rk2yrnnr+/TrsVy3sDQzxwegAE8qjFifKo8/73CIE2FiLhFIsDJIjEk0+L+9/PS4c3iXCcMFCnFPT7hfP737IB9YiwIZaK6Iy0URikWxxXWbkMUY5+isy2C8Y4lwikhXZluCy/BhsouWD3B7gx54kFr/elIaVxOd3BJTsh8ny1z/zSuVrxaYy4BmGV3jurxLig+jw1iDK2ZPm5ylcYvl+Kn1JoBsBhecxehghPvQkaWcXH+LoaQh68Ozph3N3JEBSdZx+mqnhFMkS4rPSd7z+flmJiPFSrVowFyJUdZIFBl8yBBJqycAqBAWr/Os+8QvWK0zVfMi/XWZsJaawxC7TWpyNgIu/b8X5DM2Jh8/WPMk1b70w6rPaJxfH/3EpLSRQlYDCcwwv3HLxCQE6Nlr/p/58cSH+ltWlaiGBOgRIoDojrz8q7BCcXIC4bnn6KUWZv95ALPxS9VJjOo4E7hIgee7e9MYmAjDkaz+IDg+QwFzPKED4r0mgOgGSpvokJ5iAr/3AEsHBCFkBgoImgRsESJYbzTYdJABPDPHBGEYBgoJ2GgJbAiVJtvSzzz4CcMXuvQXzbdg+nvZejADJsVhIQ4UTb8Hi1INzXGOID0abJoFTEVB42i03rBGc/C1Y1BWgduvgTAMQIBkGcONULsA8BCcCjzoC1Op/D8fcTUsnkwAESAJKrT0B2Ifg5Keg+FEMRKi9V84ogQYE2PwNpnGKNwiwBliIEF25xhAkBAijXZPAEgTY8EsEskgQrEcIDqJDWNQx6goQRLTpCbDRhwlCRz4SYF2wEJy4EXUECIt2SwlMRYDNPZXDJ3SWNQrB4dQDAuoYdQQIo12TwBQE2NRTOKqTN//aA1gQIEwRgoY2BQGFZ4pleuUk64aF4CA6dKKOUecUhPntecgcNZ+rQoDNW2VgB21GgDXEQnAQHSanjvHtedoQIUwhgo7WlQAbtqsDTl6UAOuJITiIDRYT0IblQhT3LCXQlACbtOmETtaMAGuLITYYIoSFA7R5+gkalk0JsDGbTrjUZHMFw1pjCA4/NY/xQ6xzRaG3SxBgIy4RiEHsIoDgYLsesrMEShFQeEqRdBwJSGAzAYVnMyo7SmAGAnP4qPDMsU56KYGlCCg8Sy2nwUhgDgIKzxzrpJcSWIqAwrPUcj4KxvsSGIOAwjPGOuiFBE5FQOE51XIbrATGIKDwjLEOeiGBUxHIhOdUcRusBCTQkYDC0xG+U0vgrAQUnrOuvHFLoCMBhacjfKd+SMAOixJQeBZdWMOSwMgEFJ6RV0ffJLAoAYVn0YU1LAmMTGBm4RmZq75JQAJvEFB43oDjLQlIoA4BhacOV0eVgATeIKDwvAHHWxLYS8D+2wgoPNs42UsCEihIQOEpCNOhJCCBbQQUnm2c7CUBCRQkoPAUhPloKO9LQAIfCCg8Hzj4UQISaEhA4WkI26kkIIEPBBSeDxz8KIFzEugUtcLTCbzTSuDMBBSeM6++sUugEwGFpxN4p5XAmQl8AQAA//8lKg2wAAAABklEQVQDAMdboPQpxvZsAAAAAElFTkSuQmCC', '2025-08-10 22:44:38', '2025-08-10 15:44:38', '2025-08-10 15:44:38'),
(78, 10, 'Aria', 'data:image/png;base64,iVBORw0KGgoAAAANSUhEUgAAAT8AAAB/CAYAAACZicVzAAAAAXNSR0IArs4c6QAADTdJREFUeF7tnUmuZTkRhqOq6KSSaIaMimYMYgEgYAXADpgXA1gBsAIYgBizAmAFgGCOgDHdhGkBQogenpXXmU7nadw7wv6ulFKpnpuIP8LfDR+fc+5rwgcFUAAFNlTgtQ19xmUUQAEUEOBHEqAACmypAPDbMuw4jQIoAPzIARRAgS0VAH5bhh2nUQAFgB85gAIosKUCwG/LsOM0CqAA8CMHUAAFtlQA+G0ZdpxGARQAfuTAKgr8N3LE5fb/ROT1VRzEj7YKAL+2ejJaOwU8zHrkKFBsFyezI/VILLNiYPg0BXqCLtUpgJiq1CLtgN8igTTkRg3oHKDCT86W1s2bku9A0FAy1Ziakgw149N3bwVKQOcBlwO2UpWvgMjaKFXVSD8CbCRQBswsBd0IyKXKF1eWrI9U5Qy2I7gGg6bM5NW2kzEA2QYrS7hW5gC/VkruNc4V8EZuW3uqThXYU10FYwO/uUGIF5i3RmO1cQc8TdvXVlEN46MxJq383HIc4Dcv7KnbxZlA3BF4cUaEAGS9zFsvzWcmmM0lzRrwrPJLHaRH/O6A52xbscq70tzHieovNTMNtOuxeAy4rcbEGDRxPHKqw5qFeXdSWzO2GrErDKH6qxBPa1fgNz8yIeBSIJMKxJTY3lV5u1V4Z9kQ6pSi6/yswoJbBQjkrURDGtRUFqlbZx9rgFcWUra+Zbqp7QX89ISmBoChF6kwnHmQokf1dEtaxSd9Rlp2VQD4dZU3e/DWCywVhOTBfajY+t5rZKoFSa8vXC0AmAq9I+9TrjvqU22MRV5X1s0YvbvOQhC7yls0+N0JcMpF+XgbfHRw0fLgpMhRY52o/IwF7M5c4Hen0Jy/5wDwDGK5FVxKtZg75hz1+szaoiLvYxmjFikA/IpkG9LpDoCtoHfmTAoMd8of4Dck7cdNslPyjlO13Uwx4NwCPIpZ74osBYS9bWinatlIXO8r001tL+CnNjTPDdN4X14KDFfKLa736V8n2RaulKDZzhvoYOFNw3cgXKEiZMtrYLHkmgj8chXr3z71FNZZoi1+d7Zrszc1msAvVSlD7awmoyGJk01NPcCIKy2tMVwJhDzalpzGdhpqXTh2FKy3NBV64UwhAC1sK++2xtrzkMOO+jxXN4L2pFMnWEODSqBnGYDe9isQagQ5W96GSa9pKOA3Phpn0CuJhfWFeQXCEj16RNO6xj00WWJMLQm2hJg3TrSE3lkFaDWeGm/ncRoDvoVXptXFYikkvaC3GgBTtsUj8xXwWVplBbaOTKYC80x3GQE9L9Ddo3BWhTzbFo/IW+BnNWsS7R6RRImmLNXsaNH2vpi/KgDj7WecKD1yGPAttRyPnemROBvIduriDOiFxqwMQOfniCdewhi6+d7YOaFX9h34tYnubOidXf/rXW22Ua9slF5bYqq+sniY6wX86kJ2VIloAM5OC7jltdWddKvL/AV6A7+yIGqF3qonwClRqq0E2e6mqLxQG+CXF0wL0NsZgFeHI3e5TtWXtxbMt75LCPMONnLAGvS826sfgFyF96gSPMt3wNdooVgaBvhdR8sq9HY8ADmL5B0E/yMi/geeON21RK9KW4HfuYB3i6ZS+qHdQ180HMgMdf4x2Vk8qfpmREPBnMDv1SAcVXsr6AQAn8W69mBEwbLFhBYKrLCoW+jgx4gXxmpVEgA8ByBroeVKMjAWAX8WpFWrvaMUBIBUfwbQ1N/E3eG3woFGSZbsDMDQd3fYET++tlq1X5IfW/TZGX4rHWiUJOuOAIzB966HcDtV/iW5smSfHeFHor9I5Z0AeAa+cGHHX4g7ro8lQXfk1G7BXf1AoyRxdwBgDtRy2pboTR8lCuwCP6q964RbGYAlMNv5yRglaOpvxg7wo9pLy6MVAVgCPq/WCgD8nIi4f99IS4G9Wq0MP6q9/FxeCYD/jk5yS3Ldsh4Oej9+pECJ7/nZY6zHiqLsevtKq9SzvOC9Bi3A58ey+PhbCL5vUvkdL43V4BeDj3u2ypBoccH3AJ9VAP5CRD4lIoDvIv9Xgl/N9Z0yRKzdyyoAe9ntx9X+hfqOiHxQRH4vIh9dO0XrvFsFfoCvLg/OevcCSR9r+/7IuAUtfvJ0ne+zXOdLSy/r8GObmxbnmlYWFv2/RMQ/rXHk6y8f28AaHcJc07huQvB97an6+3aNszv01RjEVN2p9lKVqm+nFYA/EJEvJrr3p8c1sBooaN36huD76eP2lkRZ9m1mFX6Ab2zOarvnzUHvC08wi/P3hyLypUiaEAzuTzVw0PglAPgK14JF+AG+wmBXdtMAwL+KyJsnftzlcgiJ0ipQ29b3OyLy9kOPGqhXpobN7ncJo8krru/Nj8YsAP5MRD594X5qHscA/FCmpJoqP3ea+9bD/j+IyEcyfdm+eWrSzBZq1qKb7bfG+UfH4u8i8t4G4AuH+N0DFp9/uj7mgJj60XLND/ClRqxx4jSYNmsItrlZcg1pPAKAcbX3jwMIln55+ycgHPgcAFM+Wqo+wJcSrYQ2pcmTMHSTJlrB99XHKaNbRDt/egEhrvZ+frDtrcndkudee/makz+AL0etm7Y1CdTQjFeG0n59z187chfOc68b9dRtxtitnwU++sIL/597bvfdDRx1D/07CKZufb0Ns9ZMeC/jd0XkKw002HqIWYG8El07+Lzt/jEiAPjykxWlj3/9SkQ+ESSG2+a+L/qpyVbgc9PkbH1nVn3xbT2ArxGyNcJvZqLlyOq2vt96dOA2gzoAxm9hcdvcz3QEn49zajU3KyfDm7hdUfA9Kr6cJXrdVhv8ZiVZqaIA8GXlSrbAIfjcr6n5x9R6bHXjOKdsfWflpNtRfOBhcGk1XZrXW/TTBL9ZSVYb6BCA3396m8aXawc03j8HgGHbX4vIJ0Xkn9E1vZ45erf1nXXgFl76+fPjLS3G00Kf+T0TK8fbnAWTM+6otiEAUy+gj7Jtxjwp0JgNvnjrG8ctxYfW2sbPKh89rtd6zm3H0wg/LTblJoX7nYSvPzoBwJevATpZfFzjgw1f8c2AjbPraOs748uYbW7uiqtsrwE0Vre7R9L7hZRz82xlCFV3j4EWG+vzbxb4nD3+R35czNy/GeBjmzshjWfDbyXw+fB5APIK8RcJfQRBDeALl9yMW6zip1jY5g6E4Ez4zfy27ylx+PQA299nSrtT3NdvRHc38b6nZ2Auxh7xuF48fQg+txZ+dPA6rkly7DGtFvjNtKNHpD0Aqf5EQrA4CL5xIPhu4Asf3/M3c/fIQ8a8UGAWdFbc7pJoryoQgs/fq6al4p/1u86AT8lKmQE/wKck+J3NCOP8WxH5eHSY4KafnX9eglE3EQO+zkmXM/zo5JtxbSVHD9rWK/AbEflYMIwW8B0duoyCnpMjnN8/vlevNiMUKzAaflR9xaEy0TEG39GJ7ujre7Oh5wIXHm4APiWpPAt+o+dVIvfSZhyBL34v30jwaYBeGHAHQPdxL2zgo0CBkRCi6lMQ8E4maDnYODrE8FvOu1ttOknDsFoVAH5aI2PHLg3gA3p28kWNpTPgN/IisxqhFzUkfhTMvZEl/LGhnvewnQGPSm/RZGvt1gz4jZyztV6M90KB+FaW8ITXteoFPqo8srCJAqNApO3HnpuIt/EgqS8saCURVV4rJRnnuQKj4MdhxzpJ90cR+fCFOy1ziipvnbxR50nLRL1yDvipC32xQWdVX6ttLlVecWjomKPAaPhx2JETHX1tz8DXIo+o8vTFe2mLWiRtikB+0YyaL8Um2uQpcAS+v4nIm3nDPG/tYOc+ZznBF2WhsHRLU2AEjNjypsVCc6url5Hm2H21pXXjALwcNWlbpcAI+HHSWxUiFZ1rXkMF8FSEECNiBUbAz3+j881uN//czye+X0T+EvyW7Jk3d9tZ8sBuHixl+Sj4Uf0tlTavOJNS3blOPF+7dh6Y8m4U/Kj+TKXFrbF3sKO6u5WQBrMVGAk/qr/Z0S6bP2Ub60fmwKJMY3pNUGAk/MLqz/336LknyGtuyhzQhfFkO2su1Bg8GkCzfjSGSB8rkLJ9Das6rtuRScsoMBp+8UIKhZxlyzLBvHAkt6Ljmt0OWbG5jzOB0+rG2c1D+Nz9EsBR1ZE92yowE35UgflpVwM4QJevNz0WVkAD/K4g6P+myc6e6eDh5uao8TmsqjmM6BkxxjarQM0C6+H03UsyV4Bhi+rNX5PjAKJHFjLmFgpog18oes5JpCY/WsENwG2xBHFylgKaoHGnQQ4M78aK/+4qzhlasD3NjRTtUaCRAjMWfCPTpScMW9lI9dZSScZCgYYKWIbfnQzh4UHNtcKr65AcJtxFgb+jgFIFVoafUskxCwVQQIMCwE9DFLABBVBguALAb7jkTIgCKKBBAeCnIQrYgAIoMFwB4DdcciZEARTQoADw0xAFbEABFBiuAPAbLjkTogAKaFAA+GmIAjagAAoMVwD4DZecCVEABTQoAPw0RAEbUAAFhisA/IZLzoQogAIaFAB+GqKADSiAAsMVAH7DJWdCFEABDQr8HyhOap4hqTICAAAAAElFTkSuQmCC', '2025-08-10 22:45:05', '2025-08-10 15:45:05', '2025-08-10 15:45:05'),
(81, 10, 'Mulyono', 'data:image/png;base64,iVBORw0KGgoAAAANSUhEUgAAAR4AAAByCAYAAACFiL5DAAAAAXNSR0IArs4c6QAADMhJREFUeF7tnU+uZbURxos0HSkSEkwyiMgsGRMWQASZZ5D0NhCC7ACWgNJLYAwMMg+BDZCMk1kiRZkAQopAkMArca2u5/Y5rvKfso/9XelJr/v5uOyvyr9b5eNz7zOEFxSAAlDAWYFnnO3BHBSAAlCAAB4EwW4KfE1ED4noR7tNfKb5AjwzeQNj6a3Af4noJzcjiP3eap/0D/EHig/T7gp8Jywi9t3lf2IQ4g8UH6ZdFfg/0b2tBcS+q/z3jUH8geLDtKsCAI+r3OfGAJ6JnIGhdFVAlln8OzaXu8oN8AyUF6YnUeBLInouGsv/iOjZSca33TCQ8Wzn8uUm/G00o6NMJo51ZD0DQwHgGSg+TN9TQAsQvqhF3AI8AwOwhQMHDh+mDxSIFzE30+5plMaE3EPROKbUTqrvnO3YFsosjYc6tmnp/I7DRNc3BSRQYpBc3Zdn8OA7UvJl2Zv5jIheiK6/ulaXXxBwwNwuZNAEwFh8lcsAeNbxYg5KWBa1VC9XKtXAo8ZL8W30VqVazZi2v9YSzNuL1VmAsHBzoImhEha0Bhihrbbs6jxll+5j8GBvx0X2cyMAz1gnhIzmyA8BMrx4NGDJzSb0t5PfY1DvNPdcPAz7O5zgL/0RbCRkeFQtQBPPbjfwINvxj2+VRYBHJVN1I1lGSc0ZBK2yGc0gdwJPam8HZZYmShzaADx9RT7LbjyBE2a5E3hSG+wAT994V/cO8KilMjVMAcc7u0kNOCzG1c+xpLId1gPgMYVxv8YATzttj2DDFkZkN7uCR0KHQROXtjvd0WsX3Y17AnjqBZ01u9kRPDF0WAOO8QAgZDz18d6kB4CnXMYrASfMMizMFUst9seD20QDYEJpCfCUx3mXKwGeMlnjPYSrLOQw7hXf+SVkuJySj0oAPGVx3u0qgMcmrXxXveJm5argSc1L/p8subDHY4v5Lq0BHp2scVk1wx0q3cjvt1oRPEdzAnhKIsTpGoAnL3S8YTnLHar8yJ9usRp4pG/iclfOlX/n/Z8VS8ySOBh+DcBz7oIYOldP01cCT8438Vx3OcM0HCqaAQA8aZVkaXXVsio1M7lHdWXf56DDc4/Bs/IdPc1an6rNlYOvl5Cp27K9bI3o9+rv/Fr/HIEH5daIqItsAjz3BdEG9QSuKx7C1cGjLRfjdsG3AE9x6LS7EOB5oqUmfW+n/LierlxyaKGTKrXk/13l3NW4KOlsGeD5QeBdoHO0IDVhJj+GdcQmu/SRJm5zZ3tGzEGj8xZtNA5cXYidoFMDHvkxEyMyhvhkci4u/0NEP41uoVsyplz/+HuFAruDZzfocKiU7HVInbgP732SEmAAPBVg6H3pzuDZETq14JEfM+GV9ZRu+AM8velR0f+u4NkVOhI8/LvW//JOGO+NhI+a8NgnKcl2eG4ATwUYel+qDbze4/Dsf2fo1IKH48XzEKJ1Q1nGEcDjuaqMtnYDT2nabpR16uZSA025dHZ3SHN9jRjWDWWAp0Ztx2t3A09p2u7oEhdTlkOEo25L1/oKGY9LKJUZ2Qk8tYFcpvCcV1kyiZRuJXfGLErUlFjBDsBzrPirRPRa9PMXi4Nq2+4CnhaBXKv1LNdby83USefe+zwWMB7pCvA8USYGTazZ23c3DN7xDNAdwCOh03tPwtN3pbasm+tH38VlKdcsY22Vme4MnhxoPro5hIHjmumEQNgBPC3ePS0LZ/a2FvCcZTY9nvmyZmNnWu8EnulBEztqdfCgxHp6aZaAJ3VSuVVmIkfYss+VwXM50OwKHu8j/jNnPfKZq5wuZyBovcHc+k1iJfC8SUS/uwUVbwrHr+GlkzXgV854em+AWrWepb0ED4/pLAZyGcjR/k/JXFuXxFcFD0OGX7z/wq8XVgDNThlPbtGULI6rXyOzlAAcDXiONuVbgaeHr64CHg1oPr8FHmc9QzaDWwf+yhlPq0XRWvOR/ckFrgFPTsNWG8w97pDNCp5QNr18kM1wfDBoPiWiD4no3ZEB08v2quBpvf/QS3/vfmcET49sh3WdBTw50IRsJpRWS4Jml1KrVzB7g6K1PZnB5LIVDbxzfWjG33pvR9qMM7becWEpm7YCDcCjWQprtok323PQ0CzSXB85JVvfyYrt9QaPFjRLl005J6f+vmqpldubKNHq6tfEIMlBwwKe3G35I+00Nmp0bw2eXNkU9me2zmY0DlsRPLiNnvZ8XNLMAJ7ebxA14NFmM6w2QKOhjWizInh6v4saJZ6ieaqkyemkudOk2Qcale2wXQt4rKDZYhO4V/QCPL2UnavfFGS04DmLkRrwaMBWq+IZeP5wOw289W3tWoFLr18ZPHgS/UlUpEqaFo9DlJa1OeiVxvPR5vLj2x9ePzmpveVt7VZCW/tZETwe76RWnUe2P1rkZ9mKBQwl+zS9bqH/8Sb0b4no50T07InwXxER/2B/ZkB0rgyeFedmDZHSrMYCntwmdWrMtW8O7986/Q0RPXf7/QwyDFl+cUw8GPC9YFa/Ld9+xcVZ8g68oqNz8GiV8ZSAx3KNhMzzmYdaA2D+SUR/IqJQWv3rlgGt6OdLzgnguaTbTgcdvuM8991XZ+CxZCQ5wKUGK++yBVv8HV0MGc5iGDAhQzmaLF/3BRG9d2vwRqJhsAPwTBbnAM9kDqkcjvUT/I6yQ0vWWAIeBgw/aa2JvzAWhsyfieiRQSOAxyCWZ1ON4z3H08KWJY1vYW+WPuIsQvMtnynAWG+R59qHUil8kFVpzIWxst6auXG7EijO4s+lx1EaBDOLsluwydKK/WJ5fCEF6RL9AhQ+uQXGK5lSKc5iuDlnMmEuMr7OYlSWaWclnUWTmWN7mbGtCJ7SsyVXc2oMHCt0ZEYgzzzVgCelYYADf7ZMAEyJ1hJKqbhNwaVkLiVjwzVGBVYEz+op9hFweJGd3VLWZgQlpaosg45CsEfWwWPll4xjaYfvbr1ozAKNSwjNSxRYFTzxJmvJoizRs9c1R+/2tYs5tT9j2VgO85X7SyHzOiqXcuVRqYapPS6Ap1TNztetCh6Z9QQJaxdpZ1c81X0qswmLuhVIW4Enp00uM8ldr/27hA/HNsCjVc653crgOXs31t4V8XJHOPgWxhX7JWQJrYAj5yUzHI89kZK7bxY/xKViSQZnsYe2BQrsAJ5cOeANoRxkZIYWMgXr3o0lFORCZS1yBw8tfZ+17fW8VgxPgKeVxxr2sxN4jgAk9yTCQuf/a7HYLZAJ5WEr29owGQUe62FH63xCaQ3waJVzbLcjeCSA+HeNBpq7NqHfXH+ybPKGTCq0ZIYQ9PD6SJEe8IkznvDvf9w9XvFLx7UFUycK5BbJDuJZD61ZNJkNMjnwhHjwjIvW8AF4LBE6qK1ngA2aYhOzoWTizuI9IVmezZDBWCcsF34oO733vVpuOMeby8h4rBHh0B7gcRB5chMzgCfsb4V4rDn6EO/pcNnIIGUA8Wfx4DWBAgDPBE6YYAgy4/Da3zkr+/hvJeNIHQcAeCYIsHgIAM+EThkwpNwT5p5DqoFgCjx/J6Jf4LEJTxfmbQE8eY3Qwl+B+ASydgSpW+cAj1Y9x3YAj6PYMGVSwHqK+qg9wGOS3acxwOOjM6yUKWCBTw48PALEe5kfml8FRzSXFB02VkADn1xphtPLjZ1S2x3AU6sgrvdQ4Aw+mjNAAI+Hlww2AB6DWGg6VIH40Y5wNkdz9geHCIe67mnjAM9kDsFwThWIsxsNdLhDgGeywAJ4JnMIhpNVQMKHG2tOOQM8WVl9GwA8vnrDWjsFGCb8o/n4kgAePDbRTv+qngCeKvlw8UUUwGMTkzkK4JnMIRhOFwX+evf1yC8py7IuA0Cn9xUAeBAROygA8EzmZYBnModgOF0UAHi6yFreKcBTrh2uvJYCOEQ4kb8AnomcgaF0VQDg6SqvrXOAx6YXWl9XgXBL/W9E9KvrTmONkQM8a/gRs8grAPDkNXJrAfC4SQ1DgxX45nbYkD9t8eHgsWxvHuDZPgS2EeBrIvoxEQE8E7gc4JnACRiCiwIfE9GvcYjQReusEYAnKxEaLKIAwDORIwGeiZyBoXRVAODpKq+tc4DHphdaX1cBgGci3wE8EzkDQ+muAA4RdpdYZwDg0emEVmsoEM7yfEBEj9aY0jVnAfBc028YdZkCmm+sKOsZV5kUAHhMcqHxxRV4n4h+f5sDYn+gMyH+QPFheogCIev5NxH9bMgIYBTfrIgY2E4BmfU8JqI3tlNgggkj45nACRiCuwJ4bstd8vsGAZ7BDoD5YQoE+LxFRO8OG8WmhgGeTR2PadOrRPTRnQ5vE9E70MNXAYDHV29YgwJQ4I70AA/CAApAAXcFAB53yWEQCkABgAcxAAWggLsCAI+75DAIBaDA9yDje6AwBqQSAAAAAElFTkSuQmCC', '2025-08-10 22:47:10', '2025-08-10 15:47:10', '2025-08-10 15:47:10');

-- --------------------------------------------------------

--
-- Table structure for table `master_pembayaran`
--

CREATE TABLE `master_pembayaran` (
  `id` int NOT NULL,
  `user_id` int NOT NULL,
  `id_rumah` int NOT NULL,
  `metode` enum('1_bulan','2_bulan','3_bulan','4_bulan','5_bulan','6_bulan','7_tahun','cicilan') NOT NULL,
  `bulan_mulai` date DEFAULT NULL,
  `jumlah_bayar` int NOT NULL,
  `keterangan` text,
  `created_at` timestamp NULL DEFAULT CURRENT_TIMESTAMP,
  `pembayaran_via` enum('koordinator','transfer') DEFAULT 'koordinator',
  `bukti` varchar(255) DEFAULT NULL,
  `status` enum('pending','verified','rejected') DEFAULT 'pending',
  `verified_at` timestamp NULL DEFAULT NULL,
  `tanggal_bayar` date NOT NULL,
  `bulan_rapel` text NOT NULL
) ENGINE=InnoDB DEFAULT CHARSET=utf8mb4 COLLATE=utf8mb4_0900_ai_ci;

--
-- Dumping data for table `master_pembayaran`
--

INSERT INTO `master_pembayaran` (`id`, `user_id`, `id_rumah`, `metode`, `bulan_mulai`, `jumlah_bayar`, `keterangan`, `created_at`, `pembayaran_via`, `bukti`, `status`, `verified_at`, `tanggal_bayar`, `bulan_rapel`) VALUES
(17, 153, 153, '1_bulan', '2025-08-01', 125000, 'bayar ipl', '2025-08-10 13:01:53', 'transfer', '9062b6492446a2ea84441d5b45fe089b.jpeg', 'verified', NULL, '2025-08-10', ''),
(19, 92, 92, '1_bulan', '2025-08-01', 125000, 'Bulan Agustus 2025', '2025-08-10 13:15:44', 'transfer', 'b1ba1bcaf4f69eec5a748a3b2b1924db.jpg', 'pending', NULL, '2025-08-09', ''),
(20, 112, 112, '1_bulan', '2025-08-01', 125000, 'Bulan Juli dan Agustus ', '2025-08-10 15:13:20', 'transfer', 'c5f2d12e3ea728ccb4bb77ca91153a07.jpg', 'pending', NULL, '2025-07-31', ''),
(21, 95, 95, '1_bulan', '2025-08-01', 125000, 'Bln Agustus ', '2025-08-10 15:15:20', 'transfer', '928073e07b002b63e8008346cc62bc96.jpg', 'pending', NULL, '2025-08-01', ''),
(22, 98, 98, '1_bulan', '2025-08-01', 125000, 'Agustus ', '2025-08-10 15:17:20', 'transfer', '963d7e364865772e2e4fbeb52869f05c.jpg', 'pending', NULL, '2025-08-02', ''),
(23, 93, 93, '1_bulan', '2025-08-01', 125000, 'Agustus ', '2025-08-10 15:18:46', 'transfer', NULL, 'pending', NULL, '2025-08-02', ''),
(24, 94, 94, '1_bulan', '2025-08-01', 125000, 'Agustus ', '2025-08-10 15:21:27', 'transfer', 'd59e9b1172b04fb8e8eb6d9f6f9a62bf.jpg', 'pending', NULL, '2025-08-03', ''),
(25, 96, 96, '1_bulan', '2025-08-01', 125000, 'Agustus ', '2025-08-10 15:28:29', 'transfer', '2ea6d7982d0129d8871b92173b9c39cc.jpg', 'pending', NULL, '2025-08-03', ''),
(26, 109, 109, '1_bulan', '2025-08-01', 125000, 'Agustus ', '2025-08-10 15:32:09', 'transfer', 'a6b27e3fc435174fc6c21f1b8612c15e.jpg', 'pending', NULL, '2025-08-04', ''),
(28, 140, 140, '1_bulan', '2025-01-01', 125000, 'IPL januari', '2025-08-10 15:52:03', 'koordinator', NULL, 'pending', NULL, '2025-08-10', ''),
(29, 114, 114, '3_bulan', '2025-08-01', 375000, 'Bayar IPL Juni, Juli dan Agustus 2025', '2025-08-11 13:13:11', 'transfer', 'edc01450271f218964f0606b289040fc.jpg', 'verified', NULL, '2025-08-09', '2025-06,2025-07,2025-08'),
(30, 103, 103, '1_bulan', '2025-08-01', 125000, 'Bln Agustus ', '2025-08-10 16:14:54', 'transfer', 'cd65ba9530027690ab04c6f4daac270c.jpg', 'pending', NULL, '0000-00-00', ''),
(31, 102, 102, '1_bulan', '2025-08-01', 125000, 'Pembayaran bln Agustus ', '2025-08-10 16:17:06', 'transfer', 'b1c20a74dc4f50f1fd2ebab7f134970f.jpg', 'pending', NULL, '2025-08-09', ''),
(32, 97, 97, '1_bulan', '2025-08-01', 125000, 'Bln Agustus ', '2025-08-10 16:19:13', 'transfer', '664bb46789206dd4197e233c468f6dda.jpg', 'pending', NULL, '2025-08-07', ''),
(33, 97, 97, '1_bulan', NULL, 125000, 'Bln Agustus ', '2025-08-10 16:19:32', 'transfer', 'c694aa797f2d5e1ee52f1cac646c271a.jpg', 'pending', NULL, '0000-00-00', ''),
(34, 107, 107, '1_bulan', '2025-08-01', 125000, 'Agustus ', '2025-08-10 16:21:18', 'transfer', 'e7907887c78763e9fbb0524282b1dc6a.jpg', 'pending', NULL, '2025-08-07', ''),
(35, 106, 106, '1_bulan', '2025-08-01', 125000, 'Agustus ', '2025-08-10 16:25:28', 'transfer', '2e0a4e434ab769e3dde3a101c37c5b88.jpg', 'pending', NULL, '2025-08-06', ''),
(36, 99, 99, '1_bulan', '2025-08-01', 125000, 'IPL bln Agustus ', '2025-08-11 21:58:48', 'transfer', '54c8e16445dbef897b22e54f25d0a2e6.jpg', 'pending', NULL, '2025-08-06', ''),
(37, 104, 104, '1_bulan', '2025-08-01', 125000, 'Agustus ', '2025-08-10 16:28:19', 'transfer', '9a896fb4550c6f1ac70c3a7c0ef3c6bb.jpg', 'pending', NULL, '2025-08-04', ''),
(38, 110, 110, '1_bulan', '2025-08-01', 125000, 'Agustus ', '2025-08-10 16:29:25', 'transfer', '04f0b973cf5d5fb2c0868a3c4af99321.jpg', 'pending', NULL, '2025-08-04', ''),
(39, 108, 108, '1_bulan', '2025-07-01', 125000, 'IPL Bln Juli 2025', '2025-08-25 15:53:35', 'transfer', 'c5007d7ea3fe5ccb8e606921deb4bf31.jpg', 'pending', NULL, '2025-08-01', ''),
(40, 112, 112, '2_bulan', '2025-07-01', 250000, 'Juli dan Agustus ', '2025-08-11 13:12:31', 'transfer', '179c0e73128d73b1a3792554339f5154.jpg', 'verified', NULL, '2025-07-31', '2025-07,2025-08'),
(41, 112, 112, '1_bulan', NULL, 125000, 'Juli', '2025-08-10 16:56:01', 'transfer', '43275250a4b58832d82d111af37f1cb6.jpg', 'pending', NULL, '0000-00-00', ''),
(42, 142, 142, '1_bulan', '2025-08-01', 125000, 'IPL Agustus ', '2025-08-11 14:17:11', 'transfer', NULL, 'verified', NULL, '2025-08-05', ''),
(43, 143, 143, '1_bulan', '2025-08-01', 125000, 'IPL Agustus ', '2025-08-11 14:18:12', 'transfer', NULL, 'verified', NULL, '2025-08-06', ''),
(44, 144, 144, '1_bulan', '2025-08-01', 125000, 'IPL Agustus ', '2025-08-11 14:19:47', 'koordinator', NULL, 'verified', NULL, '2025-08-04', ''),
(45, 145, 145, '1_bulan', '2025-08-01', 125000, 'IPL Agustus ', '2025-08-11 14:20:38', 'koordinator', NULL, 'verified', NULL, '2025-08-09', ''),
(46, 146, 146, '1_bulan', '2025-08-01', 125000, 'IPL Agustus ', '2025-08-11 14:21:40', 'koordinator', NULL, 'verified', NULL, '2025-08-07', ''),
(47, 147, 147, '1_bulan', '2025-08-01', 125000, 'IPL Agustus ', '2025-08-11 14:22:50', 'transfer', NULL, 'verified', NULL, '2025-08-01', ''),
(48, 148, 148, '1_bulan', '2025-08-01', 125000, 'IPL Agustus ', '2025-08-11 14:23:44', 'koordinator', NULL, 'verified', NULL, '2025-08-10', ''),
(49, 149, 149, '1_bulan', '2025-08-01', 125000, 'IPL Agustus ', '2025-08-11 14:24:39', 'transfer', NULL, 'verified', NULL, '2025-08-10', ''),
(50, 150, 150, '1_bulan', '2025-08-01', 125000, 'IPL Agustus ', '2025-08-11 14:25:55', 'transfer', NULL, 'verified', NULL, '2025-08-09', ''),
(51, 151, 151, '1_bulan', '2025-08-01', 125000, 'IPL Agustus ', '2025-08-11 14:26:47', 'koordinator', NULL, 'verified', NULL, '2025-08-04', ''),
(52, 152, 152, '1_bulan', '2025-08-01', 125000, 'IPL Agustus.pak Jefri ', '2025-08-11 14:28:21', 'transfer', NULL, 'verified', NULL, '2025-08-10', ''),
(53, 154, 154, '1_bulan', '2025-08-01', 125000, 'IPL Agustus ', '2025-08-11 21:50:39', 'transfer', NULL, 'verified', NULL, '2025-08-01', ''),
(54, 155, 155, '1_bulan', '2025-08-01', 125000, 'IPL Agustus ', '2025-08-11 14:30:44', 'koordinator', NULL, 'verified', NULL, '2025-08-03', ''),
(55, 157, 157, '1_bulan', '2025-08-01', 125000, 'IPL Agustus ', '2025-08-11 14:32:28', 'transfer', NULL, 'verified', NULL, '2025-08-01', ''),
(56, 158, 158, '1_bulan', '2025-08-01', 125000, 'IPL Agustus ', '2025-08-11 14:33:14', 'transfer', NULL, 'verified', NULL, '2025-07-31', ''),
(57, 159, 159, '1_bulan', '2025-08-01', 125000, 'IPL Agustus ', '2025-08-11 14:34:12', 'koordinator', NULL, 'verified', NULL, '2025-08-01', ''),
(58, 160, 160, '1_bulan', '2025-08-01', 125000, 'IPL Agustus ', '2025-08-11 14:35:28', 'transfer', NULL, 'verified', NULL, '2025-07-10', ''),
(59, 161, 161, '1_bulan', '2025-08-01', 125000, 'IPL Agustus ', '2025-08-11 14:36:23', 'transfer', NULL, 'verified', NULL, '2025-08-09', ''),
(60, 162, 162, '1_bulan', '2025-08-01', 125000, 'IPL Agustus ', '2025-08-11 14:37:08', 'transfer', NULL, 'verified', NULL, '2025-08-05', ''),
(61, 163, 163, '1_bulan', '2025-08-01', 125000, 'IPL Agustus. Pak Whisnu ', '2025-08-11 14:38:24', 'transfer', NULL, 'verified', NULL, '2025-08-01', ''),
(62, 164, 164, '1_bulan', '2025-08-01', 125000, 'IPL Agustus. Pak Alex ', '2025-08-11 14:39:31', 'transfer', NULL, 'verified', NULL, '2025-08-03', ''),
(63, 165, 165, '1_bulan', '2025-08-01', 125000, 'IPL Agustus ', '2025-08-11 14:40:18', 'koordinator', NULL, 'verified', NULL, '2025-08-09', ''),
(64, 115, 115, '1_bulan', '2025-08-01', 125000, 'IPL Bln Agustus 2025', '2025-08-12 02:11:22', 'transfer', '34daa6a04af72312ab5a2c89c10c75de.jpg', 'pending', NULL, '2025-08-12', ''),
(65, 100, 100, '1_bulan', '2025-07-01', 125000, 'IPL Juli 2025', '2025-08-12 02:15:49', 'transfer', 'bdc7378e951faa007ed6f7f394f6bbab.jpg', 'pending', NULL, '2025-08-28', ''),
(66, 114, 114, '2_bulan', '2025-05-01', 250000, 'Pembayaran April Dan Mei 2025', '2025-08-14 15:27:10', 'transfer', 'c67bf19b53a3f98cf880d7c54c2281d8.jpg', 'pending', NULL, '2025-05-01', '2025-04,2025-05'),
(67, 102, 102, '1_bulan', '2025-04-01', 125000, 'Pembayaran bln April 2025', '2025-08-14 15:33:35', 'transfer', '033c70237d8222aeb11897e66291f85b.jpg', 'pending', NULL, '2025-04-09', ''),
(68, 102, 102, '1_bulan', '2025-06-01', 125000, 'Pembayaran IPL Juni 2025', '2025-08-14 23:52:27', 'transfer', 'b1669c2220471fbdd1820822dc076ed0.jpg', 'pending', NULL, '2025-08-04', ''),
(69, 102, 102, '1_bulan', '2025-07-01', 125000, 'Pembayaran bln Juli 2025', '2025-08-15 10:34:04', 'transfer', 'b106b750c01e70d211b4a57e46ac4be9.jpg', 'pending', NULL, '2025-07-04', ''),
(70, 73, 73, '1_bulan', '2025-08-01', 125000, 'Pembayaran Bulan Agustus 2025', '2025-08-21 06:34:18', 'transfer', NULL, 'pending', NULL, '2025-08-02', ''),
(71, 74, 74, '1_bulan', '2025-08-01', 125000, 'Pembayaran bulan Agustus 2025', '2025-08-21 06:35:49', 'transfer', '73f2ce87f2d4b4432cecb28b082256c0.jpeg', 'pending', NULL, '2025-08-03', ''),
(72, 75, 75, '1_bulan', '2025-08-01', 125000, 'Pembayaran bulan Agustus 2025', '2025-08-21 06:36:26', 'transfer', 'e1f4894d4978e6f20ebd3f67c126cd94.jpeg', 'pending', NULL, '2025-08-01', ''),
(73, 84, 84, '1_bulan', '2025-08-01', 125000, 'Pembayaran bulan Agustus 2025', '2025-08-21 06:37:07', 'transfer', '063e0db48049bf47011af7ab1bac1c3f.jpeg', 'pending', NULL, '2025-08-01', ''),
(74, 83, 83, '1_bulan', '2025-08-01', 125000, 'Pembayaran bulan Agustus 2025', '2025-08-21 06:37:47', 'transfer', 'b443c9db0e56a4f7d45973ac18577bb2.jpeg', 'pending', NULL, '2025-08-17', ''),
(75, 82, 82, '1_bulan', '2025-08-01', 125000, 'Pembayaran bulan Agustus 2025', '2025-08-21 06:38:21', 'transfer', 'dd57c4f97db78c1e0610bd77623f54a8.jpeg', 'pending', NULL, '2025-08-01', ''),
(76, 81, 81, '1_bulan', '2025-08-01', 125000, 'Pembayaran bulan Agustus 2025', '2025-08-21 06:38:59', 'transfer', '7c3f25234a06b56df97efe8a79d4af5e.jpeg', 'pending', NULL, '2025-08-01', ''),
(77, 80, 80, '1_bulan', '2025-08-01', 125000, 'Pembayaran bulan Agustus 2025', '2025-08-21 06:39:31', 'transfer', 'bfc9258600f996786a4bf4f5c861c342.jpeg', 'pending', NULL, '2025-08-01', ''),
(78, 79, 79, '1_bulan', '2025-08-01', 125000, 'Pembayaran bulan Agustus 2025', '2025-08-21 06:40:06', 'transfer', 'c0b110c0e607d8fbaae32bd4833e6c4c.jpeg', 'pending', NULL, '2025-08-01', ''),
(79, 78, 78, '1_bulan', '2025-08-01', 125000, 'Pembayaran bulan Agustus 2025', '2025-08-21 06:40:58', 'transfer', 'b9d6700ae2e5e32e1e554cb1986a26c6.jpeg', 'pending', NULL, '2025-08-20', ''),
(80, 91, 91, '1_bulan', '2025-08-01', 125000, 'Pembayaran bulan Agustus 2025', '2025-08-21 06:41:51', 'transfer', '8d0beb2f4eff5397a7a667db93c6d050.jpeg', 'pending', NULL, '2025-08-01', ''),
(81, 90, 90, '1_bulan', '2025-08-01', 125000, 'Pembayaran bulan Agustus 2025', '2025-08-21 06:42:19', 'transfer', 'fa5311dbb3d4c8cdd9f8f9a96504169b.jpeg', 'pending', NULL, '2025-08-01', ''),
(82, 89, 89, '1_bulan', '2025-08-01', 125000, 'Pembayaran bulan Agustus 2025', '2025-08-21 06:43:19', 'transfer', '7b6fb9c004325c81ec7581693ee2ed07.jpeg', 'pending', NULL, '2025-08-02', ''),
(83, 88, 88, '1_bulan', '2025-08-01', 125000, 'Pembayaran bulan Agustus 2025', '2025-08-21 06:43:45', 'transfer', '5492480055a6f27da80d1c6df3ea1f13.jpeg', 'pending', NULL, '2025-07-31', ''),
(84, 87, 87, '1_bulan', '2025-08-01', 125000, 'Pembayaran bulan Agustus 2025', '2025-08-21 06:44:28', 'transfer', '2990bab17da2b436ca94a6ef8abc0f40.jpeg', 'pending', NULL, '2025-08-16', ''),
(85, 86, 86, '1_bulan', '2025-08-01', 125000, 'Pembayaran bulan Agustus 2025', '2025-08-21 06:44:50', 'transfer', 'b3646d44f59f0b61b088279d8e2a5235.jpeg', 'pending', NULL, '2025-08-04', ''),
(86, 179, 179, '2_bulan', '2025-08-01', 250000, 'Pembayaran bulan Juli dan Agustus 2025', '2025-08-25 00:04:03', 'transfer', '49fb51ec69786fe6978f75a4bcecfedd.jpg', 'pending', NULL, '2025-08-24', '2025-07,2025-08'),
(87, 99, 99, '1_bulan', '2025-07-01', 125000, 'IPL bln Juli', '2025-08-25 08:51:28', 'transfer', '8280593b853d615a8cb9cd424e8960ca.jpg', 'pending', NULL, '2025-07-07', ''),
(88, 99, 99, '1_bulan', '2025-06-01', 125000, 'IPL Bln Juni 2025', '2025-08-25 08:54:48', 'transfer', '24098176cd0b72e53993cf1990f5e052.jpg', 'pending', NULL, '2025-06-04', ''),
(89, 109, 109, '1_bulan', '2025-07-01', 125000, 'IPL Bln Juli 2025', '2025-08-25 08:59:46', 'transfer', 'fc812425c2c510e073e897f2a83541a8.jpg', 'pending', NULL, '2025-07-13', ''),
(90, 109, 109, '1_bulan', '2025-06-01', 125000, 'IPL Bln Juni 2025', '2025-08-25 08:59:08', 'transfer', 'b3021ec5513f76298617ac6f5fa4177e.jpg', 'pending', NULL, '2025-06-08', ''),
(91, 110, 110, '1_bulan', '2025-07-01', 125000, 'IPL Juli 2025', '2025-08-25 09:02:08', 'transfer', 'b389a723cac22608edfe4bfb3aa3d2db.jpg', 'pending', NULL, '2025-07-01', ''),
(92, 110, 110, '1_bulan', '2025-06-01', 125000, 'IPL Juni 2025', '2025-08-25 09:07:15', 'transfer', '0a92602bf3cd1dd6aff6dad8cb64a913.jpg', 'pending', NULL, '2025-05-29', ''),
(93, 112, 112, '1_bulan', '2025-06-01', 125000, 'IPL Juni 2025', '2025-08-25 09:11:37', 'transfer', 'ae5684a09ab376804f24f467a971f468.jpg', 'pending', NULL, '2025-05-31', ''),
(94, 113, 113, '2_bulan', '2025-07-01', 250000, 'IPL Bln Juni 2025 dan Juli 2025', '2025-08-25 09:16:13', 'transfer', '4a2ad9b1e6af3d5c969ce81c07ccfb95.jpg', 'pending', NULL, '2025-07-24', '2025-06,2025-07'),
(95, 115, 115, '1_bulan', '2025-07-01', 125000, 'IPL Bln Juli 2025', '2025-08-25 09:17:59', 'transfer', 'af31aaa08ee82030566f1d9cb430422d.jpg', 'pending', NULL, '2025-07-15', ''),
(96, 116, 116, '1_bulan', '2025-08-01', 125000, 'Pembayaran IPL bulan Agustus', '2025-08-25 13:21:20', 'koordinator', NULL, 'pending', NULL, '2025-06-18', ''),
(97, 117, 117, '1_bulan', '2025-08-01', 125000, 'Pembayaran IPL Bulan Agustus', '2025-08-25 13:25:26', 'transfer', 'ea47f713bf2293982f132e0edb3d7ca8.jpg', 'pending', NULL, '2025-08-01', ''),
(98, 121, 121, '1_bulan', '2025-08-01', 125000, 'Pembayaran IPL Bulan Agustus', '2025-08-25 13:27:49', 'koordinator', NULL, 'pending', NULL, '2025-08-02', ''),
(99, 123, 123, '2_bulan', '2025-08-01', 250000, 'Pembayaran IPL bulan Agustus dan September ', '2025-08-25 13:30:38', 'transfer', 'c9a81733726f175ef0d71ee488885052.jpg', 'pending', NULL, '2025-08-04', '2025-08,2025-09'),
(100, 124, 124, '1_bulan', '2025-08-01', 125000, 'Pembayaran IPL Bulan Agustus', '2025-08-25 13:33:27', 'transfer', '7e9d1ca03795edf6586d932c46ba9c8d.jpg', 'pending', NULL, '2025-08-10', ''),
(101, 126, 126, '1_bulan', '2025-08-01', 125000, 'Pembayaran IPL Bulan Agustus', '2025-08-25 13:35:24', 'transfer', '986862efad818ea4b4715b7d359a9239.jpg', 'pending', NULL, '2025-08-02', ''),
(102, 129, 129, '1_bulan', '2025-07-01', 125000, 'Pembayaran IPL Bulan Agustus', '2025-08-25 13:38:13', 'koordinator', NULL, 'pending', NULL, '2025-08-25', ''),
(103, 130, 130, '1_bulan', '2025-08-01', 125000, 'Pembayaran IPL Bulan Agustus', '2025-08-25 13:44:34', 'transfer', '7739b8c80b32c0e12d4502f39f7ca798.jpg', 'pending', NULL, '2025-08-18', ''),
(104, 132, 132, '1_bulan', '2025-07-01', 125000, 'Pembayaran IPL Bulan Agustus', '2025-08-25 13:47:15', 'koordinator', NULL, 'pending', NULL, '2025-07-09', ''),
(105, 133, 133, '1_bulan', '2025-07-01', 125000, 'Pembayaran IPL Bulan Agustus', '2025-08-25 13:52:22', 'transfer', '065759e6c571700ffe50027803fc6276.jpg', 'pending', NULL, '2025-07-31', ''),
(106, 134, 134, '1_bulan', '2025-07-01', 125000, 'Pembayaran IPL Bulan Agustus', '2025-08-25 13:54:09', 'transfer', '1c1782b600374ae57aeb1ef8ca62f60b.jpg', 'pending', NULL, '2025-07-27', ''),
(107, 136, 136, '1_bulan', '2025-06-01', 125000, 'Pembayaran IPL Bulan Agustus', '2025-08-25 13:58:06', 'transfer', 'dd4dfcd1026368605e5cb0391324237c.jpg', 'pending', NULL, '2025-06-02', ''),
(108, 138, 138, '1_bulan', '2025-08-01', 125000, 'Pembayaran IPL Bulan Agustus', '2025-08-25 13:59:07', 'koordinator', NULL, 'pending', NULL, '2025-08-02', ''),
(109, 139, 139, '1_bulan', '2025-07-01', 125000, 'Pembayaran IPL Bulan Agustus', '2025-08-25 14:01:06', 'transfer', 'd0ac337de6c7b7a0e83b905854224b82.jpg', 'pending', NULL, '2025-07-25', ''),
(110, 140, 140, '1_bulan', '2025-08-01', 125000, 'Pembayaran IPL Bulan Agustus', '2025-08-25 14:02:05', 'koordinator', NULL, 'pending', NULL, '2025-08-10', ''),
(111, 141, 141, '1_bulan', '2025-08-01', 125000, 'Pembayaran IPL Bulan Agustus', '2025-08-25 14:03:04', 'koordinator', NULL, 'pending', NULL, '2025-08-20', ''),
(112, 178, 178, '1_bulan', '2025-08-01', 125000, 'Pembayaran Bulan Agustus 2025', '2025-08-25 14:19:23', 'transfer', '0eee4ba9ed9da3d6a1ec169afe1e2702.jpg', 'pending', NULL, '2025-08-01', ''),
(113, 167, 167, '1_bulan', '2025-08-01', 125000, 'Pembayaran Bulan Agustus 2025', '2025-08-25 14:22:41', 'transfer', '7ae4eaf4d9fa87edc98a1b2b0d383543.jpg', 'pending', NULL, '2025-08-09', ''),
(114, 168, 168, '1_bulan', '2025-08-01', 125000, 'Pembayaran Bulan Agustus 2025', '2025-08-25 14:44:30', 'transfer', '9d74c9861d7eea29f3a06d261db56896.jpg', 'pending', NULL, '2025-08-04', ''),
(115, 170, 170, '1_bulan', '2025-08-01', 125000, 'Pembayaran Bulan Agustus 2025', '2025-08-25 15:04:12', 'transfer', '367b032aceb7b74a3375b3eea70b01e2.jpg', 'pending', NULL, '2025-08-01', ''),
(116, 172, 172, '1_bulan', '2025-08-01', 125000, 'Pembayaran Bulan Agustus 2025', '2025-08-25 15:07:48', 'koordinator', NULL, 'pending', NULL, '2025-07-30', ''),
(117, 173, 173, '1_bulan', '2025-08-01', 125000, 'Pembayaran Bulan Agustus 2025', '2025-08-25 15:09:49', 'transfer', '0878bf2ffeeda84d2ba5d0c989a86eb2.jpg', 'pending', NULL, '2025-08-01', ''),
(118, 174, 174, '1_bulan', '2025-08-01', 125000, 'Pembayaran Bulan Agustus 2025', '2025-08-25 15:13:09', 'transfer', '45cc47378cffc210cb4c06c1c06fc409.jpg', 'pending', NULL, '2025-08-04', ''),
(119, 175, 175, '1_bulan', '2025-08-01', 125000, 'Pembayaran Bulan Agustus 2025', '2025-08-25 15:14:35', 'koordinator', NULL, 'pending', NULL, '2025-08-04', ''),
(120, 176, 176, '1_bulan', '2025-08-01', 125000, 'Pembayaran Bulan Agustus 2025', '2025-08-25 15:16:41', 'transfer', '58e72679cdedcd2869614be1714bf24f.jpg', 'pending', NULL, '2025-08-09', ''),
(121, 185, 185, '1_bulan', '2025-08-01', 125000, 'Pembayaran Bulan Agustus 2025', '2025-08-25 15:18:16', 'transfer', 'a63264b302388861b95c74cab207dd6e.jpg', 'pending', NULL, '2025-08-03', ''),
(122, 177, 177, '1_bulan', '2025-08-01', 125000, 'Pembayaran Bulan Agustus 2025', '2025-08-25 15:20:56', 'transfer', '4899da60ea9e1630fefcbd7ee8294f5e.jpg', 'pending', NULL, '2025-08-03', ''),
(123, 181, 181, '1_bulan', '2025-08-01', 125000, 'Pembayaran Bulan Agustus 2025', '2025-08-25 15:23:55', 'transfer', '612df43ea53975dab08eb302ccb64b1a.jpg', 'pending', NULL, '2025-08-08', ''),
(124, 115, 115, '1_bulan', '2025-06-01', 125000, 'IPL Bln Juni 2025', '2025-08-25 15:26:21', 'transfer', '0bce8e8b34ce80e7cbb4840135d8aeaa.jpg', 'pending', NULL, '2025-06-17', ''),
(125, 183, 183, '1_bulan', '2025-08-01', 125000, 'Pembayaran Bulan Agustus 2025', '2025-08-25 15:28:05', 'transfer', '85ddc30d9f17177c6344a5a731e29ce0.jpg', 'pending', NULL, '2025-08-09', ''),
(126, 100, 100, '1_bulan', '2025-06-01', 125000, 'IPL Bln Juni 2025', '2025-08-25 15:28:45', 'transfer', 'ba0d23179b5908b77c4df8d45e6fa1fb.jpg', 'pending', NULL, '2025-06-27', ''),
(127, 184, 184, '1_bulan', '2025-08-01', 125000, 'Pembayaran Bulan Agustus 2025', '2025-08-25 15:30:22', 'transfer', '57aabc3fcd66ef0649e26e80406c9352.jpg', 'pending', NULL, '2025-08-14', ''),
(128, 101, 101, '2_bulan', '2025-07-01', 250000, 'IPL Bln Juni 2025 dan Juli 2025', '2025-08-25 15:31:04', 'transfer', '6d8c8a57f5d174a5006f7562577dd8dc.jpg', 'pending', NULL, '2025-07-05', '2025-06,2025-07'),
(129, 103, 103, '1_bulan', '2025-07-01', 125000, 'IPL Bln Juli 2025', '2025-08-25 15:34:16', 'transfer', 'c6b74fec4339e50dec7575391f01bf2e.jpg', 'pending', NULL, '2025-07-05', ''),
(130, 188, 188, '1_bulan', '2025-08-01', 125000, 'Pembayaran Bulan Agustus 2025', '2025-08-25 15:34:44', 'koordinator', NULL, 'pending', NULL, '2025-08-08', ''),
(131, 103, 103, '1_bulan', '2025-06-01', 125000, 'IPL Bln Juni 2025', '2025-08-25 15:35:58', 'transfer', '968b1a4286c4c42629afca41fb85ff11.jpg', 'pending', NULL, '2025-06-01', ''),
(132, 104, 104, '1_bulan', '2025-07-01', 125000, 'IPL Bln Juli 2025', '2025-08-25 15:38:04', 'transfer', 'e473f14a0ef4dcb12f505888d807d78c.jpg', 'pending', NULL, '2025-07-01', ''),
(133, 106, 106, '1_bulan', '2025-07-01', 125000, 'IPL bln Juli 2025', '2025-08-25 15:40:21', 'transfer', '130fc60047ea71aa1cbb8ed58eb34210.jpg', 'pending', NULL, '2025-07-07', ''),
(134, 189, 189, '1_bulan', '2025-08-01', 125000, 'Pembayaran Bulan Agustus 2025', '2025-08-25 15:41:05', 'koordinator', NULL, 'pending', NULL, '2025-08-10', ''),
(135, 106, 106, '1_bulan', '2025-06-01', 125000, 'IPL Bln Juni 2025', '2025-08-25 15:41:53', 'transfer', '69f2a4f4f7ba10d82a8c55f44bbc43ae.jpg', 'pending', NULL, '2025-06-05', ''),
(136, 190, 190, '1_bulan', '2025-08-01', 125000, 'Pembayaran Bulan Agustus 2026', '2025-08-25 15:44:04', 'koordinator', NULL, 'pending', NULL, '2025-08-12', ''),
(137, 107, 107, '1_bulan', '2025-07-01', 125000, 'IPL Bln Juli 2025', '2025-08-25 15:45:31', 'transfer', '5230e43d72cb3c5b91097380d329f868.jpg', 'pending', NULL, '2025-07-01', ''),
(138, 107, 107, '1_bulan', '2025-06-01', 125000, 'IPL Bln Juni 2025', '2025-08-25 15:46:59', 'transfer', 'd9ae3078a8eda3b1bd949d800eeec31e.jpg', 'pending', NULL, '2025-06-01', ''),
(139, 191, 191, '1_bulan', '2025-08-01', 125000, 'Pembayaran Bulan Agustus 2025', '2025-08-25 15:47:22', 'koordinator', NULL, 'pending', NULL, '2025-08-12', ''),
(140, 108, 108, '1_bulan', '2025-08-01', 125000, 'IPL Agustus 2025', '2025-08-25 15:51:51', 'transfer', '76d81da2d935400361a769d20c529694.jpg', 'pending', NULL, '2025-08-15', ''),
(141, 193, 193, '1_bulan', '2025-08-01', 125000, 'Pembayaran Bulan Agustus 2025', '2025-08-25 15:56:50', 'transfer', '0bce33939793d4cb49cd2f2bf99c1c99.jpg', 'pending', NULL, '2025-08-01', ''),
(142, 108, 108, '1_bulan', '2025-06-01', 125000, 'IPL Bln Juni 2025', '2025-08-25 15:56:58', 'transfer', '2b78666ef8322ac9ccc97bcc4ce1435f.jpg', 'pending', NULL, '2025-07-01', ''),
(143, 194, 194, '2_bulan', '2025-07-01', 250000, 'Pembayaran Bulan Juli dan Agustus', '2025-08-25 16:07:08', 'transfer', '3b82553b422cb2e71825529e7ca32960.jpg', 'pending', NULL, '2025-07-02', '2025-07,2025-08'),
(144, 169, 169, '2_bulan', '2025-07-01', 250000, 'Pembayaran Bulanan Juli Dan Agustus 2025', '2025-08-25 16:11:53', 'transfer', '65c3d1abec4398680abaff7d801d7e29.jpg', 'pending', NULL, '2025-07-02', '2025-07,2025-08'),
(145, 92, 92, '1_bulan', '2025-07-01', 125000, 'IPL Bln Juli 2025', '2025-08-25 16:28:38', 'transfer', 'e6737f6ab43f11ad942bc1fb0122f08e.jpg', 'pending', NULL, '2025-07-06', ''),
(146, 92, 92, '1_bulan', '2025-06-01', 125000, 'IPL Bln Juni 2025', '2025-08-25 16:30:22', 'transfer', '9a7df0e78de44f9102ff0ec5c3d7f0c1.jpg', 'pending', NULL, '2025-06-09', ''),
(147, 93, 93, '1_bulan', '2025-07-01', 125000, 'IPL Bln Juli 2025', '2025-08-25 16:37:24', 'transfer', 'd85e654f786e5b6343208b8f4123e8d1.jpg', 'pending', NULL, '2025-07-05', ''),
(148, 93, 93, '2_bulan', '2025-05-01', 250000, 'IPL Bln Maret 2025 dan Juni 2025', '2025-08-25 16:45:06', 'transfer', '2c80b790ff6ea7e1beb720df3c5c6567.jpg', 'pending', NULL, '2025-08-21', '2025-03,2025-06'),
(149, 94, 94, '2_bulan', '2025-06-01', 250000, 'IPL Bln Maret 2015 dan Juli 2025', '2025-08-25 16:51:25', 'transfer', 'b3db2a1e6c5ec73f9503fcca2becdd05.jpg', 'pending', NULL, '2025-06-26', '2025-03,2025-07'),
(150, 95, 95, '1_bulan', '2025-07-01', 125000, 'IPL Bln Juli 2025', '2025-08-26 00:04:06', 'transfer', 'b3e48370476983fcf7234151a08aa1aa.jpg', 'pending', NULL, '2025-07-01', ''),
(151, 95, 95, '1_bulan', '2025-06-01', 125000, 'IPL Bln Juni 2025', '2025-08-26 00:05:19', 'transfer', '128a47e8c579d7f8e251fc612e172cee.jpg', 'pending', NULL, '2025-06-03', ''),
(152, 96, 96, '1_bulan', '2025-07-01', 125000, 'IPL Bln Juli 2025', '2025-08-26 00:08:49', 'transfer', 'f0f728ecd83afce55bbdf28dc290acec.jpg', 'pending', NULL, '2025-07-15', '');

-- --------------------------------------------------------

--
-- Table structure for table `master_rumah`
--

CREATE TABLE `master_rumah` (
  `id` int NOT NULL,
  `id_koordinator` bigint DEFAULT NULL,
  `nama` varchar(255) CHARACTER SET utf8mb4 COLLATE utf8mb4_0900_ai_ci DEFAULT NULL,
  `alamat` varchar(255) CHARACTER SET utf8mb4 COLLATE utf8mb4_0900_ai_ci DEFAULT NULL
) ENGINE=InnoDB DEFAULT CHARSET=utf8mb4 COLLATE=utf8mb4_0900_ai_ci ROW_FORMAT=DYNAMIC;

--
-- Dumping data for table `master_rumah`
--

INSERT INTO `master_rumah` (`id`, `id_koordinator`, `nama`, `alamat`) VALUES
(1, 1, 'Hikmah Store', 'Ruha 1'),
(2, 1, NULL, 'Ruha 3a'),
(3, 1, 'Alfa madura', 'Ruha 5'),
(4, 1, 'Dee shop', 'Ruha 6'),
(5, 1, 'Dee shop', 'Ruha 7'),
(6, 1, 'Hilmi Hanif', 'TSI Raya 1'),
(7, 1, 'Ratih Rahmasari', 'TSI Raya 2'),
(8, 1, 'Warno', 'TSI Raya 3'),
(9, 1, 'Wahi rical/Jantje Wairisal', 'TSI Raya 3a'),
(10, 1, 'Rachel Lusiana', 'TSI Raya 5'),
(11, 1, 'Melinda Losita', 'TSI Raya 6'),
(12, 1, 'Ari Kurniawan', 'TSI Raya 7'),
(13, 1, 'Afdolu Nasikin', 'TSI Raya 8'),
(14, 1, 'Anang Abramzah', 'TSI Blok I‐1'),
(15, 1, 'Rio Yudhoprawiro', 'TSI Blok II‐1'),
(16, 1, 'Syaifudin Dzulkifli', 'TSI Blok II‐2'),
(17, 1, 'Nur Qumaidah', 'TSI Blok II‐3'),
(18, 1, 'Wiko Ferdiansyah', 'TSI Blok II‐3A'),
(19, 1, 'Alfonsus De Deo', 'TSI Blok II‐5'),
(20, 1, 'Henry Faisal', 'TSI Blok II‐6'),
(21, 1, 'Edy Susanto', 'TSI Blok II‐7'),
(22, 1, 'Anang Abramzah', 'TSI Blok II‐8'),
(23, 1, 'Denny Aditya P', 'TSI Blok II‐9'),
(24, 1, 'Koko Anantyo', 'TSI Blok II‐10'),
(25, 1, 'Andri Susanto', 'TSI Blok II‐11'),
(26, 1, 'M Masrufun', 'TSI Blok II‐11A'),
(27, 1, 'Eko Bagus P', 'TSI Blok II‐12'),
(28, 1, 'Oki Prayogo', 'TSI Blok II‐12A'),
(29, 1, 'Rizky Dwi', 'TSI Blok II‐15'),
(30, 1, 'Wiwik Indahyani', 'TSI Blok II‐16'),
(31, 2, 'Sukma', 'TSI Blok III‐1'),
(32, 2, 'Septian Ardiansyah', 'TSI Blok III‐2'),
(33, 2, 'Galuh Fandy A', 'TSI Blok III‐3'),
(34, 2, 'Aji Irawan', 'TSI Blok III‐3A'),
(35, 2, 'Dena', 'TSI Blok III‐5'),
(36, 2, 'Galuh Putra Bagus', 'TSI Blok III‐6'),
(37, 2, 'Nur Nindyatama', 'TSI Blok III‐7'),
(38, 2, 'Adnan', 'TSI Blok III‐8'),
(39, 2, 'Adieb', 'TSI Blok III‐9'),
(40, 2, 'Indra Irawan', 'TSI Blok IIIB‐1'),
(41, 2, 'Rama Prakoso', 'TSI Blok IIIB‐2'),
(42, 2, 'Raditya Erlangga', 'TSI Blok IIIB‐3'),
(43, 2, 'Gunawan', 'TSI Blok IIIB‐3A'),
(44, 2, 'Oky', 'TSI Blok IIIB‐5'),
(45, 2, 'Andi Tri Haryanto', 'TSI Blok IIIB‐6'),
(46, 2, 'Arif Rachmansyah', 'TSI Blok IIIB‐7'),
(47, 2, 'Christian Agave', 'TSI Blok IIIB‐8'),
(48, 3, 'Junior Sunyafian', 'TSI Raya 9'),
(49, 3, 'Aris Choirul', 'TSI Raya 10'),
(50, 3, 'Reza Permana', 'TSI Raya 11'),
(51, 3, 'Yopi Ramdhani', 'TSI Raya 11A'),
(52, 3, 'Prihatmoro', 'TSI Raya 11B'),
(53, 3, 'Defit Sugianto/vivi', 'TSI Raya 12'),
(54, 3, 'Giovanni Anggasta', 'TSI Raya 12A'),
(55, 3, 'Firman Pambudi', 'TSI Raya 12B'),
(56, 3, 'Solikin', 'TSI Raya 15'),
(57, 3, 'Achmad Choirul A', 'TSI Raya 15B'),
(58, 3, 'M Nugrah', 'TSI Raya 16'),
(59, 3, 'Miftahul Faridi', 'TSI Raya 16B'),
(60, 3, 'Satriya', 'TSI Raya 17'),
(61, 3, 'Arif', 'TSI Raya 18'),
(62, 3, 'Erwin Cristiono', 'TSI Raya 19'),
(63, 3, 'Hendi Sandi Putra', 'TSI Raya 20'),
(64, 3, 'Alex Suhariyanto', 'TSI Blok IV‐1'),
(65, 3, 'R Hanindyo Sasongko', 'TSI Blok IV‐2'),
(66, 3, 'Aris Nashari', 'TSI Blok IV‐3'),
(67, 3, 'Adnyana Satrio', 'TSI Blok IV‐3A'),
(68, 3, 'Argi Yudha P', 'TSI Blok IV‐5'),
(69, 3, 'Cahya Eka P', 'TSI Blok IV‐6'),
(70, 3, 'Arif Syaifudin', 'TSI Blok IV‐7'),
(71, 3, 'Rafles E Alexander', 'TSI Blok IV‐8'),
(72, 3, 'Arizky Syahputra', 'TSI Blok IV‐9'),
(73, 4, 'Eko Marsudi', 'TSI Raya 21'),
(74, 4, 'Dwi Yulianto', 'TSI Raya 22'),
(75, 4, 'Wahyu Agung Prasetyo', 'TSI Raya 23'),
(76, 4, 'Firdha', 'TSI Blok V‐1'),
(77, 4, 'Dimas Maulana', 'TSI Blok V‐2'),
(78, 4, 'Fuad Hidayatullah', 'TSI Blok V‐3'),
(79, 4, 'Aditya Panji', 'TSI Blok V‐3A'),
(80, 4, 'Fahrudin Wahabi', 'TSI Blok V‐3B'),
(81, 4, 'Erlina Wijayanti', 'TSI Blok V‐5'),
(82, 4, 'M. Fikrie Ramadhan', 'TSI Blok V‐6'),
(83, 4, 'Rudi Kodriansyah', 'TSI Blok V‐7'),
(84, 4, 'Sugeng Maulana', 'TSI Blok V‐8'),
(85, 4, 'Pang Erga Panghary', 'TSI Blok V‐9'),
(86, 4, 'Dimas W', 'TSI Blok V‐10'),
(87, 4, 'Erwin Eko', 'TSI Blok V‐11'),
(88, 4, 'M. Aris Tri Yunianto', 'TSI Blok V‐11A'),
(89, 4, 'Endro', 'TSI Blok V‐12'),
(90, 4, 'Yoppi', 'TSI Blok V‐12a'),
(91, 4, 'Agus Priyono', 'TSI Blok V‐15'),
(92, 5, 'Yoyok Bagus P', 'TSI Raya 23A'),
(93, 5, 'M Arief Noor Putra', 'TSI Raya 25'),
(94, 5, 'Alpan Irpandi', 'TSI Raya 26'),
(95, 5, 'Ellen Pratiwi', 'TSI Raya 27'),
(96, 5, 'Akhmad Syakhibul F Azhar', 'TSI Raya 28'),
(97, 5, 'Rony Deky Arfianto', 'TSI Raya 29'),
(98, 5, 'Agung Wahyu', 'TSI Raya 30'),
(99, 5, 'Firmansyah Hadi', 'TSI Blok VI‐1'),
(100, 5, 'Sulistiawan', 'TSI Blok VI‐2'),
(101, 5, 'Sugiono', 'TSI Blok VI‐3'),
(102, 5, 'Angger', 'TSI Blok VI‐3A'),
(103, 5, 'Riza Armansyah', 'TSI Blok VI‐3B'),
(104, 5, 'Gatot', 'TSI Blok VI‐5'),
(105, 5, 'Yogi Andi Nata', 'TSI Blok VI‐6'),
(106, 5, 'Niko Permana Kusuma', 'TSI Blok VI‐7'),
(107, 5, 'M. Saefulloh R', 'TSI Blok VI‐8'),
(108, 5, 'Rizal R', 'TSI Blok VI‐9'),
(109, 5, 'David Lukito Dedi', 'TSI Blok VI‐10'),
(110, 5, 'Singgih Satriyo W', 'TSI Blok VI‐11'),
(111, 5, 'Rizky Redi Andika', 'TSI Blok VI‐11a'),
(112, 5, 'Alifian Akbar', 'TSI Blok VI‐12'),
(113, 5, 'Rian Cahya', 'TSI Blok VI‐12A'),
(114, 5, 'M. Ridfan Alief', 'TSI Blok VI‐15'),
(115, 5, 'Rangga Hendradita', 'TSI Blok VI‐16'),
(116, 6, 'Aris Wijanarko / wahyu', 'TSI Raya 31'),
(117, 6, 'Hendra Keswanto', 'TSI Raya 32'),
(118, 6, 'Suluh Salahudin Azmi / H. Hendra Fuaddy', 'TSI Raya 33'),
(119, 6, 'Abdul Latif', 'TSI Raya 33A'),
(120, 6, 'Dedik Setiawan', 'TSI Raya 35'),
(121, 6, 'Gabriel Meze Bela', 'TSI Raya 36'),
(122, 6, 'Eko Jalu Pramono', 'TSI Blok VII‐1'),
(123, 6, 'Setyo Adi Swasono', 'TSI Blok VII‐2'),
(124, 6, 'Riski Marta', 'TSI Blok VII‐3'),
(125, 6, 'Moch Ridwan', 'TSI Blok VII‐3A'),
(126, 6, 'Eko Galih Prasetyo', 'TSI Blok VII‐5'),
(127, 6, 'Dedy Triwibowo', 'TSI Blok VII‐6'),
(128, 6, 'Rizky Briantasyahdita P', 'TSI Blok VII‐7'),
(129, 6, 'Arsad Yanuar Haryanto', 'TSI Blok VII‐8'),
(130, 6, 'Mars Anggi', 'TSI Blok VII‐9'),
(131, 6, 'Zainal Arifin / Tri Adi Setiawan', 'TSI Blok VII‐10'),
(132, 6, 'Anas Hidayat', 'TSI Blok VII‐11'),
(133, 6, 'Dedhy Wahyu Aryadi', 'TSI Blok VII‐11A'),
(134, 6, 'Mochamad syaiful fath / Mochamad Harits', 'TSI Blok VII‐12'),
(135, 6, 'Panca Yully Ahmadi', 'TSI Blok VII‐12A'),
(136, 6, 'Arief Rahman', 'TSI Blok VII‐15'),
(137, 6, 'Dimas saputra alam', 'TSI Blok VII‐16'),
(138, 6, 'David Anggara', 'TSI Blok VII‐17'),
(139, 6, 'Ragita Jati Purbokusumo', 'TSI Blok VII‐18'),
(140, 6, 'Zainal Septiadi Baktiana', 'TSI Blok VII‐19'),
(141, 6, 'Suhartono', 'TSI Blok VII‐20'),
(142, 7, 'Bayu Angga', 'TSI Raya 37'),
(143, 7, 'Arta Dian', 'TSI Raya 38'),
(144, 7, 'Miftahul Huda', 'TSI Raya 39'),
(145, 7, 'M. Sholeh', 'TSI Raya 50'),
(146, 7, 'Budiyana', 'TSI Blok VIII‐1'),
(147, 7, 'Fernando Sufriadi Sitohang', 'TSI Blok VIII‐2'),
(148, 7, 'Rukimah', 'TSI Blok VIII‐3'),
(149, 7, 'Hendrik Elvian Gayuh P', 'TSI Blok VIII‐3A'),
(150, 7, 'Mulyono', 'TSI Blok VIII‐5'),
(151, 7, 'M Julaikan', 'TSI Blok VIII‐6'),
(152, 7, 'Hizam', 'TSI Blok VIII‐7'),
(153, 7, 'Dhani Kispananto', 'TSI Blok VIII‐8'),
(154, 7, 'Cahyo Nugroho', 'TSI Blok VIII‐9'),
(155, 7, 'Rizal Priambodo', 'TSI Blok VIII‐10'),
(156, 7, 'Sonny Tjandrawan', 'TSI Blok VIII‐11'),
(157, 7, 'Ismail Dwi Prakosa', 'TSI Blok VIII‐11A'),
(158, 7, 'Alfandi Choirul Anwar', 'TSI Blok VIII‐12'),
(159, 7, 'Kingkin Angga Firmana S', 'TSI Blok VIII‐12A'),
(160, 7, 'Rahardhimas Rakhmatulloh S', 'TSI Blok VIII‐15'),
(161, 7, 'Ferdy Putra', 'TSI Blok VIII‐16'),
(162, 7, 'Eko Budi Cahyanto', 'TSI Blok VIII‐17'),
(163, 7, 'Judge Eskanto', 'TSI Blok VIII‐18'),
(164, 7, 'Anang Abramsyah', 'TSI Blok VIII‐19'),
(165, 7, 'Muh Saiful Ramadhan', 'TSI Blok VIII‐20'),
(166, 8, 'Endah', 'TSI Raya 51'),
(167, 8, 'Rahayu', 'TSI Raya 52'),
(168, 8, 'Tri Habsari', 'TSI Raya 53'),
(169, 8, 'Eko Prasetya / Aditama', 'TSI Raya 53A'),
(170, 8, 'Febrian Tyahastu', 'TSI Raya 55'),
(171, 8, 'Muhammad Saifudin Zuhri', 'TSI Raya 56'),
(172, 8, 'Kiky Dody Prasetiono', 'TSI Raya 57'),
(173, 8, 'Moh Irvan Fanani', 'TSI Raya 58'),
(174, 8, 'Handoyo', 'TSI Raya 59'),
(175, 8, 'Andi Budi Setiawan', 'TSI Raya 61'),
(176, 8, 'Arfenila Ardiansyah', 'TSI Blok IX‐1'),
(177, 8, 'Samsul Huda AS', 'TSI Blok IX‐2'),
(178, 8, 'Adi Purnomo', 'TSI Blok IX‐3'),
(179, 8, 'Dammara Perdana Oktobahari', 'TSI Blok IX‐3A'),
(180, 8, 'Degita wahyuningtyas', 'TSI Blok IX‐5'),
(181, 8, 'Agus Setiawan', 'TSI Blok IX‐6'),
(182, 8, 'Lina Indah Sari', 'TSI Blok IX‐7'),
(183, 8, 'Riky Mufti Ghozali', 'TSI Blok IX‐8'),
(184, 8, 'Lustiawan', 'TSI Blok IX‐9'),
(185, 8, 'Aditya Wahyu Saputra', 'TSI Blok IX‐10'),
(186, 8, 'Radyan Errytianta', 'TSI Blok X‐1'),
(187, 8, 'Selvia Tiorma', 'TSI Blok X‐2'),
(188, 8, 'Novandi Amiludin', 'TSI Blok X‐3A'),
(189, 8, 'Muhammad Rachmano', 'TSI Blok XI‐1'),
(190, 8, 'Aria Shalendra', 'TSI Blok XI‐2'),
(191, 8, 'Shella Oktavia Maulida', 'TSI Blok XI‐3'),
(192, 8, 'Randy', 'TSI Blok XI‐3A'),
(193, 8, 'Maulana Aziz Prasetya', 'TSI Blok XI‐7'),
(194, 8, 'Anastasia/Aditama', 'TSI Blok XI‐8'),
(195, 9, 'Anang Subiantoro', 'TSI Blok X‐1B'),
(196, 9, 'Aloysius Eric', 'TSI Blok X‐2B'),
(197, 9, 'Ramadhitya Hanning', 'TSI Blok X‐3B'),
(198, 9, 'Eko Singgih', 'TSI Blok X‐5B');

-- --------------------------------------------------------

--
-- Table structure for table `master_users`
--

CREATE TABLE `master_users` (
  `id` int NOT NULL,
  `id_rumah` varchar(255) CHARACTER SET utf8mb4 COLLATE utf8mb4_0900_ai_ci DEFAULT NULL,
  `id_koordinator` bigint DEFAULT NULL,
  `nama` varchar(100) CHARACTER SET utf8mb4 COLLATE utf8mb4_0900_ai_ci NOT NULL,
  `rumah` varchar(20) CHARACTER SET utf8mb4 COLLATE utf8mb4_0900_ai_ci DEFAULT NULL,
  `username` varchar(255) CHARACTER SET utf8mb4 COLLATE utf8mb4_0900_ai_ci DEFAULT NULL,
  `password` varchar(255) CHARACTER SET utf8mb4 COLLATE utf8mb4_0900_ai_ci DEFAULT NULL
) ENGINE=InnoDB DEFAULT CHARSET=utf8mb4 COLLATE=utf8mb4_0900_ai_ci ROW_FORMAT=DYNAMIC;

--
-- Dumping data for table `master_users`
--

INSERT INTO `master_users` (`id`, `id_rumah`, `id_koordinator`, `nama`, `rumah`, `username`, `password`) VALUES
(1, '1', 1, 'Hikmah Store', 'Ruha 1', NULL, NULL),
(2, '2', 1, '', 'Ruha 3a', NULL, NULL),
(3, '3', 1, 'Alfa madura', 'Ruha 5', NULL, NULL),
(4, '4', 1, 'Dee shop', 'Ruha 6', NULL, NULL),
(5, '5', 1, 'Dee shop', 'Ruha 7', NULL, NULL),
(6, '6', 1, 'Hilmi Hanif', 'TSI Raya 1', NULL, NULL),
(7, '7', 1, 'Ratih Rahmasari', 'TSI Raya 2', NULL, NULL),
(8, '8', 1, 'Warno', 'TSI Raya 3', NULL, NULL),
(9, '9', 1, 'Wahi rical/Jantje Wairisal', 'TSI Raya 3a', NULL, NULL),
(10, '10', 1, 'Rachel Lusiana', 'TSI Raya 5', NULL, NULL),
(11, '11', 1, 'Melinda Losita', 'TSI Raya 6', NULL, NULL),
(12, '12', 1, 'Ari Kurniawan', 'TSI Raya 7', NULL, NULL),
(13, '13', 1, 'Afdolu Nasikin', 'TSI Raya 8', NULL, NULL),
(14, '14', 1, 'Anang Abramzah', 'TSI Blok I‐1', NULL, NULL),
(15, '15', 1, 'Rio Yudhoprawiro', 'TSI Blok II‐1', NULL, NULL),
(16, '16', 1, 'Syaifudin Dzulkifli', 'TSI Blok II‐2', NULL, NULL),
(17, '17', 1, 'Nur Qumaidah', 'TSI Blok II‐3', NULL, NULL),
(18, '18', 1, 'Wiko Ferdiansyah', 'TSI Blok II‐3A', NULL, NULL),
(19, '19', 1, 'Alfonsus De Deo', 'TSI Blok II‐5', NULL, NULL),
(20, '20', 1, 'Henry Faisal', 'TSI Blok II‐6', NULL, NULL),
(21, '21', 1, 'Edy Susanto', 'TSI Blok II‐7', NULL, NULL),
(22, '22', 1, 'Anang Abramzah', 'TSI Blok II‐8', NULL, NULL),
(23, '23', 1, 'Denny Aditya P', 'TSI Blok II‐9', NULL, NULL),
(24, '24', 1, 'Koko Anantyo', 'TSI Blok II‐10', NULL, NULL),
(25, '25', 1, 'Andri Susanto', 'TSI Blok II‐11', NULL, NULL),
(26, '26', 1, 'M Masrufun', 'TSI Blok II‐11A', NULL, NULL),
(27, '27', 1, 'Eko Bagus P', 'TSI Blok II‐12', NULL, NULL),
(28, '28', 1, 'Oki Prayogo', 'TSI Blok II‐12A', NULL, NULL),
(29, '29', 1, 'Rizky Dwi', 'TSI Blok II‐15', NULL, NULL),
(30, '30', 1, 'Wiwik Indahyani', 'TSI Blok II‐16', NULL, NULL),
(31, '31', 2, 'Sukma', 'TSI Blok III‐1', NULL, NULL),
(32, '32', 2, 'Septian Ardiansyah', 'TSI Blok III‐2', NULL, NULL),
(33, '33', 2, 'Galuh Fandy A', 'TSI Blok III‐3', NULL, NULL),
(34, '34', 2, 'Aji Irawan', 'TSI Blok III‐3A', NULL, NULL),
(35, '35', 2, 'Dena', 'TSI Blok III‐5', NULL, NULL),
(36, '36', 2, 'Galuh Putra Bagus', 'TSI Blok III‐6', NULL, NULL),
(37, '37', 2, 'Nur Nindyatama', 'TSI Blok III‐7', NULL, NULL),
(38, '38', 2, 'Adnan', 'TSI Blok III‐8', NULL, NULL),
(39, '39', 2, 'Adieb', 'TSI Blok III‐9', NULL, NULL),
(40, '40', 2, 'Indra Irawan', 'TSI Blok IIIB‐1', NULL, NULL),
(41, '41', 2, 'Rama Prakoso', 'TSI Blok IIIB‐2', NULL, NULL),
(42, '42', 2, 'Raditya Erlangga', 'TSI Blok IIIB‐3', NULL, NULL),
(43, '43', 2, 'Gunawan', 'TSI Blok IIIB‐3A', NULL, NULL),
(44, '44', 2, 'Oky', 'TSI Blok IIIB‐5', NULL, NULL),
(45, '45', 2, 'Andi Tri Haryanto', 'TSI Blok IIIB‐6', NULL, NULL),
(46, '46', 2, 'Arif Rachmansyah', 'TSI Blok IIIB‐7', NULL, NULL),
(47, '47', 2, 'Christian Agave', 'TSI Blok IIIB‐8', NULL, NULL),
(48, '48', 3, 'Junior Sunyafian', 'TSI Raya 9', NULL, NULL),
(49, '49', 3, 'Aris Choirul', 'TSI Raya 10', NULL, NULL),
(50, '50', 3, 'Reza Permana', 'TSI Raya 11', NULL, NULL),
(51, '51', 3, 'Yopi Ramdhani', 'TSI Raya 11A', NULL, NULL),
(52, '52', 3, 'Prihatmoro', 'TSI Raya 11B', NULL, NULL),
(53, '53', 3, 'Defit Sugianto/vivi', 'TSI Raya 12', NULL, NULL),
(54, '54', 3, 'Giovanni Anggasta', 'TSI Raya 12A', NULL, NULL),
(55, '55', 3, 'Firman Pambudi', 'TSI Raya 12B', NULL, NULL),
(56, '56', 3, 'Solikin', 'TSI Raya 15', NULL, NULL),
(57, '57', 3, 'Achmad Choirul A', 'TSI Raya 15B', NULL, NULL),
(58, '58', 3, 'M Nugrah', 'TSI Raya 16', NULL, NULL),
(59, '59', 3, 'Miftahul Faridi', 'TSI Raya 16B', NULL, NULL),
(60, '60', 3, 'Satriya', 'TSI Raya 17', NULL, NULL),
(61, '61', 3, 'Arif', 'TSI Raya 18', NULL, NULL),
(62, '62', 3, 'Erwin Cristiono', 'TSI Raya 19', NULL, NULL),
(63, '63', 3, 'Hendi Sandi Putra', 'TSI Raya 20', NULL, NULL),
(64, '64', 3, 'Alex Suhariyanto', 'TSI Blok IV‐1', NULL, NULL),
(65, '65', 3, 'R Hanindyo Sasongko', 'TSI Blok IV‐2', NULL, NULL),
(66, '66', 3, 'Aris Nashari', 'TSI Blok IV‐3', NULL, NULL),
(67, '67', 3, 'Adnyana Satrio', 'TSI Blok IV‐3A', NULL, NULL),
(68, '68', 3, 'Argi Yudha P', 'TSI Blok IV‐5', NULL, NULL),
(69, '69', 3, 'Cahya Eka P', 'TSI Blok IV‐6', NULL, NULL),
(70, '70', 3, 'Arif Syaifudin', 'TSI Blok IV‐7', NULL, NULL),
(71, '71', 3, 'Rafles E Alexander', 'TSI Blok IV‐8', NULL, NULL),
(72, '72', 3, 'Arizky Syahputra', 'TSI Blok IV‐9', NULL, NULL),
(73, '73', 4, 'Eko Marsudi', 'TSI Raya 21', NULL, NULL),
(74, '74', 4, 'Dwi Yulianto', 'TSI Raya 22', NULL, NULL),
(75, '75', 4, 'Wahyu Agung Prasetyo', 'TSI Raya 23', NULL, NULL),
(76, '76', 4, 'Firdha', 'TSI Blok V‐1', NULL, NULL),
(77, '77', 4, 'Dimas Maulana', 'TSI Blok V‐2', NULL, NULL),
(78, '78', 4, 'Fuad Hidayatullah', 'TSI Blok V‐3', NULL, NULL),
(79, '79', 4, 'Aditya Panji', 'TSI Blok V‐3A', NULL, NULL),
(80, '80', 4, 'Fahrudin Wahabi', 'TSI Blok V‐3B', NULL, NULL),
(81, '81', 4, 'Erlina Wijayanti', 'TSI Blok V‐5', NULL, NULL),
(82, '82', 4, 'M. Fikrie Ramadhan', 'TSI Blok V‐6', NULL, NULL),
(83, '83', 4, 'Rudi Kodriansyah', 'TSI Blok V‐7', NULL, NULL),
(84, '84', 4, 'Sugeng Maulana', 'TSI Blok V‐8', NULL, NULL),
(85, '85', 4, 'Pang Erga Panghary', 'TSI Blok V‐9', NULL, NULL),
(86, '86', 4, 'Dimas W', 'TSI Blok V‐10', NULL, NULL),
(87, '87', 4, 'Erwin Eko', 'TSI Blok V‐11', NULL, NULL),
(88, '88', 4, 'M. Aris Tri Yunianto', 'TSI Blok V‐11A', NULL, NULL),
(89, '89', 4, 'Endro', 'TSI Blok V‐12', NULL, NULL),
(90, '90', 4, 'Yoppi', 'TSI Blok V‐12a', NULL, NULL),
(91, '91', 4, 'Agus Priyono', 'TSI Blok V‐15', NULL, NULL),
(92, '92', 5, 'Yoyok Bagus P', 'TSI Raya 23A', NULL, NULL),
(93, '93', 5, 'M Arief Noor Putra', 'TSI Raya 25', NULL, NULL),
(94, '94', 5, 'Alpan Irpandi', 'TSI Raya 26', NULL, NULL),
(95, '95', 5, 'Ellen Pratiwi', 'TSI Raya 27', NULL, NULL),
(96, '96', 5, 'Akhmad Syakhibul F Azhar', 'TSI Raya 28', NULL, NULL),
(97, '97', 5, 'Rony Deky Arfianto', 'TSI Raya 29', NULL, NULL),
(98, '98', 5, 'Agung Wahyu', 'TSI Raya 30', NULL, NULL),
(99, '99', 5, 'Firmansyah Hadi', 'TSI Blok VI‐1', NULL, NULL),
(100, '100', 5, 'Sulistiawan', 'TSI Blok VI‐2', NULL, NULL),
(101, '101', 5, 'Sugiono', 'TSI Blok VI‐3', NULL, NULL),
(102, '102', 5, 'Angger', 'TSI Blok VI‐3A', NULL, NULL),
(103, '103', 5, 'Riza Armansyah', 'TSI Blok VI‐3B', NULL, NULL),
(104, '104', 5, 'Gatot', 'TSI Blok VI‐5', NULL, NULL),
(105, '105', 5, 'Yogi Andi Nata', 'TSI Blok VI‐6', NULL, NULL),
(106, '106', 5, 'Niko Permana Kusuma', 'TSI Blok VI‐7', NULL, NULL),
(107, '107', 5, 'M. Saefulloh R', 'TSI Blok VI‐8', NULL, NULL),
(108, '108', 5, 'Rizal R', 'TSI Blok VI‐9', NULL, NULL),
(109, '109', 5, 'David Lukito Dedi', 'TSI Blok VI‐10', NULL, NULL),
(110, '110', 5, 'Singgih Satriyo W', 'TSI Blok VI‐11', NULL, NULL),
(111, '111', 5, 'Rizky Redi Andika', 'TSI Blok VI‐11a', NULL, NULL),
(112, '112', 5, 'Alifian Akbar', 'TSI Blok VI‐12', NULL, NULL),
(113, '113', 5, 'Rian Cahya', 'TSI Blok VI‐12A', NULL, NULL),
(114, '114', 5, 'M. Ridfan Alief', 'TSI Blok VI‐15', NULL, NULL),
(115, '115', 5, 'Rangga Hendradita', 'TSI Blok VI‐16', NULL, NULL),
(116, '116', 6, 'Aris Wijanarko / wahyu', 'TSI Raya 31', NULL, NULL),
(117, '117', 6, 'Hendra Keswanto', 'TSI Raya 32', NULL, NULL),
(118, '118', 6, 'Suluh Salahudin Azmi / H. Hendra Fuaddy', 'TSI Raya 33', NULL, NULL),
(119, '119', 6, 'Abdul Latif', 'TSI Raya 33A', NULL, NULL),
(120, '120', 6, 'Dedik Setiawan', 'TSI Raya 35', NULL, NULL),
(121, '121', 6, 'Gabriel Meze Bela', 'TSI Raya 36', NULL, NULL),
(122, '122', 6, 'Eko Jalu Pramono', 'TSI Blok VII‐1', NULL, NULL),
(123, '123', 6, 'Setyo Adi Swasono', 'TSI Blok VII‐2', NULL, NULL),
(124, '124', 6, 'Riski Marta', 'TSI Blok VII‐3', NULL, NULL),
(125, '125', 6, 'Moch Ridwan', 'TSI Blok VII‐3A', NULL, NULL),
(126, '126', 6, 'Eko Galih Prasetyo', 'TSI Blok VII‐5', NULL, NULL),
(127, '127', 6, 'Dedy Triwibowo', 'TSI Blok VII‐6', NULL, NULL),
(128, '128', 6, 'Rizky Briantasyahdita P', 'TSI Blok VII‐7', NULL, NULL),
(129, '129', 6, 'Arsad Yanuar Haryanto', 'TSI Blok VII‐8', NULL, NULL),
(130, '130', 6, 'Mars Anggi', 'TSI Blok VII‐9', NULL, NULL),
(131, '131', 6, 'Zainal Arifin / Tri Adi Setiawan', 'TSI Blok VII‐10', NULL, NULL),
(132, '132', 6, 'Anas Hidayat', 'TSI Blok VII‐11', NULL, NULL),
(133, '133', 6, 'Dedhy Wahyu Aryadi', 'TSI Blok VII‐11A', NULL, NULL),
(134, '134', 6, 'Mochamad syaiful fath / Mochamad Harits', 'TSI Blok VII‐12', NULL, NULL),
(135, '135', 6, 'Panca Yully Ahmadi', 'TSI Blok VII‐12A', NULL, NULL),
(136, '136', 6, 'Arief Rahman', 'TSI Blok VII‐15', NULL, NULL),
(137, '137', 6, 'Dimas saputra alam', 'TSI Blok VII‐16', NULL, NULL),
(138, '138', 6, 'David Anggara', 'TSI Blok VII‐17', NULL, NULL),
(139, '139', 6, 'Ragita Jati Purbokusumo', 'TSI Blok VII‐18', NULL, NULL),
(140, '140', 6, 'Zainal Septiadi Baktiana', 'TSI Blok VII‐19', NULL, NULL),
(141, '141', 6, 'Suhartono', 'TSI Blok VII‐20', NULL, NULL),
(142, '142', 7, 'Bayu Angga', 'TSI Raya 37', NULL, NULL),
(143, '143', 7, 'Arta Dian', 'TSI Raya 38', NULL, NULL),
(144, '144', 7, 'Miftahul Huda', 'TSI Raya 39', NULL, NULL),
(145, '145', 7, 'M. Sholeh', 'TSI Raya 50', NULL, NULL),
(146, '146', 7, 'Budiyana', 'TSI Blok VIII‐1', NULL, NULL),
(147, '147', 7, 'Fernando Sufriadi Sitohang', 'TSI Blok VIII‐2', NULL, NULL),
(148, '148', 7, 'Rukimah', 'TSI Blok VIII‐3', NULL, NULL),
(149, '149', 7, 'Hendrik Elvian Gayuh P', 'TSI Blok VIII‐3A', NULL, NULL),
(150, '150', 7, 'Mulyono', 'TSI Blok VIII‐5', NULL, NULL),
(151, '151', 7, 'M Julaikan', 'TSI Blok VIII‐6', NULL, NULL),
(152, '152', 7, 'Hizam', 'TSI Blok VIII‐7', NULL, NULL),
(153, '153', 7, 'Dhani Kispananto', 'TSI Blok VIII‐8', NULL, NULL),
(154, '154', 7, 'Cahyo Nugroho', 'TSI Blok VIII‐9', NULL, NULL),
(155, '155', 7, 'Rizal Priambodo', 'TSI Blok VIII‐10', NULL, NULL),
(156, '156', 7, 'Sonny Tjandrawan', 'TSI Blok VIII‐11', NULL, NULL),
(157, '157', 7, 'Ismail Dwi Prakosa', 'TSI Blok VIII‐11A', NULL, NULL),
(158, '158', 7, 'Alfandi Choirul Anwar', 'TSI Blok VIII‐12', NULL, NULL),
(159, '159', 7, 'Kingkin Angga Firmana S', 'TSI Blok VIII‐12A', NULL, NULL),
(160, '160', 7, 'Rahardhimas Rakhmatulloh S', 'TSI Blok VIII‐15', NULL, NULL),
(161, '161', 7, 'Ferdy Putra', 'TSI Blok VIII‐16', NULL, NULL),
(162, '162', 7, 'Eko Budi Cahyanto', 'TSI Blok VIII‐17', NULL, NULL),
(163, '163', 7, 'Judge Eskanto', 'TSI Blok VIII‐18', NULL, NULL),
(164, '164', 7, 'Anang Abramsyah', 'TSI Blok VIII‐19', NULL, NULL),
(165, '165', 7, 'Muh Saiful Ramadhan', 'TSI Blok VIII‐20', NULL, NULL),
(166, '166', 8, 'Endah', 'TSI Raya 51', NULL, NULL),
(167, '167', 8, 'Rahayu', 'TSI Raya 52', NULL, NULL),
(168, '168', 8, 'Tri Habsari', 'TSI Raya 53', NULL, NULL),
(169, '169', 8, 'Eko Prasetya / Aditama', 'TSI Raya 53A', NULL, NULL),
(170, '170', 8, 'Febrian Tyahastu', 'TSI Raya 55', NULL, NULL),
(171, '171', 8, 'Muhammad Saifudin Zuhri', 'TSI Raya 56', NULL, NULL),
(172, '172', 8, 'Kiky Dody Prasetiono', 'TSI Raya 57', NULL, NULL),
(173, '173', 8, 'Moh Irvan Fanani', 'TSI Raya 58', NULL, NULL),
(174, '174', 8, 'Handoyo', 'TSI Raya 59', NULL, NULL),
(175, '175', 8, 'Andi Budi Setiawan', 'TSI Raya 61', NULL, NULL),
(176, '176', 8, 'Arfenila Ardiansyah', 'TSI Blok IX‐1', NULL, NULL),
(177, '177', 8, 'Samsul Huda AS', 'TSI Blok IX‐2', NULL, NULL),
(178, '178', 8, 'Adi Purnomo', 'TSI Blok IX‐3', NULL, NULL),
(179, '179', 8, 'Dammara Perdana Oktobahari', 'TSI Blok IX‐3A', NULL, NULL),
(180, '180', 8, 'Degita wahyuningtyas', 'TSI Blok IX‐5', NULL, NULL),
(181, '181', 8, 'Agus Setiawan', 'TSI Blok IX‐6', NULL, NULL),
(182, '182', 8, 'Lina Indah Sari', 'TSI Blok IX‐7', NULL, NULL),
(183, '183', 8, 'Riky Mufti Ghozali', 'TSI Blok IX‐8', NULL, NULL),
(184, '184', 8, 'Lustiawan', 'TSI Blok IX‐9', NULL, NULL),
(185, '185', 8, 'Aditya Wahyu Saputra', 'TSI Blok IX‐10', NULL, NULL),
(186, '186', 8, 'Radyan Errytianta', 'TSI Blok X‐1', NULL, NULL),
(187, '187', 8, 'Selvia Tiorma', 'TSI Blok X‐2', NULL, NULL),
(188, '188', 8, 'Novandi Amiludin', 'TSI Blok X‐3A', NULL, NULL),
(189, '189', 8, 'Muhammad Rachmano', 'TSI Blok XI‐1', NULL, NULL),
(190, '190', 8, 'Aria Shalendra', 'TSI Blok XI‐2', NULL, NULL),
(191, '191', 8, 'Shella Oktavia Maulida', 'TSI Blok XI‐3', NULL, NULL),
(192, '192', 8, 'Randy', 'TSI Blok XI‐3A', NULL, NULL),
(193, '193', 8, 'Maulana Aziz Prasetya', 'TSI Blok XI‐7', NULL, NULL),
(194, '194', 8, 'Anastasia/Aditama', 'TSI Blok XI‐8', NULL, NULL),
(195, '195', 9, 'Anang Subiantoro', 'TSI Blok X‐1B', NULL, NULL),
(196, '196', 9, 'Aloysius Eric', 'TSI Blok X‐2B', NULL, NULL),
(197, '197', 9, 'Ramadhitya Hanning', 'TSI Blok X‐3B', NULL, NULL),
(198, '198', 9, 'Eko Singgih', 'TSI Blok X‐5B', NULL, NULL);

-- --------------------------------------------------------

--
-- Table structure for table `t_pengeluaran`
--

CREATE TABLE `t_pengeluaran` (
  `id` int NOT NULL,
  `jenis_pengeluaran` varchar(20) COLLATE utf8mb4_general_ci NOT NULL COMMENT 'reff on master_code, pengeluaran',
  `deskripsi` varchar(200) COLLATE utf8mb4_general_ci NOT NULL,
  `nominal` float NOT NULL,
  `tanggal` date NOT NULL,
  `keterangan` text COLLATE utf8mb4_general_ci,
  `active_status` tinyint(1) DEFAULT '1',
  `created_at` timestamp NULL DEFAULT NULL,
  `updated_at` timestamp NULL DEFAULT NULL ON UPDATE CURRENT_TIMESTAMP
) ENGINE=InnoDB DEFAULT CHARSET=utf8mb4 COLLATE=utf8mb4_general_ci;

--
-- Dumping data for table `t_pengeluaran`
--

INSERT INTO `t_pengeluaran` (`id`, `jenis_pengeluaran`, `deskripsi`, `nominal`, `tanggal`, `keterangan`, `active_status`, `created_at`, `updated_at`) VALUES
(1, 'GS', 'Gaji Satpam bulan April', 2000000, '2025-05-31', 'Gaji Satpam', 1, '2025-05-24 13:14:48', '2025-05-24 14:29:41'),
(3, 'SA', 'Perbaikan Pompa', 200000, '2025-05-22', ' perbaikan mesin pompa air untuk kebutuhan penyiraman taman para gardener', 1, '2025-05-24 13:45:18', '2025-05-24 13:45:18');

--
-- Indexes for dumped tables
--

--
-- Indexes for table `log_pengiriman_wa_ipl`
--
ALTER TABLE `log_pengiriman_wa_ipl`
  ADD PRIMARY KEY (`id`);

--
-- Indexes for table `master_admin`
--
ALTER TABLE `master_admin`
  ADD PRIMARY KEY (`id`) USING BTREE;

--
-- Indexes for table `master_agenda`
--
ALTER TABLE `master_agenda`
  ADD PRIMARY KEY (`id`) USING BTREE;

--
-- Indexes for table `master_anggota_keluarga`
--
ALTER TABLE `master_anggota_keluarga`
  ADD PRIMARY KEY (`id`),
  ADD KEY `keluarga_id` (`keluarga_id`);

--
-- Indexes for table `master_cicilan_pelunasan_bulan`
--
ALTER TABLE `master_cicilan_pelunasan_bulan`
  ADD PRIMARY KEY (`id`),
  ADD KEY `cicilan_id` (`cicilan_id`);

--
-- Indexes for table `master_detail_cicilan`
--
ALTER TABLE `master_detail_cicilan`
  ADD PRIMARY KEY (`id`),
  ADD KEY `pembayaran_id` (`pembayaran_id`);

--
-- Indexes for table `master_detail_pembayaran_bulanan`
--
ALTER TABLE `master_detail_pembayaran_bulanan`
  ADD PRIMARY KEY (`id`),
  ADD KEY `pembayaran_id` (`pembayaran_id`);

--
-- Indexes for table `master_keluarga`
--
ALTER TABLE `master_keluarga`
  ADD PRIMARY KEY (`id`);

--
-- Indexes for table `master_koordinator_blok`
--
ALTER TABLE `master_koordinator_blok`
  ADD PRIMARY KEY (`id`) USING BTREE;

--
-- Indexes for table `master_partisipant`
--
ALTER TABLE `master_partisipant`
  ADD PRIMARY KEY (`id`) USING BTREE,
  ADD KEY `fk_agenda_partisipan` (`agenda_id`) USING BTREE;

--
-- Indexes for table `master_pembayaran`
--
ALTER TABLE `master_pembayaran`
  ADD PRIMARY KEY (`id`),
  ADD KEY `master_pembayaran_ibfk_1` (`user_id`);

--
-- Indexes for table `master_rumah`
--
ALTER TABLE `master_rumah`
  ADD PRIMARY KEY (`id`) USING BTREE;

--
-- Indexes for table `master_users`
--
ALTER TABLE `master_users`
  ADD PRIMARY KEY (`id`) USING BTREE;

--
-- Indexes for table `t_pengeluaran`
--
ALTER TABLE `t_pengeluaran`
  ADD PRIMARY KEY (`id`);

--
-- AUTO_INCREMENT for dumped tables
--

--
-- AUTO_INCREMENT for table `log_pengiriman_wa_ipl`
--
ALTER TABLE `log_pengiriman_wa_ipl`
  MODIFY `id` int NOT NULL AUTO_INCREMENT;

--
-- AUTO_INCREMENT for table `master_agenda`
--
ALTER TABLE `master_agenda`
  MODIFY `id` int NOT NULL AUTO_INCREMENT, AUTO_INCREMENT=11;

--
-- AUTO_INCREMENT for table `master_anggota_keluarga`
--
ALTER TABLE `master_anggota_keluarga`
  MODIFY `id` int NOT NULL AUTO_INCREMENT, AUTO_INCREMENT=135;

--
-- AUTO_INCREMENT for table `master_cicilan_pelunasan_bulan`
--
ALTER TABLE `master_cicilan_pelunasan_bulan`
  MODIFY `id` int NOT NULL AUTO_INCREMENT;

--
-- AUTO_INCREMENT for table `master_detail_cicilan`
--
ALTER TABLE `master_detail_cicilan`
  MODIFY `id` int NOT NULL AUTO_INCREMENT;

--
-- AUTO_INCREMENT for table `master_detail_pembayaran_bulanan`
--
ALTER TABLE `master_detail_pembayaran_bulanan`
  MODIFY `id` int NOT NULL AUTO_INCREMENT;

--
-- AUTO_INCREMENT for table `master_keluarga`
--
ALTER TABLE `master_keluarga`
  MODIFY `id` int NOT NULL AUTO_INCREMENT, AUTO_INCREMENT=189;

--
-- AUTO_INCREMENT for table `master_koordinator_blok`
--
ALTER TABLE `master_koordinator_blok`
  MODIFY `id` int NOT NULL AUTO_INCREMENT, AUTO_INCREMENT=10;

--
-- AUTO_INCREMENT for table `master_partisipant`
--
ALTER TABLE `master_partisipant`
  MODIFY `id` int NOT NULL AUTO_INCREMENT, AUTO_INCREMENT=82;

--
-- AUTO_INCREMENT for table `master_pembayaran`
--
ALTER TABLE `master_pembayaran`
  MODIFY `id` int NOT NULL AUTO_INCREMENT, AUTO_INCREMENT=153;

--
-- AUTO_INCREMENT for table `master_rumah`
--
ALTER TABLE `master_rumah`
  MODIFY `id` int NOT NULL AUTO_INCREMENT, AUTO_INCREMENT=199;

--
-- AUTO_INCREMENT for table `master_users`
--
ALTER TABLE `master_users`
  MODIFY `id` int NOT NULL AUTO_INCREMENT, AUTO_INCREMENT=199;

--
-- AUTO_INCREMENT for table `t_pengeluaran`
--
ALTER TABLE `t_pengeluaran`
  MODIFY `id` int NOT NULL AUTO_INCREMENT, AUTO_INCREMENT=4;

--
-- Constraints for dumped tables
--

--
-- Constraints for table `master_anggota_keluarga`
--
ALTER TABLE `master_anggota_keluarga`
  ADD CONSTRAINT `master_anggota_keluarga_ibfk_1` FOREIGN KEY (`keluarga_id`) REFERENCES `master_keluarga` (`id`) ON DELETE CASCADE;

--
-- Constraints for table `master_cicilan_pelunasan_bulan`
--
ALTER TABLE `master_cicilan_pelunasan_bulan`
  ADD CONSTRAINT `master_cicilan_pelunasan_bulan_ibfk_1` FOREIGN KEY (`cicilan_id`) REFERENCES `master_detail_cicilan` (`id`);

--
-- Constraints for table `master_detail_cicilan`
--
ALTER TABLE `master_detail_cicilan`
  ADD CONSTRAINT `master_detail_cicilan_ibfk_1` FOREIGN KEY (`pembayaran_id`) REFERENCES `master_pembayaran` (`id`);

--
-- Constraints for table `master_detail_pembayaran_bulanan`
--
ALTER TABLE `master_detail_pembayaran_bulanan`
  ADD CONSTRAINT `master_detail_pembayaran_bulanan_ibfk_1` FOREIGN KEY (`pembayaran_id`) REFERENCES `master_pembayaran` (`id`);

--
-- Constraints for table `master_partisipant`
--
ALTER TABLE `master_partisipant`
  ADD CONSTRAINT `fk_agenda_partisipan` FOREIGN KEY (`agenda_id`) REFERENCES `master_agenda` (`id`) ON DELETE CASCADE ON UPDATE CASCADE;

--
-- Constraints for table `master_pembayaran`
--
ALTER TABLE `master_pembayaran`
  ADD CONSTRAINT `master_pembayaran_ibfk_1` FOREIGN KEY (`user_id`) REFERENCES `master_users` (`id`);
COMMIT;

/*!40101 SET CHARACTER_SET_CLIENT=@OLD_CHARACTER_SET_CLIENT */;
/*!40101 SET CHARACTER_SET_RESULTS=@OLD_CHARACTER_SET_RESULTS */;
/*!40101 SET COLLATION_CONNECTION=@OLD_COLLATION_CONNECTION */;
